-- phpMyAdmin SQL Dump
-- version 4.7.7
-- https://www.phpmyadmin.net/
--
-- Host: localhost:3306
-- Tempo de geração: 07/07/2018 às 22:06
-- Versão do servidor: 5.6.39-83.1
-- Versão do PHP: 5.6.30

SET SQL_MODE = "NO_AUTO_VALUE_ON_ZERO";
SET AUTOCOMMIT = 0;
START TRANSACTION;
SET time_zone = "+00:00";


/*!40101 SET @OLD_CHARACTER_SET_CLIENT=@@CHARACTER_SET_CLIENT */;
/*!40101 SET @OLD_CHARACTER_SET_RESULTS=@@CHARACTER_SET_RESULTS */;
/*!40101 SET @OLD_COLLATION_CONNECTION=@@COLLATION_CONNECTION */;
/*!40101 SET NAMES utf8mb4 */;

--
-- Banco de dados: `cecalegr_sacta`
--
CREATE DATABASE IF NOT EXISTS `cecalegr_sacta` DEFAULT CHARACTER SET utf8 COLLATE utf8_unicode_ci;
USE `cecalegr_sacta`;

-- --------------------------------------------------------

--
-- Estrutura para tabela `atividades`
--

CREATE TABLE `atividades` (
  `idatividade` int(11) NOT NULL,
  `nome` varchar(150) COLLATE utf8_unicode_ci NOT NULL,
  `descricao` varchar(100) COLLATE utf8_unicode_ci DEFAULT NULL,
  `inicio` datetime NOT NULL,
  `fim` datetime NOT NULL,
  `cargaHoraria` time NOT NULL,
  `idtipoAtividade` int(11) NOT NULL,
  `idintervaloAtividade` int(11) DEFAULT NULL,
  `idlocalAtividade` int(11) NOT NULL,
  `ministrante` varchar(150) COLLATE utf8_unicode_ci NOT NULL
) ENGINE=InnoDB DEFAULT CHARSET=utf8 COLLATE=utf8_unicode_ci;

--
-- Fazendo dump de dados para tabela `atividades`
--

INSERT INTO `atividades` (`idatividade`, `nome`, `descricao`, `inicio`, `fim`, `cargaHoraria`, `idtipoAtividade`, `idintervaloAtividade`, `idlocalAtividade`, `ministrante`) VALUES
(1, 'Palestra Oficial de Abertura - Unipampa e o desenvolvimento Tecnológico - Projeto Luvas Inteligentes ', 'Público alvo: LIVRE', '2018-06-25 14:00:00', '2018-06-25 16:00:00', '02:00:00', 4, NULL, 1, 'Prof. Alessandro Girardi e acadêmicos do projeto'),
(2, 'Aditivos Quimicos para concretos e argamassa', 'Público alvo: Engenharia Civil', '2018-06-25 16:30:00', '2018-06-25 18:00:00', '02:00:00', 4, 2, 1, 'Marcos Rorato / BUILDER'),
(3, 'Injeção Eletrônica - Introdução e conceitos básicos', 'Público alvo: Engenharia Elétrica - Engenharia Mecânica', '2018-06-25 16:30:00', '2018-06-25 18:00:00', '02:00:00', 3, NULL, 5, 'Lucas Rodrigues / Unipampa Campus Alegrete'),
(4, 'Arduino e Prototipagem (Teoria/Prática - Básico)', 'Público alvo: Ciência da Computação - Engenharia de Software', '2018-06-25 19:00:00', '2018-06-25 22:30:00', '04:00:00', 3, 3, 3, 'David Martins / LABSIM (Unipampa Itaqui)'),
(5, 'Barragens de Terra', 'Público alvo: Engenharia Civil - Engenharia Agrícola', '2018-06-26 10:30:00', '2018-06-26 12:00:00', '02:00:00', 4, NULL, 21, 'Jaelson Budny / Unipampa Alegrete'),
(6, 'Photoshop para iniciantes', 'Público alvo: Livre', '2018-06-25 19:00:00', '2018-06-25 22:30:00', '04:00:00', 3, 3, 2, 'Adriel Rodrigues / Unipampa Alegrete'),
(7, 'Prototipagem Virtual - Simulação via CFD - Higra: Inovação e Sustentabilidade', 'Público alvo: Engenharia Elétrica', '2018-06-26 08:30:00', '2018-06-26 10:00:00', '02:00:00', 4, NULL, 1, 'Greco Tusset de Moura - Diretor Técnico da HIGRA'),
(8, 'Excel Básico - Parte 1 e Parte 2', 'Público alvo: Livre', '2018-06-26 08:30:00', '2018-06-26 12:00:00', '04:00:00', 3, 4, 14, 'Alvimar Ribeiro, Poliana Hartmann, Andreissom Marques,  Pedro Franco, Gabriella Chagas, Thais Alves, Raquel Castro e Fabio Duarte / Unipampa Alegrete'),
(9, 'Argamassa Estabilizada - Parte 1 e Parte 2', 'Público alvo: Engenharia Civil', '2018-06-26 08:30:00', '2018-06-26 12:00:00', '04:00:00', 3, 4, 6, 'Aldo Temp e Equipe / Unipampa Alegrete'),
(10, 'Energia Elétrica na Irrigação da Lavoura de Arroz', 'Público alvo: Engenharia Elétrica - Engenharia Agrícola', '2018-06-26 08:30:00', '2018-06-26 10:00:00', '02:00:00', 4, NULL, 5, 'Sirnei Nunes Da Silva / Gemelli'),
(11, 'Bombas anfíbias e turbogeradores anfíbios - Higra: Inovação e Sustentabilidade', 'Público alvo: Engenharia Elétrica', '2018-06-26 10:30:00', '2018-06-26 12:00:00', '02:00:00', 4, NULL, 1, 'Greco Tusset de Moura - Diretor Técnico da HIGRA'),
(12, 'Instalações de Gás predial', 'Público alvo: Engenharia Civil', '2018-06-26 08:30:00', '2018-06-26 10:00:00', '02:00:00', 4, NULL, 21, 'Dieison Gabbi Fantineli'),
(14, 'Introdução ao MatLab - Turma 1', 'Público alvo: Engenharia Elétrica', '2018-06-26 14:00:00', '2018-06-26 18:00:00', '04:00:00', 3, 6, 2, 'Maurício de Souza Ferreira, Caroline Bremm e Cristian Muller / Unipampa Alegrete'),
(16, 'CREA e o papel da fiscalização e inspetorias na sociedade', 'Público alvo: Engenharia Civil', '2018-06-26 14:00:00', '2018-06-26 16:00:00', '02:00:00', 4, NULL, 1, 'Katia Messa e Mauro Briao / Inspetora do CREA Alegrete / Supervisor de fiscalização CREA RS'),
(17, 'Análise de escoamento no SolidWorks', 'Público alvo: Engenharia Mecânica', '2018-06-26 14:00:00', '2018-06-26 18:00:00', '04:00:00', 3, 6, 4, 'Matheus Martinez/ Unipampa Alegrete'),
(18, 'IoT - Segurança da Informação na Prática', 'Público alvo: Ciência da Computação', '2018-06-26 16:30:00', '2018-06-26 18:00:00', '02:00:00', 4, NULL, 1, 'Paulo Lino / International Police Executives Symposium - IPES'),
(19, 'Trâmites de licitações', 'Público alvo: Engenharia Civil', '2018-06-26 16:30:00', '2018-06-26 18:00:00', '02:00:00', 4, NULL, 6, 'José Rojas e reitoria / Reitoria Unipampa'),
(20, 'Materiais Cerâmicos Refratários', 'Público alvo: Engenharia Civil', '2018-06-26 16:30:00', '2018-06-26 18:00:00', '02:00:00', 4, NULL, 21, 'Alessandro Nunes'),
(21, 'Competição de Inteligência Artificial para jogos (Com premiação)', 'Público alvo: Ciência da Computação - Engenharia de Software', '2018-06-26 19:00:00', '2018-06-26 22:30:00', '04:00:00', 1, 8, 4, 'Prof. Jean Cheiran / Unipampa Alegrete'),
(22, 'Arduino e Prototipagem (T/P - Intermediário)', 'Público alvo: Ciência da Computação - Engenharia de Software', '2018-06-26 19:00:00', '2018-06-26 22:30:00', '04:00:00', 3, 8, 2, 'David Martins / LABSIM (Unipampa Itaqui)'),
(24, 'Oportunidades e Desafios Após a Graduação', 'Público alvo: Engenharia Civil', '2018-06-26 19:00:00', '2018-06-26 20:30:00', '02:00:00', 4, NULL, 6, 'Alunos Egressos / Unipampa Alegrete'),
(25, 'Atuação do Engenherio Civil na Engenharia Aeroespacial', 'Público alvo: Engenharia Civil', '2018-06-26 19:00:00', '2018-06-26 20:30:00', '02:00:00', 4, NULL, 1, 'Cesar Cristaldo / Unipampa Alegrete'),
(26, 'Método construtivo: Parede de concreto', 'Público alvo: Engenharia Civil', '2018-06-26 21:00:00', '2018-06-26 22:30:00', '02:00:00', 4, NULL, 1, 'Daniela Padoin / RITT Empreendimentos Imobiliários'),
(27, 'Introdução ao MatLab - Turma 2', 'Público alvo: Engenharia Elétrica', '2018-06-27 08:30:00', '2018-06-27 12:00:00', '04:00:00', 3, 9, 2, 'Maurício de Souza Ferreira, Caroline Bremm e Cristian Muller'),
(28, 'Manutenção de Ar condicionado automotivo', 'Público alvo: Engenharia Mecânica', '2018-06-27 08:30:00', '2018-06-27 12:00:00', '04:00:00', 3, 9, 23, 'Henrique Vicente'),
(29, 'Power World - Análise de Sistemas de potência', 'Público alvo: Engenharia Elétrica', '2018-06-27 08:30:00', '2018-06-27 12:00:00', '04:00:00', 3, 9, 3, 'Prof.ª Ana Paula Mello / Unipampa Alegrete'),
(31, 'Excel Básico - Parte 3 e Parte 4', 'Público alvo: Livre', '2018-06-27 08:30:00', '2018-06-27 12:00:00', '04:00:00', 3, 9, 14, 'Alvimar Ribeiro, Poliana Hartmann, Andreissom Marques,  Pedro Franco, Gabriella Chagas, Thais Alves, Raquel Castro e Fabio Duarte / Unipampa Alegrete'),
(32, 'Introdução ao LateX', 'Público alvo: Livre', '2018-06-27 14:00:00', '2018-06-27 18:00:00', '04:00:00', 3, 11, 2, 'Victor Israel, Melissa Bilher, Sinara Corrêa, Diogo Deus, Luan Miguel e Cristian Muller'),
(33, 'Desafio Pentesting: implementação e exploração', 'Público alvo: Ciência da Computação - Engenharia de Software', '2018-06-29 14:00:00', '2018-06-27 18:00:00', '04:00:00', 1, 21, 3, 'Isadora Ferrão / Unipampa Alegrete'),
(34, 'Engenharia no futuro do agronegócio: a visão do Engenheiro Agrícola', 'Público alvo: Engenharia Agrícola', '2018-06-28 19:00:00', '2018-06-28 20:30:00', '02:00:00', 4, NULL, 5, 'Eng. Agrícola Douglas Adolpho / IRGA'),
(36, 'Introdução a processamento paralelo com OpenMP (30 vagas)', 'Público alvo: Ciência da Computação - Engenharia de Software', '2018-06-27 19:00:00', '2018-06-27 22:30:00', '04:00:00', 3, 13, 4, 'Matheus Serpa / UFRGS'),
(37, 'Programação visual com JavaScript', 'Público alvo: Ciência da Computação - Engenharia de Software', '2018-06-27 19:00:00', '2018-06-27 22:30:00', '04:00:00', 3, 13, 3, 'Vitor Ribeiro / Unipampa Alegrete'),
(39, 'Mecânica Básica', 'Público alvo: Livre', '2018-06-27 19:00:00', '2018-06-27 20:30:00', '02:00:00', 4, NULL, 1, 'Geraldo Haeming / BOSCH'),
(40, 'Os Pilares da engenharia - A importância das disciplinas básicas na vida profissional', 'Público alvo: Livre', '2018-06-27 19:00:00', '2018-06-27 20:30:00', '02:00:00', 4, NULL, 5, 'Cesar Cristaldo / Unipampa Alegrete'),
(41, 'Geração Distribuída - Energia Fotovoltaica no Brasil', 'Público alvo: Engenharia Elétrica', '2018-06-28 08:30:00', '2018-06-28 10:00:00', '02:00:00', 4, NULL, 1, 'Prof. Guilherme Silva / Eng. Breno Barrera'),
(42, 'Análise de Falhas de Componentes Mecânicos', 'Público alvo: Engenharia Mecânica', '2018-06-28 08:30:00', '2018-06-28 10:00:00', '02:00:00', 3, NULL, 2, 'Isadora Goss, José Marcelo e Ricardo Schneiders / Unipampa Alegrete'),
(43, 'Geração Distribuída - Energia Fotovoltaica no Brasil', 'Público alvo: Engenharia Elétrica', '2018-06-28 10:30:00', '2018-06-28 12:00:00', '02:00:00', 5, NULL, 5, 'Prof. Guilherme Silva / Eng. Breno Barrera'),
(44, 'Obra do Consorcio de Revitalização do Arroio do Regalado', 'Público alvo: Engenharia Civil', '2018-06-28 10:30:00', '2018-06-28 12:00:00', '02:00:00', 4, NULL, 1, 'Carlos Alexandre, Alisson Cooper, João Maria / Prefeitura Municipal de Alegrete'),
(45, 'Dinâmica de Sistemas Aplicada ao Setor Elétrico e Integração de Recursos Energéticos no Campus da UFSM', 'Público alvo: Engenharia Elétrica', '2018-06-28 14:00:00', '2018-06-28 16:00:00', '02:00:00', 4, NULL, 21, 'Doutoranda Priscila Ebert / UFSM'),
(46, 'Capitalismo Consciente', 'Público alvo: Livre', '2018-06-28 14:00:00', '2018-06-28 15:30:00', '02:00:00', 4, NULL, 1, 'Thomas Eckschmidt / SICREDI'),
(47, 'Métodos avançados para diagnóstico em energia', 'Público alvo: Engenharia Mecânica', '2018-06-28 14:00:00', '2018-06-28 16:00:00', '02:00:00', 4, NULL, 5, 'Nattan Caetano / UFSM'),
(48, 'Desenho mecânico (Solid Works) para iniciantes', 'Público alvo: Engenharia Mecânica (CALOUROS)', '2018-06-28 14:00:00', '2018-06-28 18:00:00', '04:00:00', 3, 16, 4, 'Nathalia Silva / Unipampa Alegrete'),
(49, 'Aprovação de Projetos na Prefeitura', 'Público alvo: Engenharia Civil', '2018-06-28 14:00:00', '2018-06-28 16:00:00', '02:00:00', 4, NULL, 6, 'Danieli Pozzebon / Prefeitura Municipal de Alegrete'),
(50, 'IEEE UFSM - Ramo Estudantil', 'Público alvo: Engenharia Elétrica', '2018-06-28 16:30:00', '2018-06-28 18:00:00', '02:00:00', 4, NULL, 21, 'Acadêmico Guilherme Basso'),
(52, 'Cultura norte americana', 'Público alvo: LIVRE', '2018-06-28 16:30:00', '2018-06-28 18:00:00', '02:00:00', 4, NULL, 5, '5 estudantes em intercâmbio'),
(53, 'Empreendedorismo', 'Público alvo: Livre', '2018-06-28 16:30:00', '2018-06-28 18:00:00', '02:00:00', 4, NULL, 1, 'Onélio Pilleco / Pilleco'),
(54, 'Ferramenta Netlogo para simulação de Agentes', 'Público alvo: Ciência da Computação - Engenharia de Software', '2018-06-29 19:00:00', '2018-06-29 22:30:00', '04:00:00', 3, 23, 4, 'Celso Nobre / Unipampa Alegrete'),
(55, 'Currículo Lattes e Classificação de Periodicos', 'Público alvo: Engenharia Civil', '2018-06-28 19:00:00', '2018-06-28 20:30:00', '02:00:00', 3, NULL, 2, 'Marco Tier / Unipampa Alegrete'),
(56, 'Investimento Anjo', 'Público alvo: Livre', '2018-06-28 21:00:00', '2018-06-28 22:30:00', '02:00:00', 4, NULL, 1, 'Advogado Luiz Garrido Giulliano Tozzi / PAMPATEC'),
(57, 'OpenDSS - Fluxo de potência em redes de distribuição: Modelos avançados para sistemas fotovoltaicos e de armazenamento de energia', 'Público alvo: Engenharia Elétrica', '2018-06-29 14:00:00', '2018-06-29 18:00:00', '04:00:00', 3, 21, 2, 'Henrique Eichkoff, João Machiavelli, Ana Paula Mello / Unipampa Alegrete'),
(58, 'ALGcom', 'Público alvo: Engenharia Elétrica - Engenharia de Telecomunicações', '2018-06-29 14:00:00', '2018-06-29 16:00:00', '02:00:00', 4, NULL, 1, 'Willian Haeberlin /ALGcom'),
(59, 'Pesquisas desenvolvidas na Engenharia Mecânica', 'Público alvo: Engenharia Mecânica', '2018-06-29 14:00:00', '2018-06-29 16:00:00', '02:00:00', 4, NULL, 6, 'Luis Fernando Camponogara, Isadora Goss e Yuri Salvador / Unipampa Alegrete'),
(61, 'Simulink', 'Público alvo: Engenharia Elétrica', '2018-06-29 14:00:00', '2018-06-29 18:00:00', '04:00:00', 3, 21, 4, 'Prof. Guilherme Silva / Unipampa Alegrete'),
(62, 'Implantação Rodoviária de travessia Urbana BR-487', 'Público alvo: Engenharia Civil', '2018-06-29 14:00:00', '2018-06-29 16:00:00', '02:00:00', 4, NULL, 5, 'Maurício Savoldi'),
(63, 'Nova Ponte do Guaíba', 'Público alvo: Engenharia Civil', '2018-06-29 16:30:00', '2018-06-29 18:00:00', '02:00:00', 4, NULL, 1, 'Hiratan Pinheiro da Silva'),
(64, 'Equações diferenciais, Geometria Analítica e Modelo computacional para viagens espaciais', 'Público alvo: Ciência da Computação - Engenharia de Software', '2018-06-29 16:30:00', '2018-06-29 18:00:00', '02:00:00', 4, NULL, 6, 'Celso Nobre / Unipampa Alegrete'),
(65, 'Relato de experiência de estágio', 'Público alvo: Engenharia Mecânica', '2018-06-29 16:30:00', '2018-06-29 18:00:00', '02:00:00', 4, NULL, 21, 'Hortência Noronha, Anderson Silva e Renato Panziera / Unipampa Alegrete'),
(66, 'Testes automatizados utilizando Cucumber e Ruby', 'Público alvo: Ciência da Computação - Engenharia de Software', '2018-06-28 19:00:00', '2018-06-28 22:30:00', '04:00:00', 3, 18, 4, 'Yury Alencar / Unipampa Alegrete'),
(67, 'Relato de egresso da Unipampa', 'Público alvo: Ciência da Computação - Engenharia de Software', '2018-06-29 19:00:00', '2018-06-29 20:30:00', '02:00:00', 4, NULL, 21, 'Prof. Marcelo Caggiani / Unipampa Alegrete'),
(68, 'Nanotecnologias em Materiais', 'Público alvo: Engenharia Civil', '2018-06-29 19:00:00', '2018-06-29 20:30:00', '02:00:00', 4, NULL, 6, 'Aldo Temp / Unipampa'),
(69, 'Automação com SHELL', 'Público alvo: Ciência da Computação - Engenharia de Software', '2018-06-25 16:30:00', '2018-06-25 18:00:00', '02:00:00', 3, NULL, 2, 'Sherlon Almeida / Unipampa Alegrete'),
(70, 'Apresentação do Projeto CONASAT', 'Público alvo: Engenharia de Telecomunicações', '2018-06-25 16:30:00', '2018-06-25 18:00:00', '02:00:00', 4, NULL, 21, 'Juner Vieira / Unipampa Alegrete'),
(71, 'Gerenciamento de Obras Públicas', 'Público alvo: Engenharia Civil', '2018-06-25 19:00:00', '2018-06-25 20:30:00', '02:00:00', 4, NULL, 1, 'Gustavo Pivetta / Unipampa Alegrete'),
(75, 'Argamassa Estabilizada - Parte 3', 'Público alvo: Engenharia Civil', '2018-06-27 08:30:00', '2018-06-27 10:00:00', '02:00:00', 3, NULL, 17, 'Aldo Temp e Equipe / Unipampa Alegrete'),
(76, 'Injeção eletrônica - Introdução e conceitos básicos (continuação)', 'Público alvo: Engenharia Elétrica - Engenharia Mecânica', '2018-06-26 10:30:00', '2018-06-26 12:00:00', '02:00:00', 3, NULL, 5, 'Lucas Rodrigues / Unipampa Alegrete'),
(77, 'Relato pessoal após formação no curso de Engenharia de Telecomunicações', 'Público alvo: Engenharia de Telecomunicações', '2018-06-26 16:30:00', '2018-06-26 18:00:00', '02:00:00', 4, NULL, 5, 'Luimar Donini / Conesul'),
(78, 'Introdução a impressão 3D', 'Público alvo: Engenharia Elétrica', '2018-06-26 14:00:00', '2018-06-26 18:00:00', '04:00:00', 3, 6, 3, 'Amilcar Querubini / UFSCar'),
(82, 'AutoCad - Parte 1 e parte 2', 'Público alvo: LIVRE', '2018-06-27 08:30:00', '2018-06-27 12:00:00', '04:00:00', 3, 9, 16, 'Maria Eduarda Fantin, Bárbara Pretto, Matheus Machado, Mayara Panosso e Bernardo Lyo Misaka / Unipampa Alegrete'),
(83, 'SketchUp Básico', 'Público Alvo: Engenharia Civil', '2018-06-27 10:30:00', '2018-06-27 12:00:00', '02:00:00', 3, NULL, 6, 'Andressa Trindade, Caroline Almeida, Darlize Bianchin, Francine Goettems, Naiele Medeiros Frescura e Nayra Fontoura / Unipampa Alegrete'),
(85, 'Transmissão ao vivo do jogo do Brasil x Sérvia (Sem vinculo com o SACTA)', 'Público alvo: LIVRE', '2018-06-27 15:00:00', '2018-06-27 17:00:00', '00:00:00', 6, NULL, 1, ''),
(86, 'Argamassas Industrializadas - Soluções para Toda Obra', 'Público alvo: Engenharia Civil', '2018-06-27 13:00:00', '2018-06-27 14:30:00', '02:00:00', 4, NULL, 1, 'Carlos Gruendling / FIDA'),
(87, 'Tendência - Tecnologia e Sustentabilidade na Construção Civil', 'Público Alvo: LIVRE', '2018-06-27 19:00:00', '2018-06-27 20:30:00', '02:00:00', 4, NULL, 6, 'Hadassa Schnorr / Designer de Interiores'),
(88, 'AutoCad - parte 3 e parte 4', 'Público alvo: LIVRE', '2018-06-28 08:30:00', '2018-06-28 12:00:00', '04:00:00', 3, 14, 14, 'Maria Eduarda Fantin, Bárbara Pretto, Matheus Machado, Mayara Panosso e Bernardo Lyo Misaka / Unipampa Alegrete'),
(89, 'Solda', 'Público alvo: Engenharia Mecânica e Engenharia Agrícola', '2018-06-28 08:30:00', '2018-06-28 12:00:00', '04:00:00', 3, 14, 10, 'Lucas Cazabonet Ramos e Henrique Heguihor'),
(90, 'Manutenção de ar condicionado automotivo', 'Público alvo: Engenharia Mecânica', '2018-06-28 08:30:00', '2018-06-28 12:00:00', '04:00:00', 3, 14, 23, 'Henrique Vicente'),
(91, 'LaTeX Intermediário: Apresentações, gráficos e imagens (TIKZ)', 'Público alvo: LIVRE - Pré-requisito: LaTeX Básico', '2018-06-28 16:30:00', '2018-06-28 18:00:00', '02:00:00', 3, NULL, 2, 'Victor Israel, Diogo Deus e Cristian Muller / Unipampa Alegrete'),
(92, 'Os desafios da Engenharia no setor público', 'Público alvo: Engenharia Elétrica', '2018-06-28 19:00:00', '2018-06-28 22:30:00', '04:00:00', 4, 18, 1, 'Engenheira Eletricista Nathalie Lunardi / Diretora de Iluminação PMA'),
(93, 'FTOOL', 'Público alvo: LIVRE', '2018-06-29 08:30:00', '2018-06-29 12:00:00', '04:00:00', 3, 19, 4, 'Andressa Marques Minich, Carolina Escarrone de Lima, Carolliny Silveira de Almeida, Ingrid Vidigal e Renata Beche / Unipampa Alegrete'),
(94, 'Sketchup Renderização', 'Público alvo: Engenharia Civil', '2018-06-29 08:30:00', '2018-06-29 12:00:00', '04:00:00', 3, 19, 14, 'Davi Linhares, Paulo Rogerio, Ana Carolina Capato e Rafael Assis / Unipampa Alegrete'),
(95, 'Aplicação da combustão na engenharia', 'Público alvo: Engenharia Mecânica', '2018-06-29 10:30:00', '2018-06-29 12:00:00', '02:00:00', 4, NULL, 1, 'Cesar Cristaldo / Unipampa Alegrete'),
(96, 'Projeto esporte para todos', 'Público alvo: Livre', '2018-06-29 16:30:00', '2018-06-29 18:00:00', '02:00:00', 4, NULL, 5, 'Cláudia Ereno / Prefeitura Municipal de Santana do Livramento'),
(97, 'Ansiedade na vida acadêmica', 'Público alvo: LIVRE', '2018-06-29 21:00:00', '2018-06-29 22:30:00', '02:00:00', 4, NULL, 1, 'Psicologo Saulo Eich / Clínica Simmetria'),
(98, 'Palestra de Encerramento', 'Público alvo: LIVRE', '2018-06-29 19:00:00', '2018-06-29 22:30:00', '04:00:00', 4, NULL, 1, 'A CONFIRMAR'),
(100, 'Movimento estudantil da unipampa - Posicionamento sobre do campus Alegrete sobre a alteração do calendário acadêmico no CONSUNI', 'Público alvo: Livre', '2018-06-26 19:00:00', '2018-06-26 20:30:00', '02:00:00', 4, NULL, 21, 'Maicon Venes / Unipampa Alegrete'),
(102, 'Coffee Break', NULL, '2018-06-26 10:00:00', '2018-06-26 10:30:00', '00:00:00', 6, 1, 8, 'Organização SACTA');

-- --------------------------------------------------------

--
-- Estrutura para tabela `categorias`
--

CREATE TABLE `categorias` (
  `idcategoria` int(11) NOT NULL,
  `categoria` varchar(45) COLLATE utf8_unicode_ci NOT NULL,
  `valor` decimal(10,2) NOT NULL
) ENGINE=InnoDB DEFAULT CHARSET=utf8 COLLATE=utf8_unicode_ci;

--
-- Fazendo dump de dados para tabela `categorias`
--

INSERT INTO `categorias` (`idcategoria`, `categoria`, `valor`) VALUES
(1, 'Ouvinte', '15.00'),
(2, 'Apoiadores', '8.00'),
(3, 'Organizadores', '0.00');

-- --------------------------------------------------------

--
-- Estrutura para tabela `contatos`
--

CREATE TABLE `contatos` (
  `idcontato` int(11) NOT NULL,
  `nome` varchar(45) COLLATE utf8_unicode_ci NOT NULL,
  `email` varchar(60) COLLATE utf8_unicode_ci NOT NULL,
  `assunto` varchar(60) COLLATE utf8_unicode_ci NOT NULL,
  `mensagem` text COLLATE utf8_unicode_ci NOT NULL
) ENGINE=InnoDB DEFAULT CHARSET=utf8 COLLATE=utf8_unicode_ci;

--
-- Fazendo dump de dados para tabela `contatos`
--

INSERT INTO `contatos` (`idcontato`, `nome`, `email`, `assunto`, `mensagem`) VALUES
(3, 'Bruno Roberto Lauxen Vogel', 'brunorlvogel@gmail.com', 'Onde se efetua o pagamento', 'Boa noite, gostaria de saber onde e quando devo efetuar o pagamento da inscrição. Obrigado'),
(4, 'luiz guilherme fritsch', 'fritsch.guilherm3@gmail.com', 'Criei conta com o email errado', 'Olá, criei minha conta usando um email que não me pertence, como faço para modificar o email que estou usando na minha conta?'),
(5, 'Eduarda Gonçalves Ferreira', 'ferreiradubal0510@gmail.com', 'Semana acadêmica ', 'Não chegou ainda o comprovante no meu email\n'),
(6, 'Ramon Henrique', 'ramonhv@gmail.com', 'Senha da aba \"Acessar painel\"', 'Olá, não estou conseguindo acessar essa aba com a minha senha que cadastrei. Tampouco estou conseguindo trocá-la. Gostaria de uma solução o mais rápido possível, pois estou perdendo chances de se inscrever antecipadamente às oficinas.'),
(7, 'Leonardo de Oliveira Paschoal', 'leonardo_oliveiras@hotmail.com', 'Link de mudança de senha não está funcionando', 'Olá. O link de mudança de senha não funciona. ONtem quando fui assistir um minicurso eu não tive como validar a minha presença, pois não tinha como usar o QR code no meu celular.'),
(8, 'João Francisco Dellavechia', 'joao@dellavechia.com.br', 'Visita tecnica Agroser', 'Bom dia, eu gostaria de saber se houve confirmação da minha inscrição na visita técnica da Agroser. Att  ');

-- --------------------------------------------------------

--
-- Estrutura para tabela `credenciamentoatividades`
--

CREATE TABLE `credenciamentoatividades` (
  `idcredenciamentoAtividade` int(11) NOT NULL,
  `credenciador_idpessoa` int(11) NOT NULL,
  `participante_idpessoa` int(11) NOT NULL,
  `idatividade` int(11) NOT NULL,
  `horario` datetime NOT NULL
) ENGINE=InnoDB DEFAULT CHARSET=utf8 COLLATE=utf8_unicode_ci;

--
-- Fazendo dump de dados para tabela `credenciamentoatividades`
--

INSERT INTO `credenciamentoatividades` (`idcredenciamentoAtividade`, `credenciador_idpessoa`, `participante_idpessoa`, `idatividade`, `horario`) VALUES
(7, 51, 181, 1, '2018-06-25 13:49:55'),
(8, 51, 94, 1, '2018-06-25 13:50:02'),
(9, 51, 37, 1, '2018-06-25 13:50:21'),
(10, 51, 176, 1, '2018-06-25 13:50:26'),
(11, 51, 96, 1, '2018-06-25 13:50:33'),
(12, 51, 166, 1, '2018-06-25 13:50:39'),
(13, 51, 273, 1, '2018-06-25 13:50:46'),
(14, 51, 270, 1, '2018-06-25 13:50:50'),
(15, 51, 217, 1, '2018-06-25 13:50:55'),
(16, 51, 38, 1, '2018-06-25 13:51:00'),
(17, 51, 40, 1, '2018-06-25 13:51:05'),
(18, 51, 255, 1, '2018-06-25 13:51:18'),
(19, 51, 240, 1, '2018-06-25 13:51:48'),
(20, 51, 73, 1, '2018-06-25 13:51:53'),
(21, 51, 292, 1, '2018-06-25 13:52:18'),
(22, 51, 281, 1, '2018-06-25 13:52:24'),
(23, 51, 154, 1, '2018-06-25 13:52:34'),
(24, 51, 170, 1, '2018-06-25 13:52:41'),
(25, 51, 332, 1, '2018-06-25 13:53:03'),
(26, 51, 180, 1, '2018-06-25 13:53:09'),
(27, 51, 253, 1, '2018-06-25 13:53:18'),
(28, 51, 185, 1, '2018-06-25 13:53:24'),
(29, 51, 194, 1, '2018-06-25 13:53:27'),
(30, 51, 360, 1, '2018-06-25 13:53:33'),
(31, 51, 278, 1, '2018-06-25 13:53:38'),
(32, 51, 284, 1, '2018-06-25 13:53:43'),
(33, 51, 61, 1, '2018-06-25 13:53:48'),
(34, 51, 199, 1, '2018-06-25 13:54:03'),
(35, 51, 262, 1, '2018-06-25 13:54:19'),
(36, 51, 337, 1, '2018-06-25 13:54:25'),
(37, 51, 164, 1, '2018-06-25 13:55:10'),
(38, 51, 134, 1, '2018-06-25 13:55:36'),
(39, 51, 145, 1, '2018-06-25 13:55:59'),
(40, 51, 141, 1, '2018-06-25 13:56:04'),
(41, 51, 12, 1, '2018-06-25 13:56:09'),
(42, 51, 130, 1, '2018-06-25 13:56:13'),
(43, 51, 268, 1, '2018-06-25 13:56:21'),
(44, 51, 300, 1, '2018-06-25 13:56:32'),
(45, 51, 100, 1, '2018-06-25 13:56:43'),
(46, 51, 101, 1, '2018-06-25 13:56:46'),
(47, 51, 201, 1, '2018-06-25 13:56:54'),
(48, 51, 172, 1, '2018-06-25 13:57:02'),
(49, 51, 216, 1, '2018-06-25 13:57:08'),
(50, 51, 102, 1, '2018-06-25 13:57:12'),
(51, 51, 71, 1, '2018-06-25 13:57:18'),
(52, 51, 8, 1, '2018-06-25 13:57:27'),
(53, 51, 248, 1, '2018-06-25 13:57:45'),
(54, 51, 282, 1, '2018-06-25 13:57:48'),
(55, 51, 279, 1, '2018-06-25 13:57:53'),
(56, 51, 31, 1, '2018-06-25 13:58:02'),
(57, 51, 54, 1, '2018-06-25 13:58:07'),
(58, 51, 97, 1, '2018-06-25 13:58:17'),
(59, 51, 103, 1, '2018-06-25 13:58:22'),
(60, 51, 83, 1, '2018-06-25 13:58:27'),
(61, 51, 107, 1, '2018-06-25 13:58:50'),
(62, 51, 138, 1, '2018-06-25 13:58:55'),
(63, 51, 246, 1, '2018-06-25 13:59:10'),
(64, 51, 298, 1, '2018-06-25 13:59:46'),
(65, 51, 82, 1, '2018-06-25 14:00:02'),
(66, 51, 220, 1, '2018-06-25 14:00:44'),
(67, 51, 223, 1, '2018-06-25 14:00:51'),
(68, 51, 4, 1, '2018-06-25 14:01:35'),
(69, 51, 285, 1, '2018-06-25 14:02:02'),
(70, 51, 161, 1, '2018-06-25 14:02:10'),
(71, 51, 120, 1, '2018-06-25 14:02:18'),
(72, 51, 156, 1, '2018-06-25 14:02:27'),
(73, 51, 56, 1, '2018-06-25 14:02:33'),
(74, 51, 225, 1, '2018-06-25 14:02:45'),
(75, 51, 158, 1, '2018-06-25 14:02:52'),
(76, 51, 375, 1, '2018-06-25 14:03:17'),
(77, 28, 215, 1, '2018-06-25 14:03:34'),
(78, 28, 374, 1, '2018-06-25 14:03:48'),
(79, 51, 399, 1, '2018-06-25 14:04:17'),
(80, 51, 400, 1, '2018-06-25 14:04:23'),
(81, 51, 78, 1, '2018-06-25 14:04:33'),
(82, 51, 47, 1, '2018-06-25 14:04:39'),
(83, 28, 77, 1, '2018-06-25 14:04:46'),
(84, 51, 356, 1, '2018-06-25 14:05:00'),
(85, 2, 15, 1, '2018-06-25 14:07:31'),
(86, 51, 122, 1, '2018-06-25 14:07:59'),
(87, 28, 303, 1, '2018-06-25 14:08:17'),
(88, 51, 118, 1, '2018-06-25 14:09:58'),
(89, 51, 344, 1, '2018-06-25 14:10:29'),
(90, 28, 447, 1, '2018-06-25 14:11:11'),
(91, 51, 57, 1, '2018-06-25 14:12:01'),
(92, 28, 121, 1, '2018-06-25 14:12:31'),
(93, 51, 105, 1, '2018-06-25 14:13:59'),
(94, 51, 26, 1, '2018-06-25 14:45:00'),
(95, 242, 42, 2, '2018-06-25 16:12:31'),
(96, 242, 40, 2, '2018-06-25 16:17:31'),
(97, 242, 192, 2, '2018-06-25 16:17:38'),
(98, 291, 438, 69, '2018-06-25 16:18:02'),
(99, 291, 293, 69, '2018-06-25 16:18:25'),
(100, 291, 231, 69, '2018-06-25 16:18:33'),
(101, 224, 372, 70, '2018-06-25 16:19:24'),
(102, 155, 291, 69, '2018-06-25 16:19:42'),
(103, 8, 64, 2, '2018-06-25 16:20:06'),
(104, 8, 138, 2, '2018-06-25 16:20:14'),
(105, 8, 165, 2, '2018-06-25 16:20:18'),
(106, 8, 41, 2, '2018-06-25 16:20:28'),
(107, 8, 208, 2, '2018-06-25 16:20:33'),
(108, 8, 234, 2, '2018-06-25 16:20:40'),
(109, 155, 152, 69, '2018-06-25 16:20:41'),
(110, 8, 107, 2, '2018-06-25 16:20:51'),
(111, 224, 337, 70, '2018-06-25 16:21:16'),
(112, 224, 201, 70, '2018-06-25 16:21:21'),
(113, 224, 262, 70, '2018-06-25 16:21:25'),
(114, 138, 8, 2, '2018-06-25 16:21:31'),
(115, 51, 171, 3, '2018-06-25 16:21:39'),
(116, 51, 5, 3, '2018-06-25 16:21:40'),
(117, 28, 253, 70, '2018-06-25 16:21:44'),
(118, 224, 180, 70, '2018-06-25 16:21:53'),
(119, 28, 185, 70, '2018-06-25 16:21:56'),
(120, 51, 415, 3, '2018-06-25 16:22:00'),
(121, 28, 127, 70, '2018-06-25 16:22:07'),
(122, 51, 119, 3, '2018-06-25 16:22:11'),
(123, 224, 332, 70, '2018-06-25 16:22:11'),
(124, 51, 20, 3, '2018-06-25 16:22:23'),
(125, 28, 224, 70, '2018-06-25 16:23:16'),
(126, 51, 134, 3, '2018-06-25 16:24:06'),
(127, 8, 68, 2, '2018-06-25 16:24:06'),
(128, 138, 44, 2, '2018-06-25 16:24:18'),
(129, 51, 161, 3, '2018-06-25 16:24:21'),
(130, 51, 156, 3, '2018-06-25 16:24:32'),
(131, 155, 160, 69, '2018-06-25 16:24:50'),
(132, 51, 248, 3, '2018-06-25 16:24:50'),
(133, 291, 128, 69, '2018-06-25 16:24:53'),
(134, 224, 479, 70, '2018-06-25 16:24:56'),
(135, 51, 282, 3, '2018-06-25 16:24:57'),
(136, 51, 174, 3, '2018-06-25 16:25:02'),
(137, 51, 116, 3, '2018-06-25 16:25:13'),
(138, 51, 344, 3, '2018-06-25 16:27:04'),
(139, 51, 284, 3, '2018-06-25 16:27:21'),
(140, 224, 359, 70, '2018-06-25 16:28:08'),
(141, 224, 417, 70, '2018-06-25 16:28:12'),
(142, 28, 251, 70, '2018-06-25 16:28:13'),
(143, 138, 395, 2, '2018-06-25 16:28:35'),
(144, 51, 300, 3, '2018-06-25 16:28:57'),
(145, 51, 24, 3, '2018-06-25 16:29:06'),
(146, 51, 144, 3, '2018-06-25 16:29:16'),
(147, 51, 143, 3, '2018-06-25 16:29:21'),
(148, 51, 416, 3, '2018-06-25 16:29:27'),
(149, 51, 373, 3, '2018-06-25 16:29:32'),
(150, 51, 151, 3, '2018-06-25 16:29:37'),
(151, 224, 198, 70, '2018-06-25 16:29:38'),
(152, 8, 338, 2, '2018-06-25 16:29:40'),
(153, 51, 215, 3, '2018-06-25 16:29:44'),
(154, 224, 306, 70, '2018-06-25 16:29:48'),
(155, 51, 136, 3, '2018-06-25 16:29:49'),
(156, 51, 420, 3, '2018-06-25 16:29:58'),
(157, 51, 307, 3, '2018-06-25 16:30:20'),
(158, 138, 204, 2, '2018-06-25 16:30:27'),
(159, 138, 178, 2, '2018-06-25 16:30:44'),
(160, 51, 104, 3, '2018-06-25 16:30:45'),
(161, 8, 229, 2, '2018-06-25 16:30:46'),
(162, 138, 30, 2, '2018-06-25 16:31:02'),
(163, 155, 90, 69, '2018-06-25 16:31:19'),
(164, 51, 225, 3, '2018-06-25 16:31:19'),
(165, 224, 105, 70, '2018-06-25 16:31:20'),
(166, 28, 120, 70, '2018-06-25 16:31:23'),
(167, 224, 399, 70, '2018-06-25 16:31:25'),
(168, 155, 385, 69, '2018-06-25 16:31:34'),
(169, 224, 295, 70, '2018-06-25 16:31:34'),
(170, 28, 425, 70, '2018-06-25 16:31:43'),
(171, 155, 17, 69, '2018-06-25 16:31:47'),
(172, 51, 216, 3, '2018-06-25 16:32:21'),
(173, 8, 351, 2, '2018-06-25 16:32:25'),
(174, 51, 102, 3, '2018-06-25 16:32:27'),
(175, 51, 303, 3, '2018-06-25 16:32:27'),
(176, 51, 131, 3, '2018-06-25 16:32:32'),
(177, 138, 45, 2, '2018-06-25 16:32:35'),
(178, 138, 129, 2, '2018-06-25 16:32:42'),
(179, 138, 265, 2, '2018-06-25 16:32:55'),
(180, 138, 292, 2, '2018-06-25 16:33:01'),
(181, 138, 285, 2, '2018-06-25 16:33:06'),
(182, 155, 196, 69, '2018-06-25 16:33:07'),
(183, 138, 281, 2, '2018-06-25 16:33:13'),
(184, 28, 246, 70, '2018-06-25 16:33:16'),
(185, 138, 113, 2, '2018-06-25 16:33:19'),
(186, 291, 447, 69, '2018-06-25 16:33:44'),
(187, 51, 77, 3, '2018-06-25 16:33:54'),
(188, 155, 408, 69, '2018-06-25 16:34:00'),
(189, 51, 360, 3, '2018-06-25 16:34:02'),
(190, 51, 78, 3, '2018-06-25 16:34:05'),
(191, 51, 400, 3, '2018-06-25 16:34:12'),
(192, 28, 357, 70, '2018-06-25 16:34:15'),
(193, 51, 244, 3, '2018-06-25 16:34:25'),
(194, 51, 56, 3, '2018-06-25 16:34:31'),
(195, 51, 57, 3, '2018-06-25 16:34:34'),
(196, 28, 475, 70, '2018-06-25 16:34:35'),
(197, 51, 63, 3, '2018-06-25 16:34:40'),
(198, 8, 428, 2, '2018-06-25 16:34:56'),
(199, 8, 202, 2, '2018-06-25 16:35:04'),
(200, 155, 419, 69, '2018-06-25 16:35:04'),
(201, 224, 149, 70, '2018-06-25 16:35:34'),
(202, 8, 50, 2, '2018-06-25 16:35:37'),
(203, 28, 76, 70, '2018-06-25 16:35:42'),
(204, 8, 469, 2, '2018-06-25 16:35:45'),
(205, 51, 184, 3, '2018-06-25 16:35:48'),
(206, 51, 314, 3, '2018-06-25 16:36:01'),
(207, 51, 252, 3, '2018-06-25 16:36:18'),
(208, 51, 118, 3, '2018-06-25 16:36:18'),
(209, 51, 65, 3, '2018-06-25 16:36:20'),
(210, 28, 71, 70, '2018-06-25 16:36:25'),
(211, 291, 490, 69, '2018-06-25 16:38:01'),
(212, 8, 242, 2, '2018-06-25 16:39:39'),
(213, 138, 328, 2, '2018-06-25 16:40:17'),
(214, 51, 391, 3, '2018-06-25 16:40:20'),
(215, 51, 418, 3, '2018-06-25 16:40:28'),
(216, 51, 269, 3, '2018-06-25 16:43:14'),
(217, 155, 274, 69, '2018-06-25 16:44:12'),
(218, 138, 323, 2, '2018-06-25 16:57:21'),
(219, 224, 122, 70, '2018-06-25 17:30:02'),
(220, 242, 178, 71, '2018-06-25 18:45:05'),
(221, 242, 61, 71, '2018-06-25 18:45:49'),
(222, 242, 47, 71, '2018-06-25 18:45:56'),
(223, 242, 44, 71, '2018-06-25 18:46:05'),
(224, 242, 208, 71, '2018-06-25 18:46:12'),
(225, 242, 234, 71, '2018-06-25 18:46:17'),
(226, 242, 281, 71, '2018-06-25 18:46:25'),
(227, 242, 242, 71, '2018-06-25 18:49:44'),
(228, 242, 42, 71, '2018-06-25 18:49:53'),
(229, 242, 229, 71, '2018-06-25 18:49:58'),
(230, 229, 138, 71, '2018-06-25 18:50:29'),
(231, 438, 230, 4, '2018-06-25 18:50:52'),
(232, 438, 96, 4, '2018-06-25 18:51:01'),
(233, 229, 195, 71, '2018-06-25 18:51:09'),
(234, 438, 216, 4, '2018-06-25 18:51:14'),
(235, 438, 152, 4, '2018-06-25 18:51:23'),
(236, 438, 4, 4, '2018-06-25 18:51:46'),
(237, 438, 22, 4, '2018-06-25 18:52:00'),
(238, 242, 392, 71, '2018-06-25 18:53:23'),
(239, 438, 198, 4, '2018-06-25 18:53:41'),
(240, 242, 145, 71, '2018-06-25 18:53:45'),
(241, 438, 252, 4, '2018-06-25 18:54:49'),
(242, 438, 137, 4, '2018-06-25 18:55:06'),
(243, 242, 323, 71, '2018-06-25 18:55:09'),
(244, 438, 31, 4, '2018-06-25 18:55:36'),
(245, 229, 338, 71, '2018-06-25 18:55:49'),
(246, 229, 469, 71, '2018-06-25 18:56:02'),
(247, 229, 395, 71, '2018-06-25 18:56:07'),
(248, 242, 119, 71, '2018-06-25 18:56:13'),
(249, 438, 226, 4, '2018-06-25 18:56:27'),
(250, 438, 19, 4, '2018-06-25 18:56:35'),
(251, 242, 414, 71, '2018-06-25 18:56:36'),
(252, 229, 117, 71, '2018-06-25 18:56:38'),
(253, 438, 123, 4, '2018-06-25 18:56:44'),
(254, 229, 240, 71, '2018-06-25 18:56:49'),
(255, 438, 98, 4, '2018-06-25 18:56:51'),
(256, 242, 8, 71, '2018-06-25 18:56:54'),
(257, 229, 73, 71, '2018-06-25 18:57:00'),
(258, 438, 106, 4, '2018-06-25 18:57:11'),
(259, 438, 90, 4, '2018-06-25 18:57:29'),
(260, 229, 405, 71, '2018-06-25 18:57:32'),
(261, 438, 17, 4, '2018-06-25 18:57:48'),
(262, 242, 192, 71, '2018-06-25 18:57:56'),
(263, 28, 160, 6, '2018-06-25 18:58:00'),
(264, 438, 52, 4, '2018-06-25 18:58:05'),
(265, 28, 128, 6, '2018-06-25 18:58:15'),
(266, 242, 129, 71, '2018-06-25 18:58:17'),
(267, 28, 135, 6, '2018-06-25 18:58:31'),
(268, 28, 166, 6, '2018-06-25 18:58:37'),
(269, 438, 37, 4, '2018-06-25 18:58:42'),
(270, 28, 85, 6, '2018-06-25 18:58:56'),
(271, 438, 101, 4, '2018-06-25 18:58:59'),
(272, 28, 181, 6, '2018-06-25 18:59:04'),
(273, 242, 388, 71, '2018-06-25 18:59:04'),
(274, 28, 71, 6, '2018-06-25 18:59:11'),
(275, 242, 487, 71, '2018-06-25 18:59:25'),
(276, 28, 23, 6, '2018-06-25 18:59:34'),
(277, 242, 486, 71, '2018-06-25 18:59:40'),
(278, 242, 418, 71, '2018-06-25 18:59:50'),
(279, 28, 74, 6, '2018-06-25 19:00:20'),
(280, 242, 112, 71, '2018-06-25 19:00:23'),
(281, 438, 182, 4, '2018-06-25 19:00:23'),
(282, 242, 107, 71, '2018-06-25 19:00:30'),
(283, 438, 121, 4, '2018-06-25 19:00:36'),
(284, 28, 354, 6, '2018-06-25 19:00:47'),
(285, 438, 76, 4, '2018-06-25 19:00:51'),
(286, 28, 353, 6, '2018-06-25 19:00:55'),
(287, 242, 204, 71, '2018-06-25 19:00:58'),
(288, 242, 113, 71, '2018-06-25 19:01:04'),
(289, 28, 67, 6, '2018-06-25 19:01:24'),
(290, 28, 72, 6, '2018-06-25 19:01:32'),
(291, 28, 215, 6, '2018-06-25 19:02:03'),
(292, 28, 56, 6, '2018-06-25 19:02:19'),
(293, 242, 351, 71, '2018-06-25 19:02:30'),
(294, 28, 57, 6, '2018-06-25 19:02:32'),
(295, 242, 13, 71, '2018-06-25 19:02:40'),
(296, 242, 365, 71, '2018-06-25 19:02:46'),
(297, 28, 63, 6, '2018-06-25 19:02:47'),
(298, 229, 363, 71, '2018-06-25 19:02:48'),
(299, 242, 366, 71, '2018-06-25 19:02:53'),
(300, 229, 256, 71, '2018-06-25 19:02:55'),
(301, 229, 504, 71, '2018-06-25 19:03:03'),
(302, 28, 258, 6, '2018-06-25 19:03:29'),
(303, 229, 124, 71, '2018-06-25 19:04:28'),
(304, 229, 41, 71, '2018-06-25 19:04:36'),
(305, 242, 358, 71, '2018-06-25 19:04:41'),
(306, 28, 308, 6, '2018-06-25 19:05:56'),
(307, 438, 217, 4, '2018-06-25 19:05:59'),
(308, 229, 30, 71, '2018-06-25 19:07:38'),
(309, 438, 184, 4, '2018-06-25 19:07:39'),
(310, 28, 447, 6, '2018-06-25 19:08:59'),
(311, 28, 499, 6, '2018-06-25 19:09:17'),
(312, 438, 21, 4, '2018-06-25 19:09:21'),
(313, 28, 104, 6, '2018-06-25 19:12:00'),
(314, 438, 431, 4, '2018-06-25 19:20:02'),
(315, 125, 125, 12, '2018-06-26 08:23:37'),
(316, 232, 82, 7, '2018-06-26 08:27:01'),
(317, 232, 134, 7, '2018-06-26 08:27:08'),
(318, 232, 29, 7, '2018-06-26 08:27:41'),
(319, 232, 486, 7, '2018-06-26 08:27:47'),
(320, 242, 192, 9, '2018-06-26 08:27:51'),
(321, 232, 103, 7, '2018-06-26 08:27:54'),
(322, 232, 284, 7, '2018-06-26 08:28:11'),
(323, 232, 392, 7, '2018-06-26 08:28:17'),
(324, 232, 100, 7, '2018-06-26 08:28:40'),
(325, 232, 297, 7, '2018-06-26 08:28:45'),
(326, 242, 40, 9, '2018-06-26 08:28:52'),
(327, 125, 347, 12, '2018-06-26 08:29:05'),
(328, 242, 8, 9, '2018-06-26 08:30:17'),
(329, 232, 250, 7, '2018-06-26 08:30:39'),
(330, 232, 288, 7, '2018-06-26 08:30:45'),
(331, 229, 195, 12, '2018-06-26 08:30:53'),
(332, 229, 234, 12, '2018-06-26 08:31:17'),
(333, 242, 68, 9, '2018-06-26 08:31:51'),
(334, 232, 135, 7, '2018-06-26 08:31:53'),
(335, 232, 308, 7, '2018-06-26 08:32:27'),
(336, 232, 215, 7, '2018-06-26 08:32:33'),
(337, 232, 238, 7, '2018-06-26 08:32:39'),
(338, 155, 268, 10, '2018-06-26 08:33:58'),
(339, 242, 494, 9, '2018-06-26 08:34:01'),
(340, 155, 282, 10, '2018-06-26 08:34:08'),
(341, 155, 146, 10, '2018-06-26 08:34:19'),
(342, 232, 244, 7, '2018-06-26 08:34:22'),
(343, 432, 38, 8, '2018-06-26 08:34:23'),
(344, 155, 199, 10, '2018-06-26 08:34:25'),
(345, 232, 226, 7, '2018-06-26 08:34:27'),
(346, 155, 37, 10, '2018-06-26 08:34:31'),
(347, 232, 172, 7, '2018-06-26 08:34:31'),
(348, 155, 409, 10, '2018-06-26 08:34:37'),
(349, 432, 64, 8, '2018-06-26 08:34:38'),
(350, 232, 225, 7, '2018-06-26 08:34:38'),
(351, 155, 80, 10, '2018-06-26 08:34:44'),
(352, 432, 107, 8, '2018-06-26 08:34:57'),
(353, 155, 93, 10, '2018-06-26 08:35:14'),
(354, 432, 315, 8, '2018-06-26 08:35:14'),
(355, 155, 176, 10, '2018-06-26 08:35:33'),
(356, 432, 201, 8, '2018-06-26 08:35:39'),
(357, 432, 371, 8, '2018-06-26 08:35:53'),
(358, 232, 120, 7, '2018-06-26 08:36:05'),
(359, 432, 85, 8, '2018-06-26 08:36:12'),
(360, 125, 229, 12, '2018-06-26 08:36:14'),
(361, 432, 124, 8, '2018-06-26 08:36:22'),
(362, 432, 363, 8, '2018-06-26 08:36:35'),
(363, 291, 436, 10, '2018-06-26 08:36:40'),
(364, 432, 61, 8, '2018-06-26 08:36:47'),
(365, 291, 497, 10, '2018-06-26 08:36:50'),
(366, 291, 156, 10, '2018-06-26 08:37:02'),
(367, 432, 278, 8, '2018-06-26 08:37:07'),
(368, 291, 43, 10, '2018-06-26 08:37:10'),
(369, 432, 285, 8, '2018-06-26 08:37:20'),
(370, 432, 145, 8, '2018-06-26 08:37:34'),
(371, 432, 141, 8, '2018-06-26 08:37:43'),
(372, 293, 181, 10, '2018-06-26 08:37:47'),
(373, 432, 130, 8, '2018-06-26 08:37:57'),
(374, 293, 483, 10, '2018-06-26 08:37:57'),
(375, 432, 12, 8, '2018-06-26 08:38:04'),
(376, 291, 416, 10, '2018-06-26 08:38:13'),
(377, 432, 13, 8, '2018-06-26 08:38:18'),
(378, 291, 373, 10, '2018-06-26 08:38:22'),
(379, 432, 206, 8, '2018-06-26 08:38:26'),
(380, 432, 126, 8, '2018-06-26 08:38:33'),
(381, 291, 158, 10, '2018-06-26 08:38:34'),
(382, 293, 424, 10, '2018-06-26 08:38:38'),
(383, 432, 349, 8, '2018-06-26 08:38:52'),
(384, 293, 190, 10, '2018-06-26 08:38:58'),
(385, 293, 175, 10, '2018-06-26 08:39:07'),
(386, 291, 121, 10, '2018-06-26 08:39:08'),
(387, 293, 166, 10, '2018-06-26 08:39:13'),
(388, 291, 184, 10, '2018-06-26 08:39:40'),
(389, 291, 298, 10, '2018-06-26 08:40:24'),
(390, 432, 406, 8, '2018-06-26 08:42:20'),
(391, 242, 50, 9, '2018-06-26 08:42:33'),
(392, 242, 395, 9, '2018-06-26 08:42:38'),
(393, 242, 42, 9, '2018-06-26 08:43:19'),
(394, 232, 97, 7, '2018-06-26 08:43:32'),
(395, 232, 120, 11, '2018-06-26 10:16:16'),
(396, 232, 392, 11, '2018-06-26 10:18:29'),
(397, 232, 255, 11, '2018-06-26 10:22:56'),
(398, 232, 170, 11, '2018-06-26 10:23:01'),
(399, 232, 199, 11, '2018-06-26 10:23:06'),
(400, 232, 43, 11, '2018-06-26 10:23:47'),
(401, 232, 486, 11, '2018-06-26 10:23:52'),
(402, 232, 121, 11, '2018-06-26 10:24:02'),
(403, 232, 176, 11, '2018-06-26 10:24:10'),
(404, 232, 238, 11, '2018-06-26 10:24:20'),
(405, 232, 23, 11, '2018-06-26 10:24:28'),
(406, 232, 103, 11, '2018-06-26 10:24:35'),
(407, 232, 172, 11, '2018-06-26 10:24:45'),
(408, 232, 308, 11, '2018-06-26 10:25:19'),
(409, 51, 136, 76, '2018-06-26 10:25:28'),
(410, 51, 156, 76, '2018-06-26 10:25:41'),
(411, 51, 174, 76, '2018-06-26 10:25:46'),
(412, 232, 401, 11, '2018-06-26 10:25:53'),
(413, 51, 20, 76, '2018-06-26 10:25:56'),
(414, 51, 151, 76, '2018-06-26 10:26:08'),
(415, 51, 471, 76, '2018-06-26 10:26:13'),
(416, 51, 119, 76, '2018-06-26 10:26:18'),
(417, 232, 226, 11, '2018-06-26 10:26:34'),
(418, 232, 135, 11, '2018-06-26 10:26:39'),
(419, 51, 284, 76, '2018-06-26 10:26:42'),
(420, 51, 244, 76, '2018-06-26 10:26:49'),
(421, 51, 215, 76, '2018-06-26 10:27:02'),
(422, 229, 125, 5, '2018-06-26 10:27:25'),
(423, 229, 181, 5, '2018-06-26 10:27:40'),
(424, 229, 115, 5, '2018-06-26 10:27:47'),
(425, 229, 316, 5, '2018-06-26 10:27:54'),
(426, 229, 336, 5, '2018-06-26 10:27:59'),
(427, 229, 350, 5, '2018-06-26 10:28:04'),
(428, 51, 373, 76, '2018-06-26 10:28:06'),
(429, 229, 112, 5, '2018-06-26 10:28:10'),
(430, 51, 416, 76, '2018-06-26 10:28:11'),
(431, 229, 208, 5, '2018-06-26 10:28:15'),
(432, 51, 102, 76, '2018-06-26 10:28:19'),
(433, 232, 166, 11, '2018-06-26 10:28:20'),
(434, 229, 44, 5, '2018-06-26 10:28:25'),
(435, 232, 393, 11, '2018-06-26 10:28:25'),
(436, 229, 234, 5, '2018-06-26 10:28:27'),
(437, 51, 360, 76, '2018-06-26 10:28:31'),
(438, 229, 190, 5, '2018-06-26 10:28:34'),
(439, 232, 436, 11, '2018-06-26 10:28:35'),
(440, 229, 175, 5, '2018-06-26 10:28:39'),
(441, 232, 497, 11, '2018-06-26 10:28:43'),
(442, 229, 483, 5, '2018-06-26 10:28:46'),
(443, 232, 288, 11, '2018-06-26 10:28:48'),
(444, 51, 65, 76, '2018-06-26 10:29:01'),
(445, 51, 144, 76, '2018-06-26 10:29:12'),
(446, 51, 143, 76, '2018-06-26 10:29:17'),
(447, 229, 62, 5, '2018-06-26 10:29:38'),
(448, 229, 48, 5, '2018-06-26 10:29:41'),
(449, 51, 252, 76, '2018-06-26 10:29:58'),
(450, 232, 409, 11, '2018-06-26 10:30:36'),
(451, 51, 63, 76, '2018-06-26 10:30:40'),
(452, 51, 344, 76, '2018-06-26 10:30:45'),
(453, 232, 134, 11, '2018-06-26 10:30:52'),
(454, 51, 298, 76, '2018-06-26 10:30:57'),
(455, 229, 229, 5, '2018-06-26 10:31:11'),
(456, 51, 56, 76, '2018-06-26 10:31:15'),
(457, 51, 216, 76, '2018-06-26 10:31:23'),
(458, 51, 235, 76, '2018-06-26 10:31:26'),
(459, 51, 131, 76, '2018-06-26 10:31:31'),
(460, 51, 6, 76, '2018-06-26 10:31:37'),
(461, 51, 171, 76, '2018-06-26 10:31:45'),
(462, 51, 57, 76, '2018-06-26 10:31:51'),
(463, 229, 158, 5, '2018-06-26 10:31:55'),
(464, 229, 195, 5, '2018-06-26 10:32:01'),
(465, 229, 428, 5, '2018-06-26 10:32:06'),
(466, 51, 104, 76, '2018-06-26 10:32:12'),
(467, 229, 146, 5, '2018-06-26 10:32:13'),
(468, 229, 519, 5, '2018-06-26 10:32:17'),
(469, 232, 375, 11, '2018-06-26 10:32:32'),
(470, 51, 118, 76, '2018-06-26 10:32:32'),
(471, 51, 400, 76, '2018-06-26 10:32:41'),
(472, 51, 24, 76, '2018-06-26 10:32:55'),
(473, 229, 395, 5, '2018-06-26 10:34:05'),
(474, 229, 366, 5, '2018-06-26 10:34:53'),
(475, 229, 338, 5, '2018-06-26 10:35:01'),
(476, 229, 281, 5, '2018-06-26 10:35:11'),
(477, 232, 282, 11, '2018-06-26 10:35:24'),
(478, 51, 391, 76, '2018-06-26 10:35:55'),
(479, 51, 78, 76, '2018-06-26 10:36:00'),
(480, 51, 77, 76, '2018-06-26 10:36:27'),
(481, 51, 108, 76, '2018-06-26 10:36:40'),
(482, 229, 270, 5, '2018-06-26 10:37:06'),
(483, 51, 89, 76, '2018-06-26 10:37:32'),
(484, 51, 272, 76, '2018-06-26 10:37:41'),
(485, 51, 356, 76, '2018-06-26 10:37:50'),
(486, 51, 303, 76, '2018-06-26 10:37:57'),
(487, 51, 116, 76, '2018-06-26 10:38:08'),
(488, 51, 269, 76, '2018-06-26 10:38:25'),
(489, 229, 202, 5, '2018-06-26 10:38:33'),
(490, 51, 307, 76, '2018-06-26 10:40:09'),
(491, 232, 168, 11, '2018-06-26 10:41:46'),
(492, 229, 365, 5, '2018-06-26 10:41:59'),
(493, 232, 279, 11, '2018-06-26 10:42:45'),
(494, 5, 10, 14, '2018-06-26 13:42:04'),
(495, 5, 135, 14, '2018-06-26 13:45:17'),
(496, 32, 32, 17, '2018-06-26 13:50:53'),
(497, 178, 107, 16, '2018-06-26 13:51:14'),
(498, 178, 44, 16, '2018-06-26 13:51:23'),
(499, 32, 24, 17, '2018-06-26 13:51:28'),
(500, 125, 229, 16, '2018-06-26 13:51:40'),
(501, 32, 20, 17, '2018-06-26 13:51:47'),
(502, 178, 125, 16, '2018-06-26 13:51:53'),
(503, 232, 284, 78, '2018-06-26 13:52:42'),
(504, 232, 103, 78, '2018-06-26 13:52:52'),
(505, 32, 213, 17, '2018-06-26 13:53:00'),
(506, 125, 178, 16, '2018-06-26 13:53:22'),
(507, 32, 46, 17, '2018-06-26 13:53:26'),
(508, 5, 176, 14, '2018-06-26 13:53:37'),
(509, 5, 37, 14, '2018-06-26 13:53:47'),
(510, 5, 9, 14, '2018-06-26 13:53:57'),
(511, 178, 298, 16, '2018-06-26 13:54:12'),
(512, 178, 344, 16, '2018-06-26 13:54:26'),
(513, 32, 116, 17, '2018-06-26 13:55:03'),
(514, 178, 30, 16, '2018-06-26 13:55:05'),
(515, 178, 292, 16, '2018-06-26 13:55:32'),
(516, 125, 126, 16, '2018-06-26 13:55:37'),
(517, 232, 308, 78, '2018-06-26 13:55:44'),
(518, 178, 208, 16, '2018-06-26 13:56:01'),
(519, 232, 215, 78, '2018-06-26 13:56:01'),
(520, 178, 47, 16, '2018-06-26 13:56:41'),
(521, 5, 244, 14, '2018-06-26 13:56:46'),
(522, 232, 424, 78, '2018-06-26 13:56:53'),
(523, 32, 248, 17, '2018-06-26 13:56:56'),
(524, 232, 245, 78, '2018-06-26 13:57:01'),
(525, 232, 225, 78, '2018-06-26 13:57:09'),
(526, 232, 137, 78, '2018-06-26 13:57:15'),
(527, 178, 234, 16, '2018-06-26 13:57:21'),
(528, 125, 136, 16, '2018-06-26 13:57:28'),
(529, 178, 156, 16, '2018-06-26 13:57:29'),
(530, 232, 400, 78, '2018-06-26 13:57:29'),
(531, 178, 161, 16, '2018-06-26 13:57:37'),
(532, 125, 265, 16, '2018-06-26 13:57:38'),
(533, 232, 295, 78, '2018-06-26 13:57:44'),
(534, 5, 350, 14, '2018-06-26 13:57:48'),
(535, 32, 471, 17, '2018-06-26 13:58:55'),
(536, 32, 65, 17, '2018-06-26 13:59:02'),
(537, 232, 14, 78, '2018-06-26 13:59:05'),
(538, 232, 72, 78, '2018-06-26 14:00:46'),
(539, 232, 54, 78, '2018-06-26 14:00:52'),
(540, 125, 206, 16, '2018-06-26 14:00:59'),
(541, 178, 338, 16, '2018-06-26 14:01:00'),
(542, 125, 281, 16, '2018-06-26 14:01:08'),
(543, 232, 67, 78, '2018-06-26 14:01:31'),
(544, 178, 42, 16, '2018-06-26 14:01:56'),
(545, 32, 108, 17, '2018-06-26 14:02:04'),
(546, 32, 303, 17, '2018-06-26 14:02:20'),
(547, 232, 182, 78, '2018-06-26 14:02:33'),
(548, 32, 216, 17, '2018-06-26 14:03:37'),
(549, 178, 474, 16, '2018-06-26 14:04:08'),
(550, 178, 476, 16, '2018-06-26 14:04:20'),
(551, 232, 399, 78, '2018-06-26 14:05:32'),
(552, 5, 31, 14, '2018-06-26 14:05:51'),
(553, 455, 442, 14, '2018-06-26 14:06:19'),
(554, 178, 395, 16, '2018-06-26 14:06:21'),
(555, 5, 520, 14, '2018-06-26 14:06:48'),
(556, 32, 256, 17, '2018-06-26 14:06:54'),
(557, 32, 300, 17, '2018-06-26 14:07:04'),
(558, 125, 124, 16, '2018-06-26 14:08:37'),
(559, 32, 269, 17, '2018-06-26 14:09:41'),
(560, 178, 12, 16, '2018-06-26 14:10:10'),
(561, 178, 220, 16, '2018-06-26 14:11:43'),
(562, 178, 283, 16, '2018-06-26 14:12:29'),
(563, 232, 4, 78, '2018-06-26 14:18:38'),
(564, 178, 138, 16, '2018-06-26 14:34:03'),
(565, 178, 141, 16, '2018-06-26 14:37:58'),
(566, 1, 219, 11, '2018-06-26 14:46:00'),
(567, 1, 150, 11, '2018-06-26 14:49:00'),
(568, 1, 37, 11, '2018-06-26 14:50:00'),
(569, 1, 219, 7, '2018-06-26 14:52:00'),
(570, 58, 231, 18, '2018-06-26 16:13:53'),
(571, 58, 49, 18, '2018-06-26 16:15:10'),
(572, 58, 19, 18, '2018-06-26 16:18:09'),
(573, 58, 52, 18, '2018-06-26 16:18:22'),
(574, 58, 98, 18, '2018-06-26 16:18:28'),
(575, 58, 123, 18, '2018-06-26 16:19:10'),
(576, 58, 106, 18, '2018-06-26 16:19:33'),
(577, 58, 448, 18, '2018-06-26 16:23:26'),
(578, 58, 404, 18, '2018-06-26 16:23:55'),
(579, 178, 30, 19, '2018-06-26 16:24:24'),
(580, 58, 424, 18, '2018-06-26 16:26:46'),
(581, 58, 155, 18, '2018-06-26 16:27:20'),
(582, 58, 291, 18, '2018-06-26 16:27:46'),
(583, 58, 438, 18, '2018-06-26 16:27:53'),
(584, 58, 491, 18, '2018-06-26 16:28:04'),
(585, 178, 138, 19, '2018-06-26 16:28:14'),
(586, 42, 285, 20, '2018-06-26 16:29:58'),
(587, 229, 178, 19, '2018-06-26 16:30:05'),
(588, 42, 292, 20, '2018-06-26 16:30:05'),
(589, 178, 329, 19, '2018-06-26 16:30:30'),
(590, 58, 196, 18, '2018-06-26 16:30:33'),
(591, 42, 165, 20, '2018-06-26 16:30:34'),
(592, 42, 270, 20, '2018-06-26 16:30:41'),
(593, 42, 133, 20, '2018-06-26 16:31:01'),
(594, 42, 192, 20, '2018-06-26 16:31:11'),
(595, 58, 14, 18, '2018-06-26 16:31:18'),
(596, 58, 76, 18, '2018-06-26 16:31:53'),
(597, 178, 206, 19, '2018-06-26 16:32:19'),
(598, 51, 337, 77, '2018-06-26 16:32:39'),
(599, 51, 120, 77, '2018-06-26 16:32:44'),
(600, 51, 417, 77, '2018-06-26 16:32:48'),
(601, 178, 338, 19, '2018-06-26 16:32:51'),
(602, 178, 338, 19, '2018-06-26 16:32:51'),
(603, 51, 457, 77, '2018-06-26 16:32:54'),
(604, 51, 451, 77, '2018-06-26 16:33:00'),
(605, 51, 412, 77, '2018-06-26 16:33:05'),
(606, 58, 128, 18, '2018-06-26 16:33:11'),
(607, 51, 413, 77, '2018-06-26 16:33:13'),
(608, 51, 7, 77, '2018-06-26 16:33:18'),
(609, 58, 258, 18, '2018-06-26 16:33:23'),
(610, 51, 29, 77, '2018-06-26 16:33:26'),
(611, 58, 127, 18, '2018-06-26 16:33:28'),
(612, 42, 188, 20, '2018-06-26 16:33:29'),
(613, 51, 85, 77, '2018-06-26 16:33:36'),
(614, 51, 372, 77, '2018-06-26 16:33:39'),
(615, 51, 122, 77, '2018-06-26 16:33:49'),
(616, 51, 475, 77, '2018-06-26 16:33:54'),
(617, 51, 306, 77, '2018-06-26 16:33:58'),
(618, 42, 234, 20, '2018-06-26 16:33:59'),
(619, 58, 500, 18, '2018-06-26 16:34:00'),
(620, 51, 422, 77, '2018-06-26 16:34:02'),
(621, 51, 105, 77, '2018-06-26 16:34:07'),
(622, 58, 499, 18, '2018-06-26 16:34:13'),
(623, 51, 332, 77, '2018-06-26 16:34:29'),
(624, 51, 180, 77, '2018-06-26 16:34:32'),
(625, 51, 71, 77, '2018-06-26 16:34:50'),
(626, 51, 253, 77, '2018-06-26 16:35:56'),
(627, 51, 201, 77, '2018-06-26 16:35:58'),
(628, 51, 224, 77, '2018-06-26 16:36:06'),
(629, 512, 185, 77, '2018-06-26 16:36:13'),
(630, 178, 204, 19, '2018-06-26 16:36:32'),
(631, 178, 415, 19, '2018-06-26 16:36:40'),
(632, 178, 205, 19, '2018-06-26 16:36:46'),
(633, 42, 221, 20, '2018-06-26 16:39:51'),
(634, 42, 78, 20, '2018-06-26 16:40:02'),
(635, 42, 77, 20, '2018-06-26 16:40:07'),
(636, 51, 357, 77, '2018-06-26 16:40:32'),
(637, 42, 395, 20, '2018-06-26 16:41:53'),
(638, 42, 73, 20, '2018-06-26 16:42:12'),
(639, 58, 430, 18, '2018-06-26 16:42:48'),
(640, 178, 42, 19, '2018-06-26 16:42:59'),
(641, 58, 44, 18, '2018-06-26 16:45:39'),
(642, 42, 208, 20, '2018-06-26 16:46:09'),
(643, 51, 220, 77, '2018-06-26 16:47:06'),
(644, 51, 283, 77, '2018-06-26 16:47:26'),
(645, 512, 223, 77, '2018-06-26 16:48:04'),
(646, 58, 141, 18, '2018-06-26 16:57:11'),
(647, 58, 431, 18, '2018-06-26 17:14:17'),
(648, 58, 21, 18, '2018-06-26 17:14:23'),
(649, 58, 28, 18, '2018-06-26 18:12:01'),
(650, 65, 49, 21, '2018-06-26 18:46:11'),
(651, 58, 123, 22, '2018-06-26 18:48:00'),
(652, 224, 98, 22, '2018-06-26 18:48:03'),
(653, 224, 106, 22, '2018-06-26 18:48:07'),
(654, 58, 52, 22, '2018-06-26 18:48:08'),
(655, 224, 19, 22, '2018-06-26 18:48:14'),
(656, 58, 101, 22, '2018-06-26 18:49:36'),
(657, 58, 76, 22, '2018-06-26 18:50:22'),
(658, 242, 414, 25, '2018-06-26 18:51:03'),
(659, 65, 291, 21, '2018-06-26 18:51:54'),
(660, 65, 155, 21, '2018-06-26 18:52:00'),
(661, 65, 293, 21, '2018-06-26 18:52:19'),
(662, 28, 166, 100, '2018-06-26 18:53:30'),
(663, 242, 242, 25, '2018-06-26 18:55:02'),
(664, 242, 285, 25, '2018-06-26 18:55:41'),
(665, 242, 518, 25, '2018-06-26 18:55:53'),
(666, 65, 438, 21, '2018-06-26 18:56:20'),
(667, 58, 216, 22, '2018-06-26 18:56:30'),
(668, 242, 270, 25, '2018-06-26 18:56:34'),
(669, 242, 202, 25, '2018-06-26 18:56:47'),
(670, 242, 133, 25, '2018-06-26 18:57:00'),
(671, 242, 145, 25, '2018-06-26 18:57:07'),
(672, 242, 141, 25, '2018-06-26 18:57:22'),
(673, 65, 160, 21, '2018-06-26 18:57:27'),
(674, 242, 12, 25, '2018-06-26 18:57:30'),
(675, 65, 225, 21, '2018-06-26 18:57:47'),
(676, 65, 152, 21, '2018-06-26 18:57:59'),
(677, 58, 217, 22, '2018-06-26 18:58:07'),
(678, 242, 457, 25, '2018-06-26 18:58:44'),
(679, 242, 75, 25, '2018-06-26 18:59:04'),
(680, 65, 231, 21, '2018-06-26 18:59:13'),
(681, 242, 262, 25, '2018-06-26 18:59:15'),
(682, 242, 265, 25, '2018-06-26 18:59:21'),
(683, 242, 348, 25, '2018-06-26 18:59:28'),
(684, 125, 6, 24, '2018-06-26 19:00:15'),
(685, 125, 235, 24, '2018-06-26 19:00:26'),
(686, 242, 276, 25, '2018-06-26 19:00:29'),
(687, 224, 245, 22, '2018-06-26 19:00:33'),
(688, 125, 102, 24, '2018-06-26 19:00:38'),
(689, 125, 108, 24, '2018-06-26 19:00:46'),
(690, 125, 206, 24, '2018-06-26 19:01:01'),
(691, 242, 229, 25, '2018-06-26 19:01:06'),
(692, 242, 427, 25, '2018-06-26 19:01:28'),
(693, 224, 184, 22, '2018-06-26 19:01:30'),
(694, 242, 30, 25, '2018-06-26 19:01:39'),
(695, 125, 126, 24, '2018-06-26 19:02:17'),
(696, 224, 22, 22, '2018-06-26 19:02:58'),
(697, 224, 198, 22, '2018-06-26 19:03:24'),
(698, 224, 226, 22, '2018-06-26 19:03:35'),
(699, 28, 24, 100, '2018-06-26 19:04:43'),
(700, 58, 137, 22, '2018-06-26 19:05:02'),
(701, 28, 298, 100, '2018-06-26 19:05:06'),
(702, 242, 395, 25, '2018-06-26 19:05:13'),
(703, 221, 349, 24, '2018-06-26 19:05:27'),
(704, 65, 490, 21, '2018-06-26 19:05:35'),
(705, 221, 329, 24, '2018-06-26 19:05:35'),
(706, 221, 45, 24, '2018-06-26 19:05:41'),
(707, 221, 358, 24, '2018-06-26 19:05:50'),
(708, 221, 113, 24, '2018-06-26 19:05:56'),
(709, 221, 256, 24, '2018-06-26 19:06:06'),
(710, 221, 125, 24, '2018-06-26 19:07:50'),
(711, 221, 221, 24, '2018-06-26 19:08:36'),
(712, 224, 4, 22, '2018-06-26 19:10:05'),
(713, 58, 215, 22, '2018-06-26 19:11:33'),
(714, 58, 308, 22, '2018-06-26 19:11:37'),
(715, 242, 112, 25, '2018-06-26 19:13:36'),
(716, 125, 73, 24, '2018-06-26 19:14:24'),
(717, 8, 124, 26, '2018-06-26 20:45:33'),
(718, 8, 42, 26, '2018-06-26 20:50:46'),
(719, 8, 208, 26, '2018-06-26 20:50:53'),
(720, 8, 138, 26, '2018-06-26 20:52:58'),
(721, 138, 8, 26, '2018-06-26 20:54:08'),
(722, 8, 178, 26, '2018-06-26 20:54:42'),
(723, 138, 494, 26, '2018-06-26 20:58:01'),
(724, 8, 323, 26, '2018-06-26 20:58:07'),
(725, 8, 338, 26, '2018-06-26 20:58:13'),
(726, 8, 119, 26, '2018-06-26 20:58:58'),
(727, 8, 117, 26, '2018-06-26 20:59:06'),
(728, 8, 281, 26, '2018-06-26 20:59:13'),
(729, 8, 166, 26, '2018-06-26 20:59:17'),
(730, 8, 48, 26, '2018-06-26 20:59:42'),
(731, 8, 285, 26, '2018-06-26 20:59:48'),
(732, 8, 9, 26, '2018-06-26 20:59:57'),
(733, 8, 276, 26, '2018-06-26 21:00:04'),
(734, 8, 518, 26, '2018-06-26 21:00:15'),
(735, 8, 363, 26, '2018-06-26 21:00:20'),
(736, 8, 133, 26, '2018-06-26 21:00:30'),
(737, 8, 366, 26, '2018-06-26 21:00:36'),
(738, 8, 347, 26, '2018-06-26 21:00:42'),
(739, 8, 473, 26, '2018-06-26 21:00:49'),
(740, 8, 336, 26, '2018-06-26 21:01:20'),
(741, 8, 73, 26, '2018-06-26 21:01:53'),
(742, 8, 365, 26, '2018-06-26 21:02:12'),
(743, 8, 358, 26, '2018-06-26 21:02:23'),
(744, 8, 113, 26, '2018-06-26 21:04:35'),
(745, 8, 395, 26, '2018-06-26 21:10:40'),
(746, 5, 4, 28, '2018-06-27 08:17:57'),
(747, 232, 148, 27, '2018-06-27 08:23:11'),
(748, 232, 100, 27, '2018-06-27 08:23:25'),
(749, 232, 184, 27, '2018-06-27 08:24:54'),
(750, 5, 24, 28, '2018-06-27 08:26:58'),
(751, 221, 107, 31, '2018-06-27 08:28:41'),
(752, 221, 64, 31, '2018-06-27 08:28:48'),
(753, 221, 38, 31, '2018-06-27 08:28:55'),
(754, 221, 126, 31, '2018-06-27 08:29:09'),
(755, 221, 85, 31, '2018-06-27 08:29:23'),
(756, 5, 144, 28, '2018-06-27 08:29:41'),
(757, 308, 161, 29, '2018-06-27 08:29:44'),
(758, 308, 392, 29, '2018-06-27 08:29:53'),
(759, 5, 143, 28, '2018-06-27 08:29:56'),
(760, 308, 80, 29, '2018-06-27 08:29:58'),
(761, 308, 123, 29, '2018-06-27 08:30:06'),
(762, 308, 98, 29, '2018-06-27 08:30:18'),
(763, 232, 343, 27, '2018-06-27 08:30:21'),
(764, 308, 19, 29, '2018-06-27 08:30:27'),
(765, 308, 456, 29, '2018-06-27 08:30:32'),
(766, 308, 10, 29, '2018-06-27 08:30:41'),
(767, 308, 376, 29, '2018-06-27 08:30:49'),
(768, 308, 106, 29, '2018-06-27 08:30:56'),
(769, 308, 170, 29, '2018-06-27 08:30:59'),
(770, 308, 103, 29, '2018-06-27 08:31:03'),
(771, 308, 250, 29, '2018-06-27 08:31:10'),
(772, 308, 163, 29, '2018-06-27 08:31:14'),
(773, 232, 166, 27, '2018-06-27 08:31:24'),
(774, 232, 23, 27, '2018-06-27 08:31:30'),
(775, 308, 31, 29, '2018-06-27 08:31:30'),
(776, 5, 102, 28, '2018-06-27 08:31:31'),
(777, 232, 284, 27, '2018-06-27 08:31:34'),
(778, 5, 20, 28, '2018-06-27 08:32:06'),
(779, 5, 65, 28, '2018-06-27 08:32:35'),
(780, 308, 93, 29, '2018-06-27 08:32:39'),
(781, 232, 253, 27, '2018-06-27 08:32:42'),
(782, 232, 180, 27, '2018-06-27 08:32:45'),
(783, 308, 199, 29, '2018-06-27 08:33:06'),
(784, 308, 402, 29, '2018-06-27 08:33:10'),
(785, 455, 486, 29, '2018-06-27 08:33:12'),
(786, 455, 424, 29, '2018-06-27 08:33:18'),
(787, 308, 52, 29, '2018-06-27 08:33:30'),
(788, 455, 134, 29, '2018-06-27 08:33:40'),
(789, 232, 225, 27, '2018-06-27 08:34:01'),
(790, 308, 255, 29, '2018-06-27 08:34:03'),
(791, 125, 365, 82, '2018-06-27 08:34:30'),
(792, 125, 13, 82, '2018-06-27 08:34:36'),
(793, 125, 363, 82, '2018-06-27 08:34:40'),
(794, 125, 360, 82, '2018-06-27 08:34:44'),
(795, 125, 295, 82, '2018-06-27 08:34:53'),
(796, 24, 5, 28, '2018-06-27 08:35:11'),
(797, 308, 156, 29, '2018-06-27 08:35:14'),
(798, 125, 48, 82, '2018-06-27 08:35:24'),
(799, 125, 47, 82, '2018-06-27 08:35:36'),
(800, 125, 194, 82, '2018-06-27 08:35:41'),
(801, 125, 164, 82, '2018-06-27 08:35:47'),
(802, 5, 89, 28, '2018-06-27 08:35:55'),
(803, 232, 179, 27, '2018-06-27 08:36:04'),
(804, 125, 78, 82, '2018-06-27 08:36:38'),
(805, 125, 77, 82, '2018-06-27 08:36:46'),
(806, 229, 44, 75, '2018-06-27 08:37:12'),
(807, 232, 185, 27, '2018-06-27 08:37:13'),
(808, 229, 204, 75, '2018-06-27 08:37:15'),
(809, 308, 176, 29, '2018-06-27 08:37:16'),
(810, 125, 240, 82, '2018-06-27 08:37:18'),
(811, 229, 8, 75, '2018-06-27 08:37:22'),
(812, 229, 192, 75, '2018-06-27 08:37:26'),
(813, 125, 208, 82, '2018-06-27 08:37:28'),
(814, 229, 40, 75, '2018-06-27 08:37:28'),
(815, 229, 165, 75, '2018-06-27 08:37:34'),
(816, 125, 92, 82, '2018-06-27 08:37:50'),
(817, 125, 73, 82, '2018-06-27 08:37:59'),
(818, 229, 138, 75, '2018-06-27 08:39:11'),
(819, 229, 395, 75, '2018-06-27 08:39:16'),
(820, 5, 32, 28, '2018-06-27 08:39:49'),
(821, 232, 226, 27, '2018-06-27 08:39:50'),
(822, 5, 79, 28, '2018-06-27 08:40:07'),
(823, 5, 131, 28, '2018-06-27 08:40:30'),
(824, 308, 215, 29, '2018-06-27 08:40:37'),
(825, 5, 198, 28, '2018-06-27 08:40:43'),
(826, 24, 216, 28, '2018-06-27 08:41:01'),
(827, 5, 191, 28, '2018-06-27 08:41:13'),
(828, 5, 238, 28, '2018-06-27 08:41:16'),
(829, 24, 252, 28, '2018-06-27 08:41:18'),
(830, 24, 272, 28, '2018-06-27 08:41:24'),
(831, 5, 136, 28, '2018-06-27 08:41:32'),
(832, 5, 118, 28, '2018-06-27 08:42:03'),
(833, 24, 108, 28, '2018-06-27 08:42:16'),
(834, 24, 174, 28, '2018-06-27 08:42:36'),
(835, 232, 400, 27, '2018-06-27 08:42:52'),
(836, 5, 303, 28, '2018-06-27 08:43:00'),
(837, 24, 298, 28, '2018-06-27 08:43:09'),
(838, 125, 101, 82, '2018-06-27 08:44:25'),
(839, 24, 104, 28, '2018-06-27 08:45:25'),
(840, 24, 420, 28, '2018-06-27 08:45:39'),
(841, 232, 122, 27, '2018-06-27 08:46:52'),
(842, 125, 270, 82, '2018-06-27 08:46:53'),
(843, 229, 84, 75, '2018-06-27 08:46:59'),
(844, 125, 398, 82, '2018-06-27 08:50:16'),
(845, 229, 30, 75, '2018-06-27 09:24:26'),
(846, 15, 15, 4, '2018-06-27 09:35:46'),
(847, 15, 15, 71, '2018-06-27 09:35:59'),
(848, 15, 15, 7, '2018-06-27 09:36:12'),
(849, 15, 15, 10, '2018-06-27 09:36:25'),
(850, 15, 15, 11, '2018-06-27 09:36:37'),
(851, 15, 15, 14, '2018-06-27 09:36:48'),
(852, 15, 15, 16, '2018-06-27 09:36:55'),
(853, 15, 15, 18, '2018-06-27 09:37:09'),
(854, 15, 15, 19, '2018-06-27 09:37:20'),
(855, 15, 15, 22, '2018-06-27 09:37:33'),
(856, 15, 15, 25, '2018-06-27 09:37:52'),
(857, 15, 15, 100, '2018-06-27 09:38:18'),
(858, 125, 145, 31, '2018-06-27 10:28:55'),
(859, 125, 141, 31, '2018-06-27 10:29:02'),
(860, 125, 130, 31, '2018-06-27 10:29:12'),
(861, 125, 349, 31, '2018-06-27 10:29:19'),
(862, 125, 371, 31, '2018-06-27 10:29:25'),
(863, 125, 12, 31, '2018-06-27 10:29:32'),
(864, 125, 206, 31, '2018-06-27 10:29:58'),
(865, 229, 36, 83, '2018-06-27 10:30:12'),
(866, 229, 133, 83, '2018-06-27 10:30:18'),
(867, 229, 9, 83, '2018-06-27 10:30:23'),
(868, 125, 278, 31, '2018-06-27 10:30:36'),
(869, 229, 8, 83, '2018-06-27 10:31:05'),
(870, 125, 285, 31, '2018-06-27 10:31:07'),
(871, 229, 68, 83, '2018-06-27 10:31:08'),
(872, 125, 315, 31, '2018-06-27 10:31:14'),
(873, 125, 406, 31, '2018-06-27 10:31:49'),
(874, 229, 30, 83, '2018-06-27 10:31:55'),
(875, 229, 229, 83, '2018-06-27 10:32:47'),
(876, 229, 42, 83, '2018-06-27 10:32:53'),
(877, 229, 113, 83, '2018-06-27 10:36:02'),
(878, 229, 358, 83, '2018-06-27 10:40:42'),
(879, 8, 107, 86, '2018-06-27 12:52:43'),
(880, 8, 377, 86, '2018-06-27 12:56:32'),
(881, 8, 103, 86, '2018-06-27 12:57:07'),
(882, 8, 68, 86, '2018-06-27 12:57:18'),
(883, 8, 138, 86, '2018-06-27 13:02:11'),
(884, 8, 338, 86, '2018-06-27 13:02:40'),
(885, 8, 234, 86, '2018-06-27 13:06:08'),
(886, 8, 84, 86, '2018-06-27 13:07:25'),
(887, 138, 8, 86, '2018-06-27 13:08:44'),
(888, 8, 42, 86, '2018-06-27 13:15:42'),
(889, 8, 395, 86, '2018-06-27 13:29:19'),
(890, 8, 30, 86, '2018-06-27 13:34:01'),
(891, 8, 229, 86, '2018-06-27 13:34:06'),
(892, 65, 255, 32, '2018-06-27 13:52:43'),
(893, 65, 201, 32, '2018-06-27 13:57:51'),
(894, 65, 134, 32, '2018-06-27 13:59:56'),
(895, 65, 180, 32, '2018-06-27 14:00:21'),
(896, 65, 253, 32, '2018-06-27 14:00:28'),
(897, 65, 308, 32, '2018-06-27 14:01:28'),
(898, 65, 215, 32, '2018-06-27 14:02:11'),
(899, 65, 176, 32, '2018-06-27 14:04:36'),
(900, 65, 37, 32, '2018-06-27 14:05:20'),
(901, 65, 509, 32, '2018-06-27 14:06:27'),
(902, 65, 356, 32, '2018-06-27 14:09:37'),
(903, 65, 431, 32, '2018-06-27 14:12:52'),
(904, 65, 504, 32, '2018-06-27 14:13:10'),
(905, 65, 71, 32, '2018-06-27 14:15:23'),
(906, 221, 106, 85, '2018-06-27 14:51:51'),
(907, 221, 19, 85, '2018-06-27 14:51:56'),
(908, 221, 98, 85, '2018-06-27 14:52:05'),
(909, 221, 161, 85, '2018-06-27 14:52:14'),
(910, 221, 118, 85, '2018-06-27 14:52:23'),
(911, 221, 122, 85, '2018-06-27 14:52:29'),
(912, 221, 123, 85, '2018-06-27 14:52:39'),
(913, 221, 52, 85, '2018-06-27 14:52:42'),
(914, 221, 156, 85, '2018-06-27 14:52:50'),
(915, 221, 136, 85, '2018-06-27 14:52:56'),
(916, 221, 32, 85, '2018-06-27 14:53:01'),
(917, 221, 420, 85, '2018-06-27 14:53:07'),
(918, 221, 424, 85, '2018-06-27 14:53:12'),
(919, 221, 244, 85, '2018-06-27 14:53:19'),
(920, 221, 252, 85, '2018-06-27 14:53:31'),
(921, 221, 225, 85, '2018-06-27 14:53:38'),
(922, 221, 148, 85, '2018-06-27 14:53:47'),
(923, 221, 94, 85, '2018-06-27 14:54:00'),
(924, 221, 298, 85, '2018-06-27 14:54:26'),
(925, 221, 264, 85, '2018-06-27 14:54:33'),
(926, 221, 181, 85, '2018-06-27 14:55:28'),
(927, 221, 51, 85, '2018-06-27 14:56:04'),
(928, 221, 344, 85, '2018-06-27 14:56:09'),
(929, 221, 168, 85, '2018-06-27 14:56:30'),
(930, 221, 152, 85, '2018-06-27 14:56:38'),
(931, 221, 171, 85, '2018-06-27 14:56:46'),
(932, 221, 128, 85, '2018-06-27 14:58:22'),
(933, 221, 160, 85, '2018-06-27 14:58:29'),
(934, 221, 63, 85, '2018-06-27 14:58:35'),
(935, 221, 56, 85, '2018-06-27 14:58:40'),
(936, 221, 127, 85, '2018-06-27 14:58:49'),
(937, 221, 216, 85, '2018-06-27 14:59:41'),
(938, 221, 235, 85, '2018-06-27 14:59:47'),
(939, 221, 6, 85, '2018-06-27 14:59:53'),
(940, 221, 373, 85, '2018-06-27 15:00:09'),
(941, 221, 57, 85, '2018-06-27 15:00:59'),
(942, 221, 72, 85, '2018-06-27 15:01:03'),
(943, 221, 67, 85, '2018-06-27 15:01:06'),
(944, 221, 42, 85, '2018-06-27 15:02:27'),
(945, 221, 166, 85, '2018-06-27 15:02:47'),
(946, 221, 359, 85, '2018-06-27 15:02:56'),
(947, 221, 179, 85, '2018-06-27 15:03:19'),
(948, 221, 164, 85, '2018-06-27 15:03:27'),
(949, 221, 477, 85, '2018-06-27 15:03:32'),
(950, 221, 186, 85, '2018-06-27 15:03:49'),
(951, 221, 24, 85, '2018-06-27 15:04:47'),
(952, 221, 399, 85, '2018-06-27 15:05:19'),
(953, 221, 5, 85, '2018-06-27 15:05:28'),
(954, 221, 124, 85, '2018-06-27 15:07:33'),
(955, 221, 231, 85, '2018-06-27 15:08:44'),
(956, 221, 416, 85, '2018-06-27 15:08:51'),
(957, 5, 374, 85, '2018-06-27 15:08:52'),
(958, 221, 133, 85, '2018-06-27 15:09:15'),
(959, 221, 357, 85, '2018-06-27 15:10:19'),
(960, 5, 40, 85, '2018-06-27 15:10:25'),
(961, 221, 221, 85, '2018-06-27 15:10:34'),
(962, 5, 490, 85, '2018-06-27 15:11:30'),
(963, 5, 38, 85, '2018-06-27 15:12:50'),
(964, 221, 202, 85, '2018-06-27 15:13:22'),
(965, 221, 428, 85, '2018-06-27 15:13:46'),
(966, 221, 493, 85, '2018-06-27 15:14:29'),
(967, 221, 117, 85, '2018-06-27 15:15:50'),
(968, 221, 489, 85, '2018-06-27 15:21:23'),
(969, 28, 28, 85, '2018-06-27 15:30:29'),
(970, 51, 305, 39, '2018-06-27 18:48:53'),
(971, 51, 11, 39, '2018-06-27 18:49:03'),
(972, 51, 377, 39, '2018-06-27 18:49:09'),
(973, 51, 298, 39, '2018-06-27 18:50:24'),
(974, 221, 40, 87, '2018-06-27 18:50:36'),
(975, 28, 230, 37, '2018-06-27 18:50:42'),
(976, 28, 217, 37, '2018-06-27 18:51:30'),
(977, 51, 51, 39, '2018-06-27 18:52:09'),
(978, 221, 221, 87, '2018-06-27 18:52:11'),
(979, 221, 242, 87, '2018-06-27 18:53:12'),
(980, 51, 344, 39, '2018-06-27 18:53:24'),
(981, 51, 313, 39, '2018-06-27 18:53:31'),
(982, 51, 131, 39, '2018-06-27 18:53:42'),
(983, 28, 458, 37, '2018-06-27 18:53:47'),
(984, 24, 74, 37, '2018-06-27 18:53:51'),
(985, 138, 180, 40, '2018-06-27 18:53:55'),
(986, 51, 43, 39, '2018-06-27 18:54:12'),
(987, 138, 37, 40, '2018-06-27 18:54:15'),
(988, 138, 332, 40, '2018-06-27 18:54:20'),
(989, 51, 102, 39, '2018-06-27 18:54:22'),
(990, 138, 134, 40, '2018-06-27 18:54:29'),
(991, 51, 108, 39, '2018-06-27 18:54:29'),
(992, 51, 216, 39, '2018-06-27 18:54:34'),
(993, 138, 176, 40, '2018-06-27 18:54:37'),
(994, 51, 6, 39, '2018-06-27 18:54:44'),
(995, 138, 121, 40, '2018-06-27 18:54:48'),
(996, 24, 464, 37, '2018-06-27 18:54:51'),
(997, 51, 237, 39, '2018-06-27 18:54:53'),
(998, 51, 116, 39, '2018-06-27 18:54:58'),
(999, 51, 273, 39, '2018-06-27 18:55:11'),
(1000, 138, 279, 40, '2018-06-27 18:55:50'),
(1001, 51, 103, 39, '2018-06-27 18:55:57'),
(1002, 51, 75, 39, '2018-06-27 18:56:05'),
(1003, 51, 101, 39, '2018-06-27 18:56:10'),
(1004, 138, 529, 40, '2018-06-27 18:56:29'),
(1005, 138, 7, 40, '2018-06-27 18:56:46'),
(1006, 51, 5, 39, '2018-06-27 18:56:57'),
(1007, 138, 42, 40, '2018-06-27 18:57:19'),
(1008, 138, 270, 40, '2018-06-27 18:57:32'),
(1009, 138, 171, 40, '2018-06-27 18:57:38'),
(1010, 138, 235, 40, '2018-06-27 18:57:45'),
(1011, 24, 354, 37, '2018-06-27 18:57:52'),
(1012, 51, 174, 39, '2018-06-27 18:57:54'),
(1013, 24, 152, 37, '2018-06-27 18:57:58'),
(1015, 51, 20, 39, '2018-06-27 18:57:59'),
(1016, 28, 22, 37, '2018-06-27 18:58:01'),
(1017, 51, 415, 39, '2018-06-27 18:58:06'),
(1018, 42, 138, 40, '2018-06-27 18:58:07'),
(1019, 51, 374, 39, '2018-06-27 18:58:15'),
(1020, 51, 288, 39, '2018-06-27 18:58:20'),
(1021, 138, 229, 40, '2018-06-27 18:58:22'),
(1022, 51, 252, 39, '2018-06-27 18:58:25'),
(1023, 138, 45, 40, '2018-06-27 18:58:34'),
(1024, 28, 353, 37, '2018-06-27 18:58:35'),
(1025, 138, 323, 40, '2018-06-27 18:58:43'),
(1026, 138, 400, 40, '2018-06-27 18:58:57'),
(1027, 138, 244, 40, '2018-06-27 18:59:08'),
(1028, 28, 160, 37, '2018-06-27 18:59:31'),
(1029, 24, 128, 37, '2018-06-27 18:59:31'),
(1030, 51, 186, 39, '2018-06-27 18:59:43'),
(1031, 229, 225, 40, '2018-06-27 18:59:48'),
(1032, 24, 28, 37, '2018-06-27 18:59:49'),
(1033, 51, 420, 39, '2018-06-27 18:59:49'),
(1034, 51, 501, 39, '2018-06-27 18:59:54'),
(1035, 51, 391, 39, '2018-06-27 19:00:02'),
(1036, 28, 24, 37, '2018-06-27 19:00:12'),
(1037, 138, 412, 40, '2018-06-27 19:00:15'),
(1038, 229, 413, 40, '2018-06-27 19:00:17'),
(1039, 51, 348, 39, '2018-06-27 19:00:33'),
(1040, 51, 303, 39, '2018-06-27 19:00:44'),
(1041, 229, 281, 40, '2018-06-27 19:00:48'),
(1043, 51, 136, 39, '2018-06-27 19:02:14'),
(1044, 51, 97, 39, '2018-06-27 19:02:20'),
(1045, 229, 395, 40, '2018-06-27 19:02:22'),
(1046, 51, 272, 39, '2018-06-27 19:02:32'),
(1047, 51, 89, 39, '2018-06-27 19:02:36'),
(1048, 138, 36, 40, '2018-06-27 19:03:17'),
(1050, 138, 41, 40, '2018-06-27 19:03:29'),
(1051, 51, 507, 39, '2018-06-27 19:03:31'),
(1052, 138, 337, 40, '2018-06-27 19:03:35'),
(1053, 138, 262, 40, '2018-06-27 19:04:10'),
(1054, 369, 295, 39, '2018-06-27 19:04:18'),
(1055, 221, 338, 87, '2018-06-27 19:04:39'),
(1056, 51, 67, 39, '2018-06-27 19:05:33'),
(1057, 369, 72, 39, '2018-06-27 19:05:35'),
(1058, 24, 215, 37, '2018-06-27 19:06:01'),
(1059, 138, 306, 40, '2018-06-27 19:06:16'),
(1060, 138, 372, 40, '2018-06-27 19:06:22'),
(1061, 229, 283, 40, '2018-06-27 19:06:37'),
(1062, 221, 519, 87, '2018-06-27 19:07:14'),
(1063, 24, 437, 37, '2018-06-27 19:07:36'),
(1064, 24, 290, 37, '2018-06-27 19:08:45'),
(1065, 24, 459, 37, '2018-06-27 19:08:53'),
(1066, 138, 220, 40, '2018-06-27 19:08:54'),
(1067, 221, 328, 87, '2018-06-27 19:09:42'),
(1068, 24, 63, 37, '2018-06-27 19:09:50'),
(1069, 24, 54, 37, '2018-06-27 19:10:05'),
(1070, 369, 248, 39, '2018-06-27 19:11:53'),
(1072, 369, 56, 39, '2018-06-27 19:15:52'),
(1073, 369, 57, 39, '2018-06-27 19:16:07'),
(1074, 369, 282, 39, '2018-06-27 19:33:20'),
(1075, 369, 443, 39, '2018-06-27 19:35:07'),
(1076, 65, 303, 42, '2018-06-28 08:29:45'),
(1077, 65, 272, 42, '2018-06-28 08:30:25'),
(1078, 65, 420, 42, '2018-06-28 08:30:31'),
(1079, 65, 152, 42, '2018-06-28 08:31:05'),
(1080, 65, 348, 42, '2018-06-28 08:31:11'),
(1081, 65, 20, 42, '2018-06-28 08:31:36'),
(1082, 125, 208, 88, '2018-06-28 08:33:13'),
(1083, 125, 385, 88, '2018-06-28 08:33:50'),
(1084, 291, 423, 41, '2018-06-28 08:34:34'),
(1085, 125, 92, 88, '2018-06-28 08:34:35'),
(1086, 291, 80, 41, '2018-06-28 08:34:40'),
(1087, 291, 424, 41, '2018-06-28 08:34:44'),
(1088, 291, 216, 41, '2018-06-28 08:34:48'),
(1089, 291, 134, 41, '2018-06-28 08:34:52'),
(1090, 291, 375, 41, '2018-06-28 08:34:56'),
(1091, 291, 184, 41, '2018-06-28 08:35:02'),
(1092, 291, 100, 41, '2018-06-28 08:35:08'),
(1093, 291, 172, 41, '2018-06-28 08:35:12'),
(1094, 291, 103, 41, '2018-06-28 08:35:16'),
(1095, 125, 360, 88, '2018-06-28 08:35:20'),
(1096, 291, 416, 41, '2018-06-28 08:35:22'),
(1097, 125, 295, 88, '2018-06-28 08:35:25'),
(1098, 291, 373, 41, '2018-06-28 08:35:26'),
(1099, 291, 163, 41, '2018-06-28 08:35:31'),
(1100, 291, 165, 41, '2018-06-28 08:35:35'),
(1101, 125, 48, 88, '2018-06-28 08:35:37'),
(1102, 291, 402, 41, '2018-06-28 08:35:39'),
(1103, 125, 13, 88, '2018-06-28 08:35:41'),
(1104, 291, 98, 41, '2018-06-28 08:35:43'),
(1105, 291, 52, 41, '2018-06-28 08:35:49'),
(1106, 291, 123, 41, '2018-06-28 08:35:52'),
(1107, 291, 127, 41, '2018-06-28 08:35:56'),
(1108, 291, 71, 41, '2018-06-28 08:36:00'),
(1109, 291, 199, 41, '2018-06-28 08:36:07'),
(1110, 291, 215, 41, '2018-06-28 08:36:13'),
(1111, 291, 225, 41, '2018-06-28 08:36:47'),
(1112, 65, 118, 42, '2018-06-28 08:36:51'),
(1113, 367, 248, 90, '2018-06-28 08:37:10'),
(1114, 291, 279, 41, '2018-06-28 08:39:04'),
(1115, 125, 240, 88, '2018-06-28 08:40:08'),
(1116, 291, 282, 41, '2018-06-28 08:41:24'),
(1117, 291, 168, 41, '2018-06-28 08:41:29'),
(1118, 125, 78, 88, '2018-06-28 08:42:09'),
(1119, 125, 77, 88, '2018-06-28 08:42:15'),
(1120, 51, 367, 90, '2018-06-28 08:47:48'),
(1121, 291, 308, 41, '2018-06-28 08:50:22'),
(1122, 8, 138, 44, '2018-06-28 10:21:26'),
(1123, 8, 68, 44, '2018-06-28 10:26:37'),
(1124, 8, 116, 44, '2018-06-28 10:26:46'),
(1125, 8, 216, 44, '2018-06-28 10:27:07'),
(1126, 8, 292, 44, '2018-06-28 10:27:13'),
(1127, 138, 8, 44, '2018-06-28 10:28:26'),
(1128, 8, 62, 44, '2018-06-28 10:30:03'),
(1129, 60, 80, 43, '2018-06-28 10:30:45'),
(1130, 60, 134, 43, '2018-06-28 10:30:52'),
(1131, 60, 424, 43, '2018-06-28 10:30:57'),
(1132, 60, 165, 43, '2018-06-28 10:31:03'),
(1133, 60, 163, 43, '2018-06-28 10:31:10'),
(1134, 60, 373, 43, '2018-06-28 10:31:14'),
(1135, 60, 402, 43, '2018-06-28 10:31:16'),
(1136, 60, 168, 43, '2018-06-28 10:31:26'),
(1137, 60, 71, 43, '2018-06-28 10:31:49'),
(1138, 60, 225, 43, '2018-06-28 10:31:55'),
(1139, 60, 156, 43, '2018-06-28 10:32:03'),
(1140, 60, 184, 43, '2018-06-28 10:32:08'),
(1141, 60, 121, 43, '2018-06-28 10:32:14'),
(1142, 60, 162, 43, '2018-06-28 10:33:05'),
(1143, 60, 423, 43, '2018-06-28 10:34:59'),
(1144, 60, 279, 43, '2018-06-28 10:35:47'),
(1145, 60, 282, 43, '2018-06-28 10:35:54'),
(1146, 60, 454, 43, '2018-06-28 10:40:16'),
(1147, 138, 395, 44, '2018-06-28 10:44:09'),
(1148, 138, 112, 44, '2018-06-28 10:44:16'),
(1149, 308, 215, 45, '2018-06-28 13:46:53'),
(1150, 24, 158, 46, '2018-06-28 13:48:21'),
(1151, 24, 442, 46, '2018-06-28 13:48:36'),
(1152, 24, 375, 46, '2018-06-28 13:48:47'),
(1153, 308, 37, 45, '2018-06-28 13:49:11'),
(1154, 308, 121, 45, '2018-06-28 13:49:19'),
(1155, 24, 259, 46, '2018-06-28 13:51:38'),
(1156, 24, 190, 46, '2018-06-28 13:51:54'),
(1157, 24, 175, 46, '2018-06-28 13:52:01'),
(1158, 42, 178, 49, '2018-06-28 13:53:11'),
(1159, 24, 181, 46, '2018-06-28 13:54:26'),
(1160, 308, 424, 45, '2018-06-28 13:55:21'),
(1161, 308, 250, 45, '2018-06-28 13:57:08'),
(1162, 308, 134, 45, '2018-06-28 13:57:44'),
(1163, 308, 172, 45, '2018-06-28 13:58:36'),
(1164, 308, 103, 45, '2018-06-28 13:59:03'),
(1165, 42, 204, 49, '2018-06-28 13:59:11'),
(1166, 42, 45, 49, '2018-06-28 13:59:25'),
(1167, 367, 76, 48, '2018-06-28 13:59:26'),
(1168, 24, 508, 46, '2018-06-28 13:59:39'),
(1169, 369, 199, 46, '2018-06-28 13:59:45'),
(1170, 162, 400, 45, '2018-06-28 13:59:56'),
(1171, 369, 404, 46, '2018-06-28 13:59:57'),
(1172, 308, 225, 45, '2018-06-28 14:00:02'),
(1173, 162, 184, 45, '2018-06-28 14:00:12'),
(1174, 162, 176, 45, '2018-06-28 14:00:34'),
(1175, 369, 268, 46, '2018-06-28 14:00:53'),
(1176, 369, 128, 46, '2018-06-28 14:01:49'),
(1177, 42, 338, 49, '2018-06-28 14:03:37'),
(1178, 65, 46, 47, '2018-06-28 14:03:57'),
(1179, 42, 145, 49, '2018-06-28 14:04:00'),
(1180, 42, 329, 49, '2018-06-28 14:04:19'),
(1181, 42, 62, 49, '2018-06-28 14:04:27'),
(1182, 162, 315, 45, '2018-06-28 14:04:28'),
(1183, 162, 251, 45, '2018-06-28 14:04:28'),
(1184, 367, 367, 48, '2018-06-28 14:06:16'),
(1185, 24, 427, 46, '2018-06-28 14:07:03'),
(1186, 308, 135, 45, '2018-06-28 14:07:52'),
(1187, 24, 306, 46, '2018-06-28 14:08:05'),
(1188, 24, 431, 46, '2018-06-28 14:08:10'),
(1189, 24, 372, 46, '2018-06-28 14:08:17'),
(1190, 308, 10, 45, '2018-06-28 14:08:55'),
(1191, 369, 28, 46, '2018-06-28 14:09:38'),
(1192, 162, 80, 45, '2018-06-28 14:09:50'),
(1193, 65, 216, 47, '2018-06-28 14:10:01'),
(1194, 65, 108, 47, '2018-06-28 14:10:08'),
(1195, 65, 102, 47, '2018-06-28 14:10:16'),
(1196, 65, 5, 47, '2018-06-28 14:11:04'),
(1197, 65, 390, 47, '2018-06-28 14:11:32'),
(1198, 65, 186, 47, '2018-06-28 14:11:43'),
(1199, 369, 509, 46, '2018-06-28 14:14:18'),
(1200, 367, 444, 48, '2018-06-28 14:15:12'),
(1201, 65, 65, 47, '2018-06-28 14:20:55'),
(1202, 65, 171, 47, '2018-06-28 14:26:39'),
(1203, 308, 93, 45, '2018-06-28 14:32:55'),
(1204, 162, 10, 50, '2018-06-28 15:00:07'),
(1205, 162, 176, 50, '2018-06-28 15:01:27'),
(1206, 162, 80, 50, '2018-06-28 15:01:31'),
(1207, 162, 121, 50, '2018-06-28 15:01:39'),
(1208, 162, 304, 50, '2018-06-28 15:02:19'),
(1209, 308, 134, 50, '2018-06-28 15:02:26'),
(1210, 162, 37, 50, '2018-06-28 15:02:33'),
(1211, 308, 424, 50, '2018-06-28 15:02:45'),
(1212, 162, 93, 50, '2018-06-28 15:03:01'),
(1213, 24, 24, 46, '2018-06-28 15:58:01'),
(1214, 369, 234, 53, '2018-06-28 16:16:01'),
(1215, 369, 457, 53, '2018-06-28 16:16:09'),
(1216, 369, 188, 53, '2018-06-28 16:16:14'),
(1217, 369, 112, 53, '2018-06-28 16:16:22'),
(1218, 369, 158, 53, '2018-06-28 16:20:20'),
(1219, 369, 504, 53, '2018-06-28 16:23:35'),
(1220, 512, 37, 91, '2018-06-28 16:23:52'),
(1221, 369, 199, 53, '2018-06-28 16:24:50'),
(1222, 369, 214, 53, '2018-06-28 16:25:13'),
(1223, 369, 54, 53, '2018-06-28 16:25:38'),
(1224, 369, 56, 53, '2018-06-28 16:25:44');
INSERT INTO `credenciamentoatividades` (`idcredenciamentoAtividade`, `credenciador_idpessoa`, `participante_idpessoa`, `idatividade`, `horario`) VALUES
(1225, 369, 63, 53, '2018-06-28 16:25:51'),
(1226, 369, 486, 53, '2018-06-28 16:26:32'),
(1227, 369, 8, 53, '2018-06-28 16:27:23'),
(1228, 221, 138, 53, '2018-06-28 16:27:24'),
(1229, 369, 235, 53, '2018-06-28 16:27:34'),
(1230, 369, 6, 53, '2018-06-28 16:27:46'),
(1231, 369, 171, 53, '2018-06-28 16:27:53'),
(1232, 5, 424, 52, '2018-06-28 16:27:55'),
(1233, 221, 221, 53, '2018-06-28 16:28:20'),
(1234, 369, 118, 53, '2018-06-28 16:28:40'),
(1235, 369, 122, 53, '2018-06-28 16:28:45'),
(1236, 369, 413, 53, '2018-06-28 16:29:07'),
(1237, 369, 412, 53, '2018-06-28 16:29:14'),
(1238, 369, 128, 53, '2018-06-28 16:29:21'),
(1239, 369, 84, 53, '2018-06-28 16:29:33'),
(1240, 369, 337, 53, '2018-06-28 16:29:41'),
(1241, 512, 431, 91, '2018-06-28 16:29:45'),
(1242, 5, 511, 52, '2018-06-28 16:29:50'),
(1243, 369, 262, 53, '2018-06-28 16:30:08'),
(1244, 5, 57, 52, '2018-06-28 16:30:08'),
(1245, 369, 323, 53, '2018-06-28 16:30:25'),
(1246, 369, 494, 53, '2018-06-28 16:30:31'),
(1247, 5, 134, 52, '2018-06-28 16:30:34'),
(1248, 221, 408, 53, '2018-06-28 16:30:59'),
(1249, 369, 448, 53, '2018-06-28 16:31:01'),
(1250, 369, 449, 53, '2018-06-28 16:31:07'),
(1251, 5, 509, 52, '2018-06-28 16:31:13'),
(1252, 369, 181, 53, '2018-06-28 16:31:40'),
(1253, 221, 82, 53, '2018-06-28 16:31:44'),
(1254, 512, 477, 91, '2018-06-28 16:32:07'),
(1255, 221, 276, 53, '2018-06-28 16:32:37'),
(1256, 221, 204, 53, '2018-06-28 16:34:08'),
(1257, 5, 308, 52, '2018-06-28 16:34:18'),
(1258, 221, 205, 53, '2018-06-28 16:34:19'),
(1259, 221, 303, 53, '2018-06-28 16:34:32'),
(1260, 5, 215, 52, '2018-06-28 16:34:36'),
(1261, 221, 474, 53, '2018-06-28 16:34:50'),
(1262, 221, 478, 53, '2018-06-28 16:35:33'),
(1263, 369, 375, 53, '2018-06-28 16:36:41'),
(1264, 221, 476, 53, '2018-06-28 16:36:57'),
(1265, 5, 391, 52, '2018-06-28 16:38:48'),
(1266, 369, 268, 53, '2018-06-28 16:39:03'),
(1267, 5, 76, 52, '2018-06-28 16:39:09'),
(1268, 369, 349, 53, '2018-06-28 16:39:17'),
(1269, 5, 24, 52, '2018-06-28 16:39:23'),
(1270, 369, 517, 53, '2018-06-28 16:39:25'),
(1271, 369, 186, 53, '2018-06-28 16:40:34'),
(1272, 24, 201, 52, '2018-06-28 16:40:42'),
(1273, 512, 187, 91, '2018-06-28 16:40:46'),
(1274, 24, 5, 52, '2018-06-28 16:40:58'),
(1275, 369, 533, 53, '2018-06-28 16:41:06'),
(1276, 5, 444, 52, '2018-06-28 16:41:37'),
(1277, 369, 225, 53, '2018-06-28 16:47:22'),
(1278, 2, 22, 66, '2018-06-28 18:45:20'),
(1279, 2, 353, 66, '2018-06-28 18:45:25'),
(1280, 2, 254, 66, '2018-06-28 18:46:25'),
(1281, 60, 529, 34, '2018-06-28 18:53:58'),
(1282, 60, 508, 34, '2018-06-28 18:54:22'),
(1283, 60, 181, 34, '2018-06-28 18:54:29'),
(1285, 125, 125, 55, '2018-06-28 18:54:41'),
(1286, 125, 134, 55, '2018-06-28 18:55:21'),
(1287, 125, 38, 55, '2018-06-28 18:55:32'),
(1288, 125, 126, 55, '2018-06-28 18:55:42'),
(1289, 125, 40, 55, '2018-06-28 18:55:48'),
(1290, 125, 10, 55, '2018-06-28 18:56:33'),
(1291, 60, 261, 34, '2018-06-28 18:58:52'),
(1292, 125, 130, 55, '2018-06-28 18:59:01'),
(1295, 125, 176, 55, '2018-06-28 19:01:25'),
(1296, 125, 141, 55, '2018-06-28 19:02:25'),
(1297, 125, 61, 55, '2018-06-28 19:03:08'),
(1298, 125, 74, 55, '2018-06-28 19:03:16'),
(1299, 125, 217, 55, '2018-06-28 19:03:21'),
(1300, 125, 376, 55, '2018-06-28 19:03:53'),
(1305, 125, 207, 55, '2018-06-28 19:05:53'),
(1306, 125, 477, 55, '2018-06-28 19:06:00'),
(1307, 60, 115, 34, '2018-06-28 19:06:35'),
(1308, 60, 114, 34, '2018-06-28 19:06:41'),
(1309, 60, 511, 34, '2018-06-28 19:06:50'),
(1310, 60, 391, 34, '2018-06-28 19:06:58'),
(1311, 60, 436, 34, '2018-06-28 19:08:08'),
(1312, 60, 497, 34, '2018-06-28 19:08:16'),
(1313, 125, 358, 55, '2018-06-28 19:08:48'),
(1314, 125, 499, 55, '2018-06-28 19:09:42'),
(1315, 125, 447, 55, '2018-06-28 19:09:49'),
(1316, 125, 400, 55, '2018-06-28 19:09:53'),
(1317, 125, 12, 55, '2018-06-28 19:10:08'),
(1318, 353, 509, 66, '2018-06-28 19:10:38'),
(1319, 125, 97, 55, '2018-06-28 19:13:19'),
(1320, 60, 290, 34, '2018-06-28 19:13:43'),
(1321, 60, 459, 34, '2018-06-28 19:13:50'),
(1322, 125, 103, 55, '2018-06-28 19:14:03'),
(1323, 60, 158, 34, '2018-06-28 19:15:24'),
(1324, 60, 158, 56, '2018-06-28 20:37:59'),
(1325, 60, 171, 56, '2018-06-28 20:51:08'),
(1326, 60, 313, 56, '2018-06-28 20:52:32'),
(1327, 60, 102, 56, '2018-06-28 20:53:08'),
(1328, 60, 65, 56, '2018-06-28 20:53:50'),
(1329, 65, 358, 56, '2018-06-28 20:56:44'),
(1330, 60, 154, 56, '2018-06-28 20:57:43'),
(1331, 60, 447, 56, '2018-06-28 20:58:34'),
(1332, 60, 400, 56, '2018-06-28 20:58:45'),
(1333, 65, 499, 56, '2018-06-28 21:00:29'),
(1334, 65, 138, 56, '2018-06-28 21:00:46'),
(1335, 60, 323, 56, '2018-06-28 21:01:28'),
(1336, 65, 435, 56, '2018-06-28 21:02:43'),
(1337, 65, 235, 56, '2018-06-28 21:03:31'),
(1338, 60, 216, 56, '2018-06-28 21:03:34'),
(1339, 60, 108, 56, '2018-06-28 21:03:39'),
(1340, 65, 6, 56, '2018-06-28 21:03:43'),
(1341, 60, 54, 56, '2018-06-28 21:04:40'),
(1342, 60, 63, 56, '2018-06-28 21:04:52'),
(1343, 65, 57, 56, '2018-06-28 21:04:53'),
(1344, 60, 533, 56, '2018-06-28 21:06:08'),
(1345, 65, 56, 56, '2018-06-28 21:07:38'),
(1346, 65, 411, 56, '2018-06-28 21:16:36'),
(1347, 8, 9, 93, '2018-06-29 08:28:02'),
(1348, 8, 116, 93, '2018-06-29 08:28:32'),
(1349, 229, 336, 94, '2018-06-29 08:38:44'),
(1350, 229, 242, 94, '2018-06-29 08:39:22'),
(1351, 8, 308, 93, '2018-06-29 08:45:31'),
(1352, 8, 215, 93, '2018-06-29 08:45:39'),
(1353, 58, 344, 95, '2018-06-29 10:20:50'),
(1354, 58, 20, 95, '2018-06-29 10:24:25'),
(1355, 58, 471, 95, '2018-06-29 10:24:48'),
(1356, 58, 216, 95, '2018-06-29 10:28:14'),
(1357, 58, 6, 95, '2018-06-29 10:28:19'),
(1358, 58, 118, 95, '2018-06-29 10:32:14'),
(1359, 58, 184, 95, '2018-06-29 10:32:32'),
(1360, 58, 367, 95, '2018-06-29 10:41:14'),
(1361, 229, 229, 94, '2018-06-29 10:44:20'),
(1362, 232, 100, 61, '2018-06-29 13:44:56'),
(1363, 60, 10, 57, '2018-06-29 13:47:16'),
(1364, 28, 80, 57, '2018-06-29 13:48:48'),
(1365, 24, 36, 58, '2018-06-29 13:52:00'),
(1366, 24, 224, 58, '2018-06-29 13:52:07'),
(1367, 24, 371, 58, '2018-06-29 13:52:18'),
(1368, 24, 445, 58, '2018-06-29 13:53:08'),
(1369, 24, 253, 58, '2018-06-29 13:53:15'),
(1370, 49, 1, 33, '2018-06-29 13:53:32'),
(1371, 58, 136, 59, '2018-06-29 13:53:44'),
(1372, 58, 152, 59, '2018-06-29 13:53:54'),
(1373, 58, 97, 59, '2018-06-29 13:54:18'),
(1374, 60, 424, 57, '2018-06-29 13:54:33'),
(1375, 60, 52, 57, '2018-06-29 13:54:50'),
(1376, 58, 32, 59, '2018-06-29 13:55:25'),
(1377, 58, 51, 59, '2018-06-29 13:55:38'),
(1378, 58, 216, 59, '2018-06-29 13:55:52'),
(1379, 58, 6, 59, '2018-06-29 13:55:58'),
(1380, 58, 252, 59, '2018-06-29 13:56:07'),
(1381, 24, 298, 58, '2018-06-29 13:57:20'),
(1382, 24, 103, 58, '2018-06-29 13:57:29'),
(1383, 24, 201, 58, '2018-06-29 13:57:46'),
(1384, 232, 23, 61, '2018-06-29 13:57:54'),
(1385, 60, 156, 57, '2018-06-29 13:58:08'),
(1386, 28, 161, 57, '2018-06-29 13:58:12'),
(1387, 28, 134, 57, '2018-06-29 13:58:32'),
(1388, 49, 231, 33, '2018-06-29 13:58:38'),
(1389, 60, 176, 57, '2018-06-29 13:58:48'),
(1390, 24, 105, 58, '2018-06-29 13:58:48'),
(1391, 58, 367, 59, '2018-06-29 13:59:06'),
(1392, 60, 121, 57, '2018-06-29 13:59:14'),
(1393, 58, 348, 59, '2018-06-29 14:00:51'),
(1394, 24, 187, 58, '2018-06-29 14:01:02'),
(1395, 24, 85, 58, '2018-06-29 14:01:37'),
(1396, 24, 149, 58, '2018-06-29 14:01:43'),
(1397, 60, 150, 57, '2018-06-29 14:02:09'),
(1398, 58, 207, 59, '2018-06-29 14:02:17'),
(1399, 58, 82, 59, '2018-06-29 14:02:24'),
(1400, 49, 14, 33, '2018-06-29 14:02:39'),
(1401, 28, 284, 57, '2018-06-29 14:03:04'),
(1402, 28, 37, 57, '2018-06-29 14:03:26'),
(1403, 24, 425, 58, '2018-06-29 14:03:31'),
(1404, 65, 420, 59, '2018-06-29 14:03:40'),
(1405, 232, 215, 61, '2018-06-29 14:04:14'),
(1406, 65, 65, 59, '2018-06-29 14:04:32'),
(1407, 232, 225, 61, '2018-06-29 14:06:22'),
(1408, 232, 127, 61, '2018-06-29 14:06:27'),
(1409, 65, 186, 59, '2018-06-29 14:06:28'),
(1410, 24, 295, 58, '2018-06-29 14:06:55'),
(1411, 49, 499, 33, '2018-06-29 14:08:45'),
(1412, 232, 17, 61, '2018-06-29 14:10:26'),
(1413, 49, 447, 33, '2018-06-29 14:10:55'),
(1414, 60, 400, 57, '2018-06-29 14:11:12'),
(1415, 65, 171, 59, '2018-06-29 14:13:34'),
(1416, 32, 5, 65, '2018-06-29 16:24:52'),
(1417, 65, 171, 64, '2018-06-29 16:24:54'),
(1418, 32, 411, 65, '2018-06-29 16:24:57'),
(1419, 65, 471, 64, '2018-06-29 16:25:01'),
(1420, 51, 171, 65, '2018-06-29 16:25:34'),
(1421, 49, 442, 96, '2018-06-29 16:25:50'),
(1422, 32, 517, 65, '2018-06-29 16:26:01'),
(1423, 32, 51, 65, '2018-06-29 16:26:09'),
(1424, 49, 445, 96, '2018-06-29 16:26:20'),
(1425, 51, 32, 65, '2018-06-29 16:26:47'),
(1426, 49, 128, 96, '2018-06-29 16:26:55'),
(1427, 51, 207, 65, '2018-06-29 16:27:46'),
(1428, 49, 244, 96, '2018-06-29 16:28:09'),
(1429, 32, 507, 65, '2018-06-29 16:29:42'),
(1430, 58, 438, 64, '2018-06-29 16:29:52'),
(1431, 58, 154, 64, '2018-06-29 16:29:59'),
(1432, 58, 293, 64, '2018-06-29 16:30:10'),
(1433, 65, 155, 64, '2018-06-29 16:30:14'),
(1434, 24, 13, 57, '2018-06-29 16:30:41'),
(1435, 51, 6, 65, '2018-06-29 16:31:04'),
(1436, 51, 216, 65, '2018-06-29 16:31:10'),
(1437, 51, 102, 65, '2018-06-29 16:31:18'),
(1438, 32, 235, 65, '2018-06-29 16:31:43'),
(1439, 60, 105, 96, '2018-06-29 16:32:00'),
(1440, 58, 65, 64, '2018-06-29 16:32:47'),
(1441, 58, 49, 64, '2018-06-29 16:34:17'),
(1442, 58, 36, 64, '2018-06-29 16:34:50'),
(1443, 58, 509, 64, '2018-06-29 16:37:06'),
(1444, 51, 214, 65, '2018-06-29 16:38:09'),
(1445, 60, 247, 96, '2018-06-29 16:39:54'),
(1446, 60, 245, 96, '2018-06-29 16:41:59'),
(1447, 60, 342, 96, '2018-06-29 16:46:30'),
(1448, 32, 6, 98, '2018-06-29 18:46:38'),
(1449, 32, 216, 98, '2018-06-29 18:46:43'),
(1450, 32, 235, 98, '2018-06-29 18:46:47'),
(1451, 32, 22, 98, '2018-06-29 18:47:11'),
(1452, 32, 1, 98, '2018-06-29 18:48:14'),
(1453, 32, 37, 98, '2018-06-29 18:48:41'),
(1454, 51, 207, 98, '2018-06-29 18:48:50'),
(1455, 32, 176, 98, '2018-06-29 18:49:19'),
(1456, 291, 293, 67, '2018-06-29 18:49:26'),
(1457, 125, 126, 68, '2018-06-29 18:49:43'),
(1458, 293, 291, 67, '2018-06-29 18:49:48'),
(1459, 51, 121, 98, '2018-06-29 18:49:52'),
(1460, 51, 80, 98, '2018-06-29 18:49:57'),
(1461, 293, 438, 67, '2018-06-29 18:50:03'),
(1462, 51, 136, 98, '2018-06-29 18:50:05'),
(1463, 51, 214, 98, '2018-06-29 18:50:10'),
(1464, 32, 305, 98, '2018-06-29 18:50:56'),
(1465, 49, 155, 54, '2018-06-29 18:51:18'),
(1466, 32, 256, 98, '2018-06-29 18:51:32'),
(1467, 51, 56, 98, '2018-06-29 18:51:34'),
(1468, 42, 165, 68, '2018-06-29 18:51:38'),
(1469, 51, 63, 98, '2018-06-29 18:51:38'),
(1470, 51, 154, 98, '2018-06-29 18:51:44'),
(1471, 32, 529, 98, '2018-06-29 18:51:57'),
(1472, 32, 252, 98, '2018-06-29 18:52:05'),
(1473, 42, 125, 68, '2018-06-29 18:52:05'),
(1474, 32, 244, 98, '2018-06-29 18:52:10'),
(1475, 32, 253, 98, '2018-06-29 18:52:16'),
(1476, 32, 424, 98, '2018-06-29 18:52:22'),
(1477, 32, 11, 98, '2018-06-29 18:52:33'),
(1478, 51, 32, 98, '2018-06-29 18:52:52'),
(1479, 42, 178, 68, '2018-06-29 18:53:02'),
(1480, 32, 51, 98, '2018-06-29 18:53:04'),
(1481, 32, 112, 98, '2018-06-29 18:53:22'),
(1482, 32, 36, 98, '2018-06-29 18:54:09'),
(1483, 32, 463, 98, '2018-06-29 18:54:28'),
(1484, 32, 161, 98, '2018-06-29 18:55:04'),
(1485, 32, 156, 98, '2018-06-29 18:55:10'),
(1486, 32, 448, 98, '2018-06-29 18:56:09'),
(1487, 32, 449, 98, '2018-06-29 18:56:15'),
(1488, 42, 285, 68, '2018-06-29 18:56:16'),
(1489, 32, 201, 98, '2018-06-29 18:56:22'),
(1490, 32, 231, 98, '2018-06-29 18:56:27'),
(1491, 32, 14, 98, '2018-06-29 18:56:31'),
(1492, 42, 227, 68, '2018-06-29 18:56:52'),
(1493, 32, 226, 98, '2018-06-29 18:57:12'),
(1494, 32, 281, 98, '2018-06-29 18:57:21'),
(1495, 51, 54, 98, '2018-06-29 18:57:23'),
(1496, 32, 24, 98, '2018-06-29 18:58:37'),
(1497, 32, 49, 98, '2018-06-29 18:58:53'),
(1498, 32, 471, 98, '2018-06-29 18:58:56'),
(1499, 291, 491, 67, '2018-06-29 18:59:14'),
(1500, 32, 141, 98, '2018-06-29 18:59:18'),
(1501, 32, 65, 98, '2018-06-29 18:59:22'),
(1502, 32, 12, 98, '2018-06-29 18:59:29'),
(1503, 32, 130, 98, '2018-06-29 18:59:34'),
(1504, 32, 145, 98, '2018-06-29 18:59:38'),
(1505, 32, 420, 98, '2018-06-29 18:59:51'),
(1506, 32, 103, 98, '2018-06-29 18:59:56'),
(1507, 32, 338, 98, '2018-06-29 18:59:59'),
(1508, 32, 509, 98, '2018-06-29 19:00:14'),
(1509, 32, 225, 98, '2018-06-29 19:00:19'),
(1510, 32, 196, 98, '2018-06-29 19:00:24'),
(1511, 32, 507, 98, '2018-06-29 19:00:28'),
(1512, 32, 505, 98, '2018-06-29 19:00:31'),
(1513, 51, 295, 98, '2018-06-29 19:00:34'),
(1514, 51, 179, 98, '2018-06-29 19:00:41'),
(1515, 32, 164, 98, '2018-06-29 19:00:44'),
(1516, 51, 258, 98, '2018-06-29 19:00:47'),
(1517, 51, 118, 98, '2018-06-29 19:00:54'),
(1518, 32, 337, 98, '2018-06-29 19:00:59'),
(1519, 51, 412, 98, '2018-06-29 19:01:00'),
(1520, 32, 413, 98, '2018-06-29 19:01:04'),
(1521, 51, 262, 98, '2018-06-29 19:01:05'),
(1522, 32, 263, 98, '2018-06-29 19:01:18'),
(1523, 51, 98, 98, '2018-06-29 19:01:28'),
(1524, 51, 123, 98, '2018-06-29 19:01:33'),
(1525, 32, 52, 98, '2018-06-29 19:01:55'),
(1526, 32, 458, 98, '2018-06-29 19:02:03'),
(1527, 32, 415, 98, '2018-06-29 19:02:08'),
(1528, 32, 367, 98, '2018-06-29 19:02:37'),
(1529, 32, 97, 98, '2018-06-29 19:03:22'),
(1530, 291, 128, 67, '2018-06-29 19:03:25'),
(1531, 291, 152, 67, '2018-06-29 19:03:33'),
(1532, 291, 160, 67, '2018-06-29 19:03:37'),
(1533, 32, 171, 98, '2018-06-29 19:03:37'),
(1534, 32, 114, 98, '2018-06-29 19:03:45'),
(1535, 32, 259, 98, '2018-06-29 19:03:49'),
(1536, 291, 21, 67, '2018-06-29 19:03:52'),
(1537, 32, 459, 98, '2018-06-29 19:03:55'),
(1538, 32, 290, 98, '2018-06-29 19:03:59'),
(1539, 32, 425, 98, '2018-06-29 19:04:10'),
(1540, 32, 149, 98, '2018-06-29 19:04:14'),
(1541, 32, 511, 98, '2018-06-29 19:04:23'),
(1542, 32, 391, 98, '2018-06-29 19:04:31'),
(1543, 42, 338, 68, '2018-06-29 19:05:26'),
(1544, 32, 280, 98, '2018-06-29 19:05:33'),
(1545, 32, 100, 98, '2018-06-29 19:05:36'),
(1546, 32, 82, 98, '2018-06-29 19:05:40'),
(1547, 32, 115, 98, '2018-06-29 19:06:30'),
(1548, 32, 137, 98, '2018-06-29 19:08:15'),
(1549, 32, 303, 98, '2018-06-29 19:08:41'),
(1550, 32, 105, 98, '2018-06-29 19:09:44'),
(1551, 32, 122, 98, '2018-06-29 19:09:54'),
(1552, 32, 57, 98, '2018-06-29 19:10:13'),
(1553, 32, 181, 98, '2018-06-29 19:11:48'),
(1554, 32, 504, 98, '2018-06-29 19:13:56'),
(1555, 32, 28, 98, '2018-06-29 19:14:52'),
(1556, 51, 313, 98, '2018-06-29 19:46:35');

-- --------------------------------------------------------

--
-- Estrutura para tabela `credenciamentoevento`
--

CREATE TABLE `credenciamentoevento` (
  `idcredenciamentoEvento` int(11) NOT NULL,
  `credenciador_idpessoa` int(11) NOT NULL,
  `participante_idpessoa` int(11) NOT NULL,
  `horario` datetime NOT NULL,
  `materialEntregue` tinyint(4) NOT NULL
) ENGINE=InnoDB DEFAULT CHARSET=utf8 COLLATE=utf8_unicode_ci;

--
-- Fazendo dump de dados para tabela `credenciamentoevento`
--

INSERT INTO `credenciamentoevento` (`idcredenciamentoEvento`, `credenciador_idpessoa`, `participante_idpessoa`, `horario`, `materialEntregue`) VALUES
(1, 5, 171, '2018-06-25 08:29:22', 0),
(2, 24, 145, '2018-06-25 08:31:19', 0),
(3, 24, 103, '2018-06-25 08:31:54', 0),
(4, 24, 215, '2018-06-25 08:32:47', 0),
(5, 5, 374, '2018-06-25 08:33:02', 0),
(6, 236, 375, '2018-06-25 08:33:41', 0),
(7, 24, 19, '2018-06-25 08:33:54', 0),
(8, 5, 123, '2018-06-25 08:33:57', 0),
(9, 24, 98, '2018-06-25 08:34:19', 0),
(10, 5, 166, '2018-06-25 08:34:35', 0),
(11, 24, 250, '2018-06-25 08:37:32', 0),
(12, 236, 121, '2018-06-25 08:37:59', 0),
(13, 24, 78, '2018-06-25 08:39:31', 0),
(14, 5, 77, '2018-06-25 08:39:37', 0),
(15, 1, 2, '2018-06-25 08:39:58', 0),
(16, 1, 1, '2018-06-25 08:40:07', 0),
(17, 5, 184, '2018-06-25 08:40:12', 0),
(18, 1, 15, '2018-06-25 08:40:14', 0),
(20, 236, 69, '2018-06-25 08:44:03', 0),
(21, 24, 315, '2018-06-25 08:45:00', 1),
(22, 5, 44, '2018-06-25 08:45:13', 0),
(23, 236, 181, '2018-06-25 08:45:25', 0),
(24, 5, 201, '2018-06-25 08:45:43', 0),
(25, 236, 36, '2018-06-25 08:47:15', 0),
(26, 24, 225, '2018-06-25 08:49:17', 0),
(27, 236, 146, '2018-06-25 08:49:18', 0),
(28, 1, 60, '2018-06-25 08:52:35', 0),
(29, 24, 255, '2018-06-25 08:53:21', 0),
(30, 24, 100, '2018-06-25 08:54:12', 0),
(31, 236, 297, '2018-06-25 08:55:19', 0),
(32, 5, 336, '2018-06-25 08:55:48', 0),
(33, 24, 280, '2018-06-25 08:59:58', 0),
(34, 5, 37, '2018-06-25 09:00:05', 0),
(35, 24, 232, '2018-06-25 09:00:17', 0),
(36, 24, 298, '2018-06-25 09:03:17', 0),
(37, 236, 234, '2018-06-25 09:03:53', 0),
(38, 236, 156, '2018-06-25 09:04:56', 0),
(39, 24, 158, '2018-06-25 09:05:48', 0),
(40, 236, 92, '2018-06-25 09:06:05', 0),
(41, 5, 57, '2018-06-25 09:06:24', 0),
(42, 5, 56, '2018-06-25 09:06:31', 0),
(43, 236, 138, '2018-06-25 09:07:59', 0),
(44, 24, 20, '2018-06-25 09:08:24', 0),
(45, 236, 360, '2018-06-25 09:10:39', 0),
(46, 24, 295, '2018-06-25 09:10:58', 0),
(47, 236, 47, '2018-06-25 09:12:58', 0),
(48, 24, 6, '2018-06-25 09:13:09', 0),
(49, 5, 235, '2018-06-25 09:13:27', 0),
(50, 236, 17, '2018-06-25 09:13:52', 0),
(51, 24, 126, '2018-06-25 09:15:37', 0),
(52, 236, 176, '2018-06-25 09:16:51', 0),
(53, 24, 101, '2018-06-25 09:16:52', 0),
(54, 5, 125, '2018-06-25 09:17:28', 0),
(55, 24, 308, '2018-06-25 09:17:58', 0),
(56, 5, 90, '2018-06-25 09:18:38', 0),
(57, 236, 41, '2018-06-25 09:19:19', 0),
(58, 236, 28, '2018-06-25 09:20:17', 0),
(60, 24, 24, '2018-06-25 09:20:50', 0),
(61, 236, 247, '2018-06-25 09:20:55', 0),
(62, 5, 5, '2018-06-25 09:21:03', 0),
(63, 236, 236, '2018-06-25 09:21:57', 0),
(64, 236, 245, '2018-06-25 09:23:46', 0),
(65, 236, 10, '2018-06-25 09:24:22', 0),
(66, 24, 261, '2018-06-25 09:26:29', 0),
(67, 236, 162, '2018-06-25 09:27:18', 0),
(69, 1, 249, '2018-06-25 09:32:51', 0),
(70, 1, 99, '2018-06-25 09:33:12', 0),
(71, 236, 85, '2018-06-25 09:41:29', 0),
(72, 24, 140, '2018-06-25 09:41:38', 0),
(73, 236, 42, '2018-06-25 09:43:29', 0),
(74, 24, 178, '2018-06-25 09:43:38', 0),
(75, 1, 254, '2018-06-25 09:44:06', 0),
(76, 24, 208, '2018-06-25 09:44:45', 0),
(77, 24, 206, '2018-06-25 09:45:35', 0),
(78, 236, 393, '2018-06-25 09:49:01', 0),
(79, 24, 392, '2018-06-25 09:50:10', 0),
(80, 5, 195, '2018-06-25 09:50:20', 0),
(81, 5, 134, '2018-06-25 09:52:23', 0),
(82, 24, 395, '2018-06-25 09:55:45', 0),
(83, 236, 229, '2018-06-25 09:55:51', 0),
(84, 5, 30, '2018-06-25 09:56:22', 0),
(85, 236, 48, '2018-06-25 09:57:16', 0),
(86, 5, 82, '2018-06-25 09:58:20', 0),
(87, 5, 97, '2018-06-25 09:58:40', 0),
(88, 236, 172, '2018-06-25 10:00:40', 0),
(89, 24, 264, '2018-06-25 10:03:56', 0),
(90, 236, 118, '2018-06-25 10:04:21', 0),
(92, 5, 355, '2018-06-25 10:04:46', 0),
(93, 5, 62, '2018-06-25 10:04:54', 0),
(94, 24, 61, '2018-06-25 10:05:48', 0),
(95, 5, 74, '2018-06-25 10:05:54', 0),
(96, 236, 211, '2018-06-25 10:06:15', 0),
(97, 5, 213, '2018-06-25 10:06:48', 0),
(98, 236, 23, '2018-06-25 10:07:26', 0),
(99, 5, 398, '2018-06-25 10:09:45', 0),
(100, 236, 188, '2018-06-25 10:10:15', 0),
(101, 236, 93, '2018-06-25 10:11:31', 0),
(102, 5, 371, '2018-06-25 10:14:05', 0),
(103, 236, 341, '2018-06-25 10:14:06', 0),
(104, 24, 219, '2018-06-25 10:14:09', 0),
(105, 24, 84, '2018-06-25 10:16:21', 0),
(106, 24, 49, '2018-06-25 10:17:59', 0),
(107, 24, 279, '2018-06-25 10:21:36', 0),
(108, 236, 52, '2018-06-25 10:23:00', 0),
(112, 24, 186, '2018-06-25 10:25:22', 0),
(113, 24, 390, '2018-06-25 10:25:43', 0),
(114, 236, 127, '2018-06-25 10:25:57', 0),
(115, 24, 337, '2018-06-25 10:26:14', 0),
(116, 236, 120, '2018-06-25 10:26:57', 0),
(117, 5, 68, '2018-06-25 10:26:59', 0),
(118, 24, 242, '2018-06-25 10:30:00', 0),
(119, 236, 175, '2018-06-25 10:30:20', 0),
(120, 236, 190, '2018-06-25 10:30:35', 0),
(121, 5, 192, '2018-06-25 10:31:08', 0),
(122, 5, 204, '2018-06-25 10:31:37', 0),
(123, 24, 348, '2018-06-25 10:33:22', 0),
(124, 236, 119, '2018-06-25 10:33:24', 0),
(125, 5, 174, '2018-06-25 10:34:26', 0),
(126, 236, 155, '2018-06-25 10:34:58', 0),
(128, 236, 291, '2018-06-25 10:35:46', 0),
(129, 5, 106, '2018-06-25 10:36:32', 0),
(130, 24, 402, '2018-06-25 10:37:07', 0),
(131, 5, 8, '2018-06-25 10:37:31', 0),
(132, 236, 217, '2018-06-25 10:38:18', 0),
(133, 24, 403, '2018-06-25 10:40:29', 0),
(134, 236, 404, '2018-06-25 10:41:51', 0),
(135, 5, 251, '2018-06-25 10:44:36', 0),
(136, 5, 359, '2018-06-25 10:44:45', 0),
(137, 236, 405, '2018-06-25 10:45:05', 0),
(138, 236, 133, '2018-06-25 10:46:45', 0),
(139, 24, 406, '2018-06-25 10:46:47', 0),
(140, 236, 227, '2018-06-25 10:47:04', 0),
(141, 24, 323, '2018-06-25 10:49:21', 0),
(142, 236, 31, '2018-06-25 10:49:36', 0),
(143, 236, 256, '2018-06-25 10:50:53', 0),
(144, 5, 73, '2018-06-25 10:51:08', 0),
(145, 236, 345, '2018-06-25 10:55:14', 0),
(146, 60, 153, '2018-06-25 10:55:30', 0),
(147, 24, 64, '2018-06-25 10:55:51', 0),
(148, 236, 94, '2018-06-25 10:55:56', 0),
(149, 5, 107, '2018-06-25 10:56:00', 0),
(151, 236, 199, '2018-06-25 10:56:36', 0),
(152, 24, 268, '2018-06-25 10:57:10', 0),
(153, 5, 233, '2018-06-25 10:57:10', 0),
(154, 5, 376, '2018-06-25 10:58:48', 0),
(155, 236, 408, '2018-06-25 10:59:17', 0),
(156, 5, 148, '2018-06-25 10:59:50', 0),
(157, 24, 50, '2018-06-25 10:59:51', 0),
(158, 236, 113, '2018-06-25 10:59:51', 0),
(159, 5, 129, '2018-06-25 11:00:27', 0),
(161, 236, 253, '2018-06-25 11:00:46', 0),
(162, 5, 358, '2018-06-25 11:01:05', 0),
(163, 236, 180, '2018-06-25 11:01:17', 0),
(164, 236, 185, '2018-06-25 11:01:34', 0),
(165, 24, 244, '2018-06-25 11:01:35', 0),
(166, 24, 252, '2018-06-25 11:01:54', 0),
(167, 236, 288, '2018-06-25 11:01:57', 0),
(169, 5, 161, '2018-06-25 11:02:44', 0),
(170, 5, 89, '2018-06-25 11:03:48', 0),
(171, 236, 272, '2018-06-25 11:03:50', 0),
(172, 24, 4, '2018-06-25 11:04:06', 0),
(173, 5, 79, '2018-06-25 11:04:11', 0),
(174, 236, 351, '2018-06-25 11:05:26', 0),
(175, 236, 240, '2018-06-25 11:06:45', 0),
(176, 236, 401, '2018-06-25 11:08:53', 0),
(177, 24, 150, '2018-06-25 11:09:02', 0),
(178, 236, 278, '2018-06-25 11:09:37', 0),
(179, 5, 203, '2018-06-25 11:10:59', 0),
(180, 5, 21, '2018-06-25 11:11:45', 0),
(181, 5, 16, '2018-06-25 11:11:53', 0),
(182, 236, 167, '2018-06-25 11:12:06', 0),
(183, 24, 410, '2018-06-25 11:12:23', 0),
(184, 5, 128, '2018-06-25 11:13:05', 0),
(185, 236, 305, '2018-06-25 11:13:08', 0),
(186, 236, 11, '2018-06-25 11:13:22', 0),
(187, 5, 135, '2018-06-25 11:13:28', 0),
(188, 236, 307, '2018-06-25 11:13:47', 0),
(189, 5, 152, '2018-06-25 11:13:59', 0),
(190, 24, 40, '2018-06-25 11:14:02', 0),
(191, 236, 165, '2018-06-25 11:14:07', 0),
(192, 5, 38, '2018-06-25 11:14:28', 0),
(193, 236, 160, '2018-06-25 11:14:51', 0),
(194, 24, 163, '2018-06-25 11:15:00', 0),
(195, 5, 349, '2018-06-25 11:15:12', 0),
(196, 236, 116, '2018-06-25 11:15:15', 0),
(197, 236, 221, '2018-06-25 11:15:49', 0),
(198, 5, 115, '2018-06-25 11:15:50', 0),
(199, 5, 114, '2018-06-25 11:16:00', 0),
(200, 5, 411, '2018-06-25 11:17:21', 0),
(201, 236, 248, '2018-06-25 11:17:53', 0),
(202, 24, 194, '2018-06-25 11:17:55', 0),
(203, 236, 327, '2018-06-25 11:18:16', 0),
(204, 5, 282, '2018-06-25 11:18:20', 0),
(205, 5, 29, '2018-06-25 11:19:02', 0),
(206, 236, 154, '2018-06-25 11:20:52', 0),
(207, 24, 343, '2018-06-25 11:21:05', 0),
(208, 24, 237, '2018-06-25 11:21:23', 0),
(209, 5, 388, '2018-06-25 11:21:30', 0),
(210, 236, 83, '2018-06-25 11:21:59', 0),
(211, 5, 70, '2018-06-25 11:22:30', 0),
(212, 236, 198, '2018-06-25 11:22:43', 0),
(213, 24, 347, '2018-06-25 11:23:42', 0),
(214, 24, 346, '2018-06-25 11:27:51', 0),
(215, 5, 102, '2018-06-25 11:27:59', 0),
(216, 5, 207, '2018-06-25 11:28:47', 0),
(217, 5, 238, '2018-06-25 11:30:02', 0),
(218, 24, 350, '2018-06-25 11:30:39', 0),
(219, 24, 328, '2018-06-25 11:32:25', 0),
(221, 24, 226, '2018-06-25 11:32:48', 0),
(222, 5, 413, '2018-06-25 11:33:06', 0),
(223, 5, 412, '2018-06-25 11:33:26', 0),
(224, 24, 273, '2018-06-25 11:33:37', 0),
(225, 5, 409, '2018-06-25 11:33:44', 0),
(226, 24, 270, '2018-06-25 11:33:50', 0),
(227, 236, 80, '2018-06-25 11:33:52', 0),
(228, 5, 391, '2018-06-25 11:34:44', 0),
(229, 236, 54, '2018-06-25 11:34:51', 0),
(230, 24, 9, '2018-06-25 11:35:03', 0),
(231, 236, 104, '2018-06-25 11:36:10', 0),
(232, 24, 325, '2018-06-25 11:36:49', 0),
(233, 236, 131, '2018-06-25 11:37:26', 0),
(234, 5, 32, '2018-06-25 11:37:27', 0),
(235, 24, 111, '2018-06-25 11:37:30', 0),
(236, 5, 51, '2018-06-25 11:37:41', 0),
(237, 24, 43, '2018-06-25 11:38:01', 0),
(238, 236, 136, '2018-06-25 11:38:03', 0),
(239, 236, 76, '2018-06-25 11:38:36', 0),
(240, 24, 332, '2018-06-25 11:38:43', 0),
(241, 236, 130, '2018-06-25 11:39:07', 0),
(242, 24, 12, '2018-06-25 11:39:17', 0),
(243, 5, 418, '2018-06-25 11:39:22', 0),
(244, 236, 191, '2018-06-25 11:39:30', 0),
(245, 5, 246, '2018-06-25 11:39:52', 0),
(246, 236, 13, '2018-06-25 11:40:02', 0),
(247, 236, 365, '2018-06-25 11:40:16', 0),
(248, 24, 220, '2018-06-25 11:40:18', 0),
(249, 5, 283, '2018-06-25 11:40:25', 0),
(250, 236, 366, '2018-06-25 11:40:28', 0),
(251, 60, 331, '2018-06-25 11:40:32', 0),
(252, 236, 363, '2018-06-25 11:40:37', 0),
(253, 236, 414, '2018-06-25 11:41:04', 0),
(254, 5, 45, '2018-06-25 11:41:09', 0),
(255, 24, 7, '2018-06-25 11:41:20', 0),
(256, 5, 310, '2018-06-25 11:41:25', 0),
(257, 236, 338, '2018-06-25 11:41:45', 0),
(258, 24, 303, '2018-06-25 11:41:55', 0),
(259, 236, 112, '2018-06-25 11:42:17', 0),
(260, 24, 25, '2018-06-25 11:42:58', 0),
(261, 5, 117, '2018-06-25 11:43:03', 0),
(262, 5, 216, '2018-06-25 11:44:03', 0),
(263, 236, 292, '2018-06-25 11:44:19', 0),
(264, 24, 357, '2018-06-25 11:44:34', 0),
(265, 5, 108, '2018-06-25 11:44:42', 0),
(266, 236, 202, '2018-06-25 11:44:58', 0),
(267, 5, 281, '2018-06-25 11:45:10', 0),
(268, 5, 316, '2018-06-25 11:46:35', 0),
(269, 24, 22, '2018-06-25 11:46:56', 0),
(270, 5, 231, '2018-06-25 11:47:29', 0),
(271, 24, 353, '2018-06-25 11:47:31', 0),
(272, 236, 416, '2018-06-25 11:47:40', 0),
(273, 24, 105, '2018-06-25 11:47:56', 0),
(274, 5, 214, '2018-06-25 11:47:58', 0),
(275, 236, 373, '2018-06-25 11:48:04', 0),
(277, 5, 354, '2018-06-25 11:48:27', 0),
(279, 5, 313, '2018-06-25 11:48:40', 0),
(282, 236, 58, '2018-06-25 11:49:08', 0),
(283, 5, 265, '2018-06-25 11:49:33', 0),
(284, 236, 329, '2018-06-25 11:49:36', 0),
(285, 60, 367, '2018-06-25 11:49:42', 0),
(286, 236, 182, '2018-06-25 11:50:02', 0),
(287, 24, 170, '2018-06-25 11:50:11', 0),
(288, 5, 122, '2018-06-25 11:50:27', 0),
(289, 5, 344, '2018-06-25 11:50:52', 0),
(290, 24, 149, '2018-06-25 11:51:06', 0),
(291, 24, 322, '2018-06-25 11:52:53', 0),
(292, 236, 151, '2018-06-25 11:52:58', 0),
(293, 24, 330, '2018-06-25 11:53:20', 0),
(295, 236, 423, '2018-06-25 11:54:31', 0),
(296, 236, 421, '2018-06-25 11:54:37', 0),
(297, 24, 72, '2018-06-25 11:54:42', 0),
(298, 5, 424, '2018-06-25 11:54:43', 0),
(299, 236, 63, '2018-06-25 11:55:01', 0),
(300, 236, 67, '2018-06-25 11:55:39', 0),
(301, 24, 141, '2018-06-25 11:55:42', 0),
(302, 24, 420, '2018-06-25 11:56:06', 0),
(303, 24, 164, '2018-06-25 11:56:32', 0),
(304, 5, 425, '2018-06-25 11:57:06', 0),
(305, 24, 284, '2018-06-25 11:57:15', 0),
(306, 236, 426, '2018-06-25 11:57:21', 0),
(307, 236, 179, '2018-06-25 11:57:52', 0),
(308, 236, 71, '2018-06-25 11:58:21', 0),
(309, 5, 205, '2018-06-25 11:58:40', 0),
(310, 24, 356, '2018-06-25 11:59:14', 0),
(311, 236, 223, '2018-06-25 11:59:26', 0),
(312, 236, 124, '2018-06-25 11:59:54', 0),
(313, 5, 428, '2018-06-25 12:00:16', 0),
(314, 236, 65, '2018-06-25 12:00:42', 0),
(315, 24, 430, '2018-06-25 12:01:20', 0),
(316, 5, 417, '2018-06-25 12:01:40', 0),
(317, 24, 432, '2018-06-25 12:03:48', 0),
(318, 5, 342, '2018-06-25 12:04:04', 0),
(321, 236, 224, '2018-06-25 12:06:56', 0),
(323, 5, 399, '2018-06-25 12:09:00', 0),
(324, 236, 26, '2018-06-25 12:09:47', 0),
(325, 24, 427, '2018-06-25 12:14:11', 0),
(326, 24, 300, '2018-06-25 12:14:54', 0),
(327, 24, 435, '2018-06-25 12:19:18', 0),
(328, 24, 137, '2018-06-25 12:20:09', 0),
(329, 24, 274, '2018-06-25 12:22:59', 0),
(330, 24, 437, '2018-06-25 12:24:36', 0),
(331, 24, 306, '2018-06-25 12:26:26', 0),
(333, 1, 293, '2018-06-25 12:42:47', 0),
(334, 60, 443, '2018-06-25 12:43:32', 0),
(335, 60, 444, '2018-06-25 12:44:37', 0),
(336, 236, 438, '2018-06-25 13:08:01', 0),
(337, 236, 304, '2018-06-25 13:08:42', 0),
(338, 236, 453, '2018-06-25 13:23:13', 0),
(339, 236, 454, '2018-06-25 13:25:46', 0),
(340, 236, 439, '2018-06-25 13:26:28', 0),
(341, 236, 455, '2018-06-25 13:30:45', 0),
(342, 247, 447, '2018-06-25 13:30:49', 0),
(343, 236, 400, '2018-06-25 13:32:36', 0),
(344, 236, 285, '2018-06-25 13:35:43', 0),
(345, 247, 230, '2018-06-25 13:35:49', 0),
(346, 247, 96, '2018-06-25 13:38:42', 0),
(347, 236, 168, '2018-06-25 13:39:19', 0),
(348, 247, 262, '2018-06-25 13:42:29', 0),
(349, 247, 372, '2018-06-25 13:48:49', 0),
(350, 236, 87, '2018-06-25 13:52:16', 0),
(351, 236, 451, '2018-06-25 14:09:15', 0),
(352, 247, 422, '2018-06-25 14:09:26', 0),
(353, 247, 469, '2018-06-25 14:32:33', 0),
(354, 247, 471, '2018-06-25 14:38:29', 0),
(355, 236, 448, '2018-06-25 14:40:25', 0),
(356, 247, 449, '2018-06-25 14:40:34', 0),
(357, 247, 456, '2018-06-25 14:41:50', 0),
(358, 247, 187, '2018-06-25 14:45:13', 0),
(359, 247, 441, '2018-06-25 14:48:29', 0),
(360, 236, 475, '2018-06-25 15:03:23', 0),
(361, 236, 218, '2018-06-25 15:12:38', 0),
(362, 236, 477, '2018-06-25 15:17:51', 0),
(363, 236, 144, '2018-06-25 15:19:20', 0),
(364, 236, 385, '2018-06-25 15:22:47', 0),
(365, 236, 14, '2018-06-25 15:24:30', 0),
(366, 236, 394, '2018-06-25 15:35:51', 0),
(367, 247, 415, '2018-06-25 15:42:32', 0),
(368, 247, 88, '2018-06-25 15:43:29', 0),
(369, 236, 482, '2018-06-25 15:43:58', 0),
(370, 236, 143, '2018-06-25 15:46:26', 0),
(371, 247, 481, '2018-06-25 15:52:15', 0),
(372, 60, 488, '2018-06-25 16:16:52', 0),
(373, 60, 489, '2018-06-25 16:17:48', 0),
(374, 60, 487, '2018-06-25 16:19:45', 0),
(375, 60, 314, '2018-06-25 16:21:32', 0),
(376, 60, 479, '2018-06-25 16:22:04', 0),
(377, 60, 486, '2018-06-25 16:22:35', 0),
(378, 60, 460, '2018-06-25 16:22:56', 0),
(379, 60, 457, '2018-06-25 16:25:09', 0),
(380, 60, 75, '2018-06-25 16:25:19', 0),
(381, 60, 490, '2018-06-25 16:26:55', 0),
(382, 60, 196, '2018-06-25 16:28:51', 0),
(383, 60, 419, '2018-06-25 16:29:31', 0),
(384, 60, 269, '2018-06-25 16:39:48', 0),
(385, 60, 493, '2018-06-25 16:50:14', 0),
(386, 60, 494, '2018-06-25 16:52:21', 0),
(387, 60, 491, '2018-06-25 17:12:32', 0),
(388, 60, 497, '2018-06-25 17:20:57', 0),
(389, 60, 436, '2018-06-25 17:21:43', 0),
(390, 60, 46, '2018-06-25 17:22:35', 0),
(391, 60, 442, '2018-06-25 17:28:58', 0),
(393, 60, 495, '2018-06-25 17:30:05', 0),
(394, 60, 499, '2018-06-25 17:37:35', 0),
(395, 60, 386, '2018-06-25 17:39:13', 0),
(396, 60, 502, '2018-06-25 17:58:00', 0),
(397, 60, 503, '2018-06-25 18:07:12', 0),
(398, 60, 504, '2018-06-25 18:09:32', 0),
(399, 60, 500, '2018-06-25 18:10:08', 0),
(400, 60, 464, '2018-06-25 18:20:59', 0),
(401, 60, 501, '2018-06-25 18:25:40', 0),
(402, 60, 459, '2018-06-25 18:30:31', 0),
(403, 60, 508, '2018-06-25 18:43:26', 0),
(404, 60, 463, '2018-06-25 18:44:22', 0),
(405, 60, 473, '2018-06-25 18:45:29', 0),
(406, 60, 506, '2018-06-25 18:46:29', 0),
(407, 60, 509, '2018-06-25 18:52:20', 0),
(408, 60, 510, '2018-06-25 18:55:38', 0),
(409, 60, 492, '2018-06-25 18:56:17', 0),
(410, 60, 507, '2018-06-25 18:56:35', 0),
(411, 60, 505, '2018-06-25 18:57:02', 0),
(412, 60, 276, '2018-06-25 18:57:37', 0),
(413, 60, 290, '2018-06-25 18:58:24', 0),
(414, 60, 258, '2018-06-25 18:58:50', 0),
(415, 60, 263, '2018-06-25 18:59:57', 0),
(416, 60, 370, '2018-06-25 19:00:17', 0),
(417, 60, 431, '2018-06-25 19:18:06', 0),
(418, 60, 513, '2018-06-25 19:20:21', 0),
(419, 60, 514, '2018-06-25 19:21:50', 0),
(420, 60, 515, '2018-06-25 19:23:20', 0),
(421, 60, 458, '2018-06-25 19:24:04', 0),
(422, 60, 474, '2018-06-25 19:24:36', 0),
(423, 60, 445, '2018-06-25 19:25:26', 0),
(424, 60, 476, '2018-06-25 19:28:05', 0),
(425, 60, 478, '2018-06-25 19:33:03', 0),
(426, 60, 516, '2018-06-25 19:51:19', 0),
(427, 60, 259, '2018-06-25 19:56:25', 0),
(428, 60, 511, '2018-06-25 20:01:17', 0),
(430, 60, 517, '2018-06-25 20:13:10', 0),
(431, 60, 518, '2018-06-25 20:30:18', 0),
(432, 60, 520, '2018-06-25 20:35:32', 0),
(433, 60, 470, '2018-06-25 20:36:42', 0),
(434, 60, 519, '2018-06-25 20:48:16', 0),
(435, 60, 521, '2018-06-25 20:51:13', 0),
(436, 60, 483, '2018-06-25 20:53:15', 0),
(437, 1, 377, '2018-06-26 14:46:39', 0),
(438, 1, 529, '2018-06-26 14:48:30', 0),
(439, 60, 527, '2018-06-26 18:30:17', 0),
(440, 162, 533, '2018-06-28 13:47:55', 0);

-- --------------------------------------------------------

--
-- Estrutura para tabela `estados`
--

CREATE TABLE `estados` (
  `idEstado` int(11) NOT NULL,
  `codigoUf` int(11) NOT NULL,
  `nome` varchar(60) COLLATE utf8_unicode_ci NOT NULL,
  `Uf` char(2) COLLATE utf8_unicode_ci NOT NULL,
  `regiao` int(11) NOT NULL
) ENGINE=InnoDB DEFAULT CHARSET=utf8 COLLATE=utf8_unicode_ci;

--
-- Fazendo dump de dados para tabela `estados`
--

INSERT INTO `estados` (`idEstado`, `codigoUf`, `nome`, `Uf`, `regiao`) VALUES
(1, 12, 'Acre', 'AC', 1),
(2, 27, 'Alagoas', 'AL', 2),
(3, 16, 'Amapá', 'AP', 1),
(4, 13, 'Amazonas', 'AM', 1),
(5, 29, 'Bahia', 'BA', 2),
(6, 23, 'Ceará', 'CE', 2),
(7, 53, 'Distrito Federal', 'DF', 5),
(8, 32, 'Espírito Santo', 'ES', 3),
(9, 52, 'Goiás', 'GO', 5),
(10, 21, 'Maranhão', 'MA', 2),
(11, 51, 'Mato Grosso', 'MT', 5),
(12, 50, 'Mato Grosso do Sul', 'MS', 5),
(13, 31, 'Minas Gerais', 'MG', 3),
(14, 15, 'Pará', 'PA', 1),
(15, 25, 'Paraíba', 'PB', 2),
(16, 41, 'Paraná', 'PR', 4),
(17, 26, 'Pernambuco', 'PE', 2),
(18, 22, 'Piauí', 'PI', 2),
(19, 33, 'Rio de Janeiro', 'RJ', 3),
(20, 24, 'Rio Grande do Norte', 'RN', 2),
(21, 43, 'Rio Grande do Sul', 'RS', 4),
(22, 11, 'Rondônia', 'RO', 1),
(23, 14, 'Roraima', 'RR', 1),
(24, 42, 'Santa Catarina', 'SC', 4),
(25, 35, 'São Paulo', 'SP', 3),
(26, 28, 'Sergipe', 'SE', 2),
(27, 17, 'Tocantins', 'TO', 1);

-- --------------------------------------------------------

--
-- Estrutura para tabela `evento`
--

CREATE TABLE `evento` (
  `idEvento` int(11) NOT NULL,
  `titulo` varchar(100) COLLATE utf8_unicode_ci NOT NULL,
  `dataInicio` datetime NOT NULL,
  `dataFim` datetime NOT NULL,
  `local` varchar(100) COLLATE utf8_unicode_ci NOT NULL,
  `idEstado` int(11) NOT NULL,
  `cidade` varchar(100) COLLATE utf8_unicode_ci NOT NULL,
  `responsavel` varchar(100) COLLATE utf8_unicode_ci NOT NULL,
  `email` varchar(100) COLLATE utf8_unicode_ci NOT NULL,
  `telefone` bigint(11) NOT NULL,
  `descricao` text COLLATE utf8_unicode_ci NOT NULL,
  `logo` blob NOT NULL,
  `cargaHoraria` int(11) NOT NULL,
  `idiomaEvento` varchar(100) COLLATE utf8_unicode_ci NOT NULL,
  `sigla` varchar(12) COLLATE utf8_unicode_ci NOT NULL
) ENGINE=InnoDB DEFAULT CHARSET=utf8 COLLATE=utf8_unicode_ci;

--
-- Fazendo dump de dados para tabela `evento`
--

INSERT INTO `evento` (`idEvento`, `titulo`, `dataInicio`, `dataFim`, `local`, `idEstado`, `cidade`, `responsavel`, `email`, `telefone`, `descricao`, `logo`, `cargaHoraria`, `idiomaEvento`, `sigla`) VALUES
(1, '10ª Semana Acadêmica do Campus Tecnológico de Alegrete', '2018-06-25 08:30:00', '2018-06-29 22:30:00', 'Unipampa Alegrete', 21, 'Alegrete', 'CEC', 'a@a.com', 0, 'descricaododb', 0x3f, 60, 'Brasil', 'SACTA X');

-- --------------------------------------------------------

--
-- Estrutura para tabela `intervalosAtividades`
--

CREATE TABLE `intervalosAtividades` (
  `idintervaloAtividade` int(11) NOT NULL,
  `idtipoIntervalo` int(11) NOT NULL,
  `inicio` datetime NOT NULL,
  `fim` datetime NOT NULL
) ENGINE=InnoDB DEFAULT CHARSET=utf8 COLLATE=utf8_unicode_ci;

--
-- Fazendo dump de dados para tabela `intervalosAtividades`
--

INSERT INTO `intervalosAtividades` (`idintervaloAtividade`, `idtipoIntervalo`, `inicio`, `fim`) VALUES
(1, 1, '2018-06-25 15:30:00', '2018-06-25 16:00:00'),
(2, 3, '2018-06-25 18:00:00', '2018-06-25 19:00:00'),
(3, 1, '2018-06-25 20:30:00', '2018-06-25 21:00:00'),
(4, 1, '2018-06-26 10:00:00', '2018-06-25 10:30:00'),
(5, 2, '2018-06-26 12:00:00', '2018-06-26 14:00:00'),
(6, 1, '2018-06-26 15:30:00', '2018-06-26 16:00:00'),
(7, 3, '2018-06-26 18:00:00', '2018-06-26 19:00:00'),
(8, 1, '2018-06-26 20:00:00', '2018-06-26 21:00:00'),
(9, 1, '2018-06-27 10:00:00', '2018-06-27 10:30:00'),
(10, 2, '2018-06-27 12:00:00', '2018-06-27 14:00:00'),
(11, 1, '2018-06-27 15:30:00', '2018-06-27 16:00:00'),
(12, 3, '2018-06-27 18:00:00', '2018-06-27 19:00:00'),
(13, 1, '2018-06-27 20:30:00', '2018-06-27 21:00:00'),
(14, 1, '2018-06-28 10:00:00', '2018-06-28 10:30:00'),
(15, 2, '2018-06-28 12:00:00', '2018-06-28 14:00:00'),
(16, 1, '2018-06-28 15:30:00', '2018-06-28 16:00:00'),
(17, 3, '2018-06-28 18:00:00', '2018-06-28 19:00:00'),
(18, 1, '2018-06-28 20:30:00', '2018-06-28 21:00:00'),
(19, 1, '2018-06-29 10:00:00', '2018-06-29 10:30:00'),
(20, 2, '2018-06-29 12:00:00', '2018-06-29 14:00:00'),
(21, 1, '2018-06-29 15:30:00', '2018-06-29 16:00:00'),
(22, 3, '2018-06-29 18:00:00', '2018-06-29 19:00:00'),
(23, 1, '2018-06-29 20:30:00', '2018-06-29 21:00:00');

-- --------------------------------------------------------

--
-- Estrutura para tabela `localatividades`
--

CREATE TABLE `localatividades` (
  `idlocalAtividade` int(11) NOT NULL,
  `local` varchar(45) COLLATE utf8_unicode_ci NOT NULL,
  `limiteVagas` smallint(6) NOT NULL
) ENGINE=InnoDB DEFAULT CHARSET=utf8 COLLATE=utf8_unicode_ci;

--
-- Fazendo dump de dados para tabela `localatividades`
--

INSERT INTO `localatividades` (`idlocalAtividade`, `local`, `limiteVagas`) VALUES
(1, 'Auditório Márcia Cristina Cera (Sala 101)', 150),
(2, 'Laboratório de Informática 01 (Sala 212)', 30),
(3, 'Laboratório de Informática 02 (Sala 210)', 30),
(4, 'Laboratório de Informática 05 (Sala 102)', 30),
(5, 'Sala 103', 84),
(6, 'Sala 203', 57),
(7, 'Sala 104 (CEC)', 0),
(8, 'Sala 104 B (Estudos)', 150),
(9, 'LAMAP - Mecanização Agrícola do Pampa', 20),
(10, 'Laborátorio Mecânica', 20),
(11, 'Sala 209', 57),
(12, 'Hall de Entrada', 70),
(14, 'Sala 201', 60),
(15, 'Sala 301', 70),
(16, 'Laboratório de Informática 03 (Sala 302)', 30),
(17, 'Sala LAB CIVIL', 20),
(19, 'Sala 204', 50),
(20, 'Laboratório de Física (Sala 110)', 30),
(21, 'Sala 205', 60),
(22, 'Laboratório da Engenharia Elétrica', 30),
(23, 'Laboratório de Química (Prédio próx. ao R.U)', 20),
(24, 'Sala 312', 40),
(25, 'Sala 305', 50);

-- --------------------------------------------------------

--
-- Estrutura para tabela `participantes_has_atividades`
--

CREATE TABLE `participantes_has_atividades` (
  `idpessoa` int(11) NOT NULL,
  `idatividade` int(11) NOT NULL,
  `inscricao` datetime NOT NULL
) ENGINE=InnoDB DEFAULT CHARSET=utf8 COLLATE=utf8_unicode_ci;

--
-- Fazendo dump de dados para tabela `participantes_has_atividades`
--

INSERT INTO `participantes_has_atividades` (`idpessoa`, `idatividade`, `inscricao`) VALUES
(1, 4, '2018-06-24 20:04:33'),
(1, 22, '2018-06-24 01:40:56'),
(1, 33, '2018-06-29 13:14:18'),
(1, 85, '2018-06-24 03:03:55'),
(1, 97, '2018-06-29 15:55:10'),
(1, 98, '2018-06-29 15:55:10'),
(2, 1, '2018-06-24 05:30:13'),
(2, 4, '2018-06-24 03:04:21'),
(2, 22, '2018-06-24 03:04:49'),
(2, 98, '2018-06-29 18:24:36'),
(3, 1, '2018-06-25 10:16:06'),
(3, 4, '2018-06-24 00:03:26'),
(3, 22, '2018-06-25 10:18:48'),
(3, 37, '2018-06-24 00:04:44'),
(3, 66, '2018-06-25 10:20:58'),
(3, 98, '2018-06-25 10:22:57'),
(4, 1, '2018-06-24 00:04:42'),
(4, 4, '2018-06-24 00:04:59'),
(4, 22, '2018-06-26 19:09:48'),
(4, 28, '2018-06-24 00:19:35'),
(4, 53, '2018-06-25 14:26:36'),
(4, 78, '2018-06-24 00:11:37'),
(4, 102, '2018-06-25 14:19:30'),
(5, 3, '2018-06-24 00:04:35'),
(5, 28, '2018-06-24 00:05:26'),
(5, 39, '2018-06-24 00:05:37'),
(5, 47, '2018-06-24 00:06:23'),
(5, 52, '2018-06-24 00:06:04'),
(5, 55, '2018-06-24 00:06:12'),
(5, 65, '2018-06-24 00:06:41'),
(5, 76, '2018-06-24 00:05:08'),
(5, 85, '2018-06-24 22:12:42'),
(6, 1, '2018-06-24 18:46:18'),
(6, 3, '2018-06-24 15:04:46'),
(6, 24, '2018-06-26 17:20:38'),
(6, 28, '2018-06-24 15:06:54'),
(6, 39, '2018-06-24 15:07:23'),
(6, 41, '2018-06-27 09:21:21'),
(6, 42, '2018-06-27 09:21:36'),
(6, 47, '2018-06-24 15:08:36'),
(6, 53, '2018-06-24 15:08:56'),
(6, 55, '2018-06-28 01:36:26'),
(6, 56, '2018-06-28 19:23:32'),
(6, 59, '2018-06-24 15:09:40'),
(6, 65, '2018-06-24 15:10:05'),
(6, 76, '2018-06-24 15:05:35'),
(6, 85, '2018-06-24 15:07:13'),
(6, 90, '2018-06-24 15:08:22'),
(6, 95, '2018-06-24 15:09:29'),
(6, 98, '2018-06-24 15:10:25'),
(6, 100, '2018-06-24 15:06:43'),
(7, 40, '2018-06-24 00:10:23'),
(7, 77, '2018-06-24 00:07:50'),
(8, 1, '2018-06-24 00:07:16'),
(8, 2, '2018-06-24 00:06:44'),
(8, 9, '2018-06-24 00:08:04'),
(8, 16, '2018-06-24 18:50:27'),
(8, 19, '2018-06-24 10:42:00'),
(8, 24, '2018-06-24 00:11:53'),
(8, 26, '2018-06-24 00:11:38'),
(8, 44, '2018-06-24 00:20:49'),
(8, 53, '2018-06-28 15:18:03'),
(8, 56, '2018-06-25 11:15:34'),
(8, 62, '2018-06-24 00:21:46'),
(8, 63, '2018-06-24 00:16:32'),
(8, 71, '2018-06-24 00:07:26'),
(8, 75, '2018-06-24 00:12:55'),
(8, 83, '2018-06-25 18:18:29'),
(8, 86, '2018-06-24 10:40:02'),
(8, 102, '2018-06-25 15:39:12'),
(9, 14, '2018-06-24 21:31:36'),
(9, 26, '2018-06-25 01:12:19'),
(9, 62, '2018-06-28 16:29:48'),
(9, 63, '2018-06-25 01:19:29'),
(9, 83, '2018-06-24 21:12:42'),
(9, 93, '2018-06-24 17:24:21'),
(10, 11, '2018-06-25 19:08:07'),
(10, 14, '2018-06-24 00:12:00'),
(10, 29, '2018-06-24 00:11:10'),
(10, 41, '2018-06-25 18:52:24'),
(10, 43, '2018-06-24 20:45:07'),
(10, 45, '2018-06-24 00:38:41'),
(10, 50, '2018-06-27 19:50:38'),
(10, 55, '2018-06-24 00:13:54'),
(10, 57, '2018-06-25 18:54:18'),
(10, 97, '2018-06-26 17:08:39'),
(11, 39, '2018-06-24 00:20:29'),
(11, 42, '2018-06-24 00:21:07'),
(11, 59, '2018-06-24 00:27:27'),
(11, 65, '2018-06-24 00:28:36'),
(11, 98, '2018-06-29 18:52:05'),
(12, 1, '2018-06-24 00:23:55'),
(12, 8, '2018-06-24 00:19:21'),
(12, 16, '2018-06-25 22:43:06'),
(12, 25, '2018-06-24 14:18:06'),
(12, 31, '2018-06-24 00:19:38'),
(12, 55, '2018-06-24 00:55:07'),
(12, 62, '2018-06-24 01:00:53'),
(12, 63, '2018-06-24 00:21:31'),
(12, 87, '2018-06-25 19:52:04'),
(12, 98, '2018-06-25 22:51:16'),
(12, 102, '2018-06-26 10:07:54'),
(13, 8, '2018-06-24 00:15:24'),
(13, 26, '2018-06-25 04:40:38'),
(13, 57, '2018-06-24 20:56:37'),
(13, 63, '2018-06-29 15:47:05'),
(13, 71, '2018-06-24 00:15:09'),
(13, 82, '2018-06-24 15:51:05'),
(13, 88, '2018-06-24 20:55:46'),
(14, 18, '2018-06-26 16:31:04'),
(14, 33, '2018-06-24 00:16:11'),
(14, 78, '2018-06-24 00:20:29'),
(14, 98, '2018-06-29 15:51:01'),
(14, 102, '2018-06-25 15:35:38'),
(15, 1, '2018-06-25 12:47:10'),
(15, 4, '2018-06-24 07:40:00'),
(15, 5, '2018-06-24 00:54:42'),
(15, 6, '2018-06-24 01:41:23'),
(15, 7, '2018-06-24 00:54:45'),
(15, 8, '2018-06-24 00:54:45'),
(15, 9, '2018-06-24 00:54:47'),
(15, 10, '2018-06-24 00:54:41'),
(15, 11, '2018-06-24 00:54:43'),
(15, 12, '2018-06-24 00:54:39'),
(15, 14, '2018-06-24 00:46:39'),
(15, 16, '2018-06-24 00:54:35'),
(15, 17, '2018-06-24 00:54:55'),
(15, 18, '2018-06-24 00:54:57'),
(15, 19, '2018-06-24 00:54:57'),
(15, 20, '2018-06-24 00:54:58'),
(15, 21, '2018-06-24 00:55:01'),
(15, 22, '2018-06-24 00:55:02'),
(15, 24, '2018-06-24 00:55:04'),
(15, 25, '2018-06-24 00:55:06'),
(15, 26, '2018-06-24 00:55:08'),
(15, 29, '2018-06-24 01:41:37'),
(15, 31, '2018-06-24 01:41:40'),
(15, 32, '2018-06-24 01:41:44'),
(15, 33, '2018-06-24 01:41:47'),
(15, 34, '2018-06-24 01:41:47'),
(15, 36, '2018-06-24 01:41:53'),
(15, 37, '2018-06-24 01:41:53'),
(15, 39, '2018-06-24 01:42:02'),
(15, 40, '2018-06-24 01:42:03'),
(15, 41, '2018-06-24 01:42:29'),
(15, 42, '2018-06-24 01:42:30'),
(15, 43, '2018-06-24 01:42:30'),
(15, 44, '2018-06-24 01:42:34'),
(15, 45, '2018-06-24 01:42:33'),
(15, 46, '2018-06-24 01:42:32'),
(15, 47, '2018-06-24 01:42:35'),
(15, 48, '2018-06-24 01:42:37'),
(15, 49, '2018-06-24 01:42:37'),
(15, 50, '2018-06-24 01:42:40'),
(15, 52, '2018-06-24 01:42:42'),
(15, 53, '2018-06-24 01:42:46'),
(15, 54, '2018-06-24 01:42:46'),
(15, 55, '2018-06-24 01:42:45'),
(15, 56, '2018-06-24 01:42:48'),
(15, 57, '2018-06-24 01:43:00'),
(15, 58, '2018-06-24 01:43:01'),
(15, 59, '2018-06-24 01:43:02'),
(15, 61, '2018-06-24 01:43:04'),
(15, 62, '2018-06-24 01:43:05'),
(15, 63, '2018-06-24 01:43:07'),
(15, 64, '2018-06-24 01:43:08'),
(15, 65, '2018-06-24 01:43:09'),
(15, 66, '2018-06-24 01:43:11'),
(15, 67, '2018-06-24 01:43:12'),
(15, 68, '2018-06-24 01:43:12'),
(15, 71, '2018-06-24 01:41:24'),
(15, 75, '2018-06-24 01:41:41'),
(15, 76, '2018-06-24 00:54:38'),
(15, 77, '2018-06-24 00:54:54'),
(15, 78, '2018-06-24 00:54:53'),
(15, 82, '2018-06-24 01:41:43'),
(15, 83, '2018-06-24 01:41:44'),
(15, 85, '2018-06-24 07:37:26'),
(15, 87, '2018-06-24 07:39:48'),
(15, 88, '2018-06-24 07:43:07'),
(15, 89, '2018-06-24 07:45:02'),
(15, 90, '2018-06-24 07:45:26'),
(15, 91, '2018-06-24 07:53:34'),
(15, 92, '2018-06-24 07:53:16'),
(15, 93, '2018-06-24 07:59:39'),
(15, 94, '2018-06-24 07:59:38'),
(15, 95, '2018-06-24 07:59:58'),
(15, 96, '2018-06-24 05:00:12'),
(15, 97, '2018-06-24 05:00:01'),
(15, 98, '2018-06-24 08:10:45'),
(15, 100, '2018-06-24 07:34:36'),
(17, 4, '2018-06-24 00:25:49'),
(17, 22, '2018-06-24 00:21:33'),
(17, 61, '2018-06-24 00:28:27'),
(17, 69, '2018-06-25 15:33:03'),
(17, 102, '2018-06-25 15:32:54'),
(19, 4, '2018-06-24 00:17:55'),
(19, 18, '2018-06-24 00:20:33'),
(19, 22, '2018-06-24 00:27:54'),
(19, 29, '2018-06-24 00:21:12'),
(19, 45, '2018-06-24 00:21:56'),
(19, 61, '2018-06-24 00:24:20'),
(19, 85, '2018-06-27 08:41:52'),
(19, 98, '2018-06-24 11:05:23'),
(19, 102, '2018-06-25 17:10:44'),
(20, 3, '2018-06-24 00:24:07'),
(20, 17, '2018-06-24 00:26:17'),
(20, 28, '2018-06-24 00:27:26'),
(20, 39, '2018-06-27 12:04:12'),
(20, 42, '2018-06-24 00:28:28'),
(20, 59, '2018-06-24 00:31:42'),
(20, 76, '2018-06-24 00:25:17'),
(20, 95, '2018-06-25 09:21:30'),
(20, 102, '2018-06-25 14:21:59'),
(21, 4, '2018-06-25 11:59:08'),
(21, 18, '2018-06-25 12:19:03'),
(21, 24, '2018-06-26 17:20:57'),
(21, 67, '2018-06-29 19:01:46'),
(22, 4, '2018-06-24 00:23:14'),
(22, 22, '2018-06-26 15:43:50'),
(22, 37, '2018-06-24 00:25:16'),
(22, 52, '2018-06-24 00:26:13'),
(22, 66, '2018-06-24 00:27:23'),
(22, 98, '2018-06-25 12:39:45'),
(23, 6, '2018-06-24 00:24:15'),
(23, 11, '2018-06-24 00:26:10'),
(23, 14, '2018-06-24 00:27:17'),
(23, 27, '2018-06-24 00:29:26'),
(23, 40, '2018-06-24 00:31:27'),
(23, 43, '2018-06-24 00:32:31'),
(23, 45, '2018-06-24 00:32:49'),
(23, 50, '2018-06-24 00:34:11'),
(23, 61, '2018-06-24 00:35:32'),
(23, 85, '2018-06-25 23:51:29'),
(24, 3, '2018-06-24 00:57:47'),
(24, 17, '2018-06-24 00:57:18'),
(24, 28, '2018-06-24 00:56:02'),
(24, 37, '2018-06-27 18:45:49'),
(24, 42, '2018-06-25 02:26:28'),
(24, 46, '2018-06-28 15:57:14'),
(24, 52, '2018-06-28 16:17:03'),
(24, 55, '2018-06-24 00:55:38'),
(24, 68, '2018-06-24 00:54:45'),
(24, 76, '2018-06-24 00:56:46'),
(24, 85, '2018-06-25 02:25:18'),
(24, 95, '2018-06-24 20:36:00'),
(24, 98, '2018-06-29 18:58:12'),
(24, 100, '2018-06-26 18:19:50'),
(25, 10, '2018-06-24 00:37:07'),
(25, 11, '2018-06-24 00:58:50'),
(25, 34, '2018-06-24 00:51:39'),
(26, 1, '2018-06-24 00:29:06'),
(26, 3, '2018-06-25 11:31:43'),
(26, 24, '2018-06-26 10:34:31'),
(26, 28, '2018-06-25 11:34:32'),
(26, 40, '2018-06-25 11:35:47'),
(26, 48, '2018-06-25 11:36:35'),
(26, 52, '2018-06-25 11:36:54'),
(26, 59, '2018-06-25 11:37:42'),
(26, 64, '2018-06-25 11:38:03'),
(26, 65, '2018-06-25 11:38:16'),
(26, 77, '2018-06-26 10:34:06'),
(26, 89, '2018-06-25 11:36:04'),
(26, 97, '2018-06-25 11:38:23'),
(26, 98, '2018-06-25 11:38:34'),
(28, 18, '2018-06-24 00:36:07'),
(28, 37, '2018-06-24 00:38:04'),
(28, 46, '2018-06-27 00:11:39'),
(28, 67, '2018-06-29 01:51:01'),
(28, 85, '2018-06-27 15:25:51'),
(28, 91, '2018-06-27 00:12:30'),
(28, 98, '2018-06-29 19:11:50'),
(28, 100, '2018-06-26 18:15:05'),
(29, 7, '2018-06-24 00:43:22'),
(29, 39, '2018-06-27 20:17:24'),
(29, 77, '2018-06-24 00:46:07'),
(30, 2, '2018-06-24 00:39:08'),
(30, 9, '2018-06-24 00:39:53'),
(30, 16, '2018-06-26 13:47:11'),
(30, 19, '2018-06-24 00:42:38'),
(30, 25, '2018-06-25 10:38:00'),
(30, 40, '2018-06-24 00:46:14'),
(30, 49, '2018-06-24 00:46:54'),
(30, 62, '2018-06-24 00:47:48'),
(30, 63, '2018-06-24 00:47:58'),
(30, 68, '2018-06-24 19:19:30'),
(30, 71, '2018-06-24 19:11:24'),
(30, 75, '2018-06-24 19:14:37'),
(30, 83, '2018-06-24 19:15:31'),
(30, 86, '2018-06-24 19:14:45'),
(30, 102, '2018-06-25 15:56:27'),
(31, 1, '2018-06-24 00:49:38'),
(31, 4, '2018-06-24 00:49:16'),
(31, 10, '2018-06-24 00:50:44'),
(31, 11, '2018-06-24 00:51:04'),
(31, 14, '2018-06-24 00:51:19'),
(31, 22, '2018-06-25 21:25:29'),
(31, 29, '2018-06-24 00:53:32'),
(31, 43, '2018-06-24 00:54:58'),
(31, 57, '2018-06-24 00:56:38'),
(31, 61, '2018-06-24 00:58:45'),
(32, 17, '2018-06-24 20:58:38'),
(32, 28, '2018-06-24 00:49:28'),
(32, 59, '2018-06-24 20:57:36'),
(32, 65, '2018-06-24 20:57:27'),
(32, 85, '2018-06-25 11:51:53'),
(32, 89, '2018-06-24 13:29:06'),
(32, 95, '2018-06-25 11:54:57'),
(32, 98, '2018-06-25 11:55:37'),
(33, 2, '2018-06-24 00:52:39'),
(33, 5, '2018-06-24 00:57:11'),
(33, 6, '2018-06-24 00:52:18'),
(33, 8, '2018-06-24 00:53:52'),
(33, 16, '2018-06-24 00:56:54'),
(33, 20, '2018-06-24 00:55:16'),
(33, 25, '2018-06-24 00:56:08'),
(36, 1, '2018-06-24 00:57:46'),
(36, 4, '2018-06-24 19:57:21'),
(36, 40, '2018-06-24 19:58:53'),
(36, 44, '2018-06-24 19:59:49'),
(36, 45, '2018-06-24 20:00:01'),
(36, 58, '2018-06-24 20:03:43'),
(36, 64, '2018-06-27 08:57:17'),
(36, 70, '2018-06-24 00:57:18'),
(36, 77, '2018-06-24 00:58:54'),
(36, 83, '2018-06-27 08:54:50'),
(36, 85, '2018-06-27 08:52:15'),
(36, 91, '2018-06-24 20:00:37'),
(36, 98, '2018-06-24 20:05:28'),
(36, 100, '2018-06-25 21:40:53'),
(37, 1, '2018-06-24 00:57:15'),
(37, 4, '2018-06-24 17:02:36'),
(37, 10, '2018-06-24 00:58:05'),
(37, 11, '2018-06-24 00:58:11'),
(37, 14, '2018-06-24 00:58:24'),
(37, 29, '2018-06-24 00:59:22'),
(37, 32, '2018-06-24 00:59:38'),
(37, 40, '2018-06-24 01:00:01'),
(37, 41, '2018-06-24 01:00:08'),
(37, 43, '2018-06-24 14:23:22'),
(37, 45, '2018-06-24 01:00:23'),
(37, 50, '2018-06-28 15:02:21'),
(37, 55, '2018-06-24 01:01:06'),
(37, 57, '2018-06-24 01:01:15'),
(37, 91, '2018-06-24 14:23:52'),
(37, 98, '2018-06-24 14:25:24'),
(37, 102, '2018-06-25 15:19:44'),
(38, 1, '2018-06-24 01:17:08'),
(38, 8, '2018-06-24 01:12:34'),
(38, 31, '2018-06-24 01:12:50'),
(38, 49, '2018-06-24 01:24:23'),
(38, 55, '2018-06-24 01:22:28'),
(38, 85, '2018-06-27 15:12:30'),
(38, 102, '2018-06-25 20:22:29'),
(40, 1, '2018-06-24 01:04:13'),
(40, 2, '2018-06-24 01:04:26'),
(40, 9, '2018-06-24 01:04:58'),
(40, 55, '2018-06-24 01:07:17'),
(40, 75, '2018-06-24 01:06:34'),
(40, 85, '2018-06-27 15:10:09'),
(40, 87, '2018-06-25 01:13:27'),
(40, 102, '2018-06-25 15:20:20'),
(41, 2, '2018-06-24 01:05:40'),
(41, 9, '2018-06-24 01:04:46'),
(41, 25, '2018-06-24 01:08:26'),
(41, 26, '2018-06-25 12:29:22'),
(41, 40, '2018-06-24 23:38:52'),
(41, 46, '2018-06-24 01:11:40'),
(41, 53, '2018-06-24 01:12:14'),
(41, 62, '2018-06-24 01:12:37'),
(41, 63, '2018-06-24 01:12:48'),
(41, 68, '2018-06-24 01:13:11'),
(41, 71, '2018-06-24 01:14:03'),
(41, 75, '2018-06-24 01:09:18'),
(42, 2, '2018-06-24 01:05:47'),
(42, 9, '2018-06-24 01:06:20'),
(42, 16, '2018-06-24 01:07:05'),
(42, 19, '2018-06-24 10:35:17'),
(42, 24, '2018-06-24 01:10:01'),
(42, 26, '2018-06-24 10:36:02'),
(42, 40, '2018-06-24 10:43:23'),
(42, 44, '2018-06-24 10:43:39'),
(42, 49, '2018-06-24 10:44:02'),
(42, 62, '2018-06-24 10:45:00'),
(42, 63, '2018-06-24 10:45:03'),
(42, 68, '2018-06-24 10:45:11'),
(42, 71, '2018-06-24 01:06:14'),
(42, 75, '2018-06-24 01:11:54'),
(42, 83, '2018-06-24 10:39:24'),
(42, 85, '2018-06-24 10:40:26'),
(42, 86, '2018-06-24 10:39:33'),
(42, 94, '2018-06-24 10:44:24'),
(43, 10, '2018-06-24 23:03:21'),
(43, 11, '2018-06-24 23:02:06'),
(43, 39, '2018-06-24 23:14:04'),
(43, 41, '2018-06-24 23:07:52'),
(43, 53, '2018-06-24 23:14:48'),
(44, 2, '2018-06-24 01:12:21'),
(44, 5, '2018-06-24 01:14:53'),
(44, 9, '2018-06-24 01:14:15'),
(44, 16, '2018-06-24 01:16:43'),
(44, 18, '2018-06-26 16:45:25'),
(44, 19, '2018-06-24 01:18:01'),
(44, 26, '2018-06-26 16:58:12'),
(44, 44, '2018-06-24 01:22:47'),
(44, 49, '2018-06-24 01:23:19'),
(44, 53, '2018-06-24 01:23:43'),
(44, 71, '2018-06-24 01:13:26'),
(44, 75, '2018-06-26 16:48:39'),
(44, 86, '2018-06-26 16:49:09'),
(44, 87, '2018-06-26 16:50:37'),
(45, 2, '2018-06-24 01:14:18'),
(45, 12, '2018-06-24 01:15:09'),
(45, 24, '2018-06-24 01:15:48'),
(45, 40, '2018-06-24 01:16:39'),
(45, 49, '2018-06-24 01:17:15'),
(46, 4, '2018-06-24 01:16:34'),
(46, 17, '2018-06-24 01:17:16'),
(46, 28, '2018-06-24 01:18:40'),
(46, 34, '2018-06-26 21:15:47'),
(46, 47, '2018-06-24 20:10:46'),
(46, 65, '2018-06-24 01:20:09'),
(46, 90, '2018-06-24 20:11:31'),
(46, 95, '2018-06-26 21:16:32'),
(47, 1, '2018-06-24 14:01:20'),
(47, 16, '2018-06-26 00:10:20'),
(47, 49, '2018-06-25 18:55:33'),
(47, 52, '2018-06-25 18:55:42'),
(47, 71, '2018-06-24 14:02:58'),
(47, 82, '2018-06-24 14:08:00'),
(47, 87, '2018-06-25 09:07:32'),
(47, 88, '2018-06-26 00:12:52'),
(48, 5, '2018-06-24 01:22:00'),
(48, 26, '2018-06-24 01:25:06'),
(48, 32, '2018-06-24 01:28:51'),
(48, 62, '2018-06-24 01:47:41'),
(48, 63, '2018-06-24 01:19:26'),
(48, 82, '2018-06-24 01:28:40'),
(48, 88, '2018-06-27 08:35:49'),
(48, 102, '2018-06-26 09:00:54'),
(49, 18, '2018-06-24 01:37:30'),
(49, 21, '2018-06-24 01:37:32'),
(49, 36, '2018-06-24 13:19:49'),
(49, 54, '2018-06-29 18:57:55'),
(49, 64, '2018-06-29 16:33:28'),
(49, 69, '2018-06-24 01:37:06'),
(49, 98, '2018-06-29 18:57:57'),
(50, 2, '2018-06-24 01:19:24'),
(50, 9, '2018-06-24 01:26:18'),
(50, 24, '2018-06-24 01:27:11'),
(50, 26, '2018-06-24 01:28:49'),
(50, 55, '2018-06-24 01:33:22'),
(50, 56, '2018-06-24 01:33:52'),
(50, 71, '2018-06-24 01:19:41'),
(51, 39, '2018-06-24 17:13:42'),
(51, 59, '2018-06-29 12:42:00'),
(51, 65, '2018-06-24 17:15:51'),
(51, 85, '2018-06-24 17:13:11'),
(51, 95, '2018-06-25 11:54:59'),
(51, 98, '2018-06-24 23:43:22'),
(51, 100, '2018-06-25 19:10:51'),
(52, 4, '2018-06-24 01:22:04'),
(52, 18, '2018-06-24 01:23:45'),
(52, 22, '2018-06-25 09:36:42'),
(52, 29, '2018-06-24 01:25:28'),
(52, 41, '2018-06-24 01:26:23'),
(52, 45, '2018-06-24 01:26:46'),
(52, 57, '2018-06-24 01:27:38'),
(52, 85, '2018-06-24 11:12:38'),
(52, 98, '2018-06-24 10:40:32'),
(54, 1, '2018-06-24 01:27:03'),
(54, 21, '2018-06-24 01:29:58'),
(54, 33, '2018-06-25 05:53:34'),
(54, 37, '2018-06-24 01:31:02'),
(54, 48, '2018-06-24 01:42:40'),
(54, 53, '2018-06-28 13:40:43'),
(54, 56, '2018-06-24 01:32:33'),
(54, 78, '2018-06-25 05:42:41'),
(54, 98, '2018-06-24 19:10:53'),
(55, 1, '2018-06-24 01:22:50'),
(55, 3, '2018-06-24 01:23:11'),
(55, 10, '2018-06-24 01:24:25'),
(55, 11, '2018-06-24 01:24:49'),
(55, 40, '2018-06-24 01:27:35'),
(55, 41, '2018-06-24 01:27:48'),
(55, 43, '2018-06-24 01:28:14'),
(55, 46, '2018-06-24 01:28:44'),
(55, 50, '2018-06-24 01:29:00'),
(55, 64, '2018-06-24 01:30:31'),
(55, 76, '2018-06-24 01:24:59'),
(56, 1, '2018-06-24 01:28:44'),
(56, 3, '2018-06-24 01:28:29'),
(56, 6, '2018-06-24 01:25:44'),
(56, 39, '2018-06-24 17:35:25'),
(56, 53, '2018-06-28 13:35:40'),
(56, 56, '2018-06-24 01:38:41'),
(56, 76, '2018-06-24 01:40:21'),
(56, 78, '2018-06-26 14:07:44'),
(56, 85, '2018-06-24 17:36:10'),
(56, 98, '2018-06-24 18:51:09'),
(57, 1, '2018-06-24 01:29:29'),
(57, 3, '2018-06-24 01:30:39'),
(57, 6, '2018-06-24 01:28:45'),
(57, 39, '2018-06-24 18:26:50'),
(57, 52, '2018-06-24 01:32:58'),
(57, 56, '2018-06-24 01:39:27'),
(57, 76, '2018-06-24 18:24:57'),
(57, 85, '2018-06-24 18:26:38'),
(57, 98, '2018-06-24 19:37:32'),
(57, 102, '2018-06-26 02:27:39'),
(59, 2, '2018-06-24 17:03:00'),
(59, 5, '2018-06-24 17:08:32'),
(59, 10, '2018-06-24 17:08:23'),
(59, 34, '2018-06-24 17:14:23'),
(59, 71, '2018-06-24 17:06:29'),
(59, 89, '2018-06-25 08:51:02'),
(59, 97, '2018-06-24 17:16:20'),
(60, 40, '2018-06-24 06:04:08'),
(60, 52, '2018-06-24 01:39:31'),
(60, 95, '2018-06-24 14:48:17'),
(60, 98, '2018-06-29 16:02:33'),
(60, 100, '2018-06-25 01:03:11'),
(61, 1, '2018-06-24 01:34:07'),
(61, 8, '2018-06-24 02:00:43'),
(61, 16, '2018-06-24 02:11:45'),
(61, 31, '2018-06-24 02:00:53'),
(61, 55, '2018-06-24 01:55:11'),
(61, 71, '2018-06-24 01:59:10'),
(62, 5, '2018-06-26 10:17:48'),
(62, 12, '2018-06-24 01:36:49'),
(62, 26, '2018-06-24 01:38:13'),
(62, 32, '2018-06-24 01:40:09'),
(62, 44, '2018-06-24 01:40:54'),
(62, 49, '2018-06-24 01:41:28'),
(62, 62, '2018-06-24 01:41:53'),
(62, 63, '2018-06-24 01:41:54'),
(62, 102, '2018-06-26 09:14:46'),
(63, 3, '2018-06-24 01:37:22'),
(63, 6, '2018-06-24 01:37:36'),
(63, 37, '2018-06-24 01:41:22'),
(63, 53, '2018-06-28 14:58:29'),
(63, 56, '2018-06-24 01:42:30'),
(63, 76, '2018-06-24 01:39:55'),
(63, 85, '2018-06-27 02:11:08'),
(63, 98, '2018-06-25 02:01:17'),
(63, 102, '2018-06-26 09:55:07'),
(64, 2, '2018-06-24 01:51:22'),
(64, 8, '2018-06-24 01:51:46'),
(64, 31, '2018-06-24 01:53:47'),
(64, 102, '2018-06-26 08:44:11'),
(65, 1, '2018-06-24 02:12:17'),
(65, 3, '2018-06-24 02:43:43'),
(65, 17, '2018-06-24 02:21:21'),
(65, 21, '2018-06-24 20:35:44'),
(65, 28, '2018-06-24 02:24:09'),
(65, 32, '2018-06-24 02:27:36'),
(65, 40, '2018-06-24 02:26:54'),
(65, 42, '2018-06-24 02:42:12'),
(65, 47, '2018-06-24 02:29:47'),
(65, 52, '2018-06-24 02:31:23'),
(65, 55, '2018-06-24 02:32:36'),
(65, 56, '2018-06-24 02:33:57'),
(65, 59, '2018-06-24 02:34:10'),
(65, 64, '2018-06-24 02:36:19'),
(65, 76, '2018-06-24 02:18:54'),
(65, 95, '2018-06-24 07:02:20'),
(65, 98, '2018-06-29 16:44:01'),
(67, 6, '2018-06-24 02:26:33'),
(67, 39, '2018-06-24 02:23:04'),
(67, 45, '2018-06-24 02:19:18'),
(67, 58, '2018-06-24 02:24:29'),
(67, 78, '2018-06-24 02:18:12'),
(67, 85, '2018-06-24 02:22:20'),
(68, 2, '2018-06-24 14:24:29'),
(68, 9, '2018-06-24 19:59:46'),
(68, 44, '2018-06-28 10:21:35'),
(68, 83, '2018-06-24 14:27:12'),
(68, 86, '2018-06-24 14:27:23'),
(68, 87, '2018-06-26 16:32:45'),
(68, 102, '2018-06-25 16:28:10'),
(69, 49, '2018-06-24 02:29:38'),
(69, 52, '2018-06-24 02:33:31'),
(69, 75, '2018-06-24 02:35:58'),
(69, 83, '2018-06-24 02:53:00'),
(70, 2, '2018-06-25 11:49:27'),
(70, 5, '2018-06-25 11:50:06'),
(70, 9, '2018-06-25 11:49:59'),
(70, 19, '2018-06-25 11:50:24'),
(70, 26, '2018-06-25 11:50:59'),
(70, 32, '2018-06-25 11:51:35'),
(70, 44, '2018-06-25 11:52:56'),
(70, 53, '2018-06-25 11:53:23'),
(70, 71, '2018-06-25 11:49:43'),
(70, 75, '2018-06-25 11:52:14'),
(70, 86, '2018-06-25 11:52:05'),
(70, 97, '2018-06-25 11:55:02'),
(71, 1, '2018-06-24 13:15:48'),
(71, 6, '2018-06-24 13:18:11'),
(71, 11, '2018-06-25 14:11:39'),
(71, 32, '2018-06-24 13:20:54'),
(71, 39, '2018-06-26 18:56:31'),
(71, 40, '2018-06-26 18:56:57'),
(71, 41, '2018-06-25 14:17:29'),
(71, 43, '2018-06-25 14:17:56'),
(71, 70, '2018-06-24 13:16:18'),
(71, 77, '2018-06-26 16:34:01'),
(71, 89, '2018-06-24 13:23:25'),
(71, 102, '2018-06-25 16:27:22'),
(72, 6, '2018-06-24 02:28:42'),
(72, 39, '2018-06-24 02:29:05'),
(72, 45, '2018-06-24 02:29:12'),
(72, 58, '2018-06-24 02:29:15'),
(72, 78, '2018-06-24 02:28:50'),
(72, 85, '2018-06-24 02:29:02'),
(73, 1, '2018-06-24 11:53:16'),
(73, 2, '2018-06-24 02:44:43'),
(73, 5, '2018-06-24 02:48:04'),
(73, 8, '2018-06-24 02:47:13'),
(73, 20, '2018-06-24 02:50:11'),
(73, 24, '2018-06-24 12:03:06'),
(73, 26, '2018-06-24 02:50:50'),
(73, 49, '2018-06-24 02:53:46'),
(73, 53, '2018-06-24 02:54:18'),
(73, 56, '2018-06-24 02:54:36'),
(73, 62, '2018-06-24 02:54:59'),
(73, 63, '2018-06-24 02:55:10'),
(73, 71, '2018-06-24 02:46:06'),
(73, 82, '2018-06-24 02:51:35'),
(73, 85, '2018-06-24 02:52:14'),
(73, 87, '2018-06-24 12:06:34'),
(73, 88, '2018-06-24 12:06:45'),
(74, 6, '2018-06-24 02:48:29'),
(74, 21, '2018-06-24 02:51:06'),
(74, 37, '2018-06-24 02:53:43'),
(74, 55, '2018-06-24 02:56:09'),
(74, 97, '2018-06-25 18:00:48'),
(75, 25, '2018-06-26 16:53:35'),
(75, 39, '2018-06-26 20:24:35'),
(76, 4, '2018-06-24 14:16:05'),
(76, 18, '2018-06-24 03:47:58'),
(76, 22, '2018-06-25 21:21:45'),
(76, 27, '2018-06-24 03:48:49'),
(76, 32, '2018-06-25 10:54:59'),
(76, 33, '2018-06-24 03:49:34'),
(76, 48, '2018-06-24 03:50:35'),
(76, 52, '2018-06-28 14:18:56'),
(76, 56, '2018-06-24 03:50:57'),
(76, 66, '2018-06-27 14:34:32'),
(76, 70, '2018-06-24 03:45:54'),
(76, 98, '2018-06-25 10:55:51'),
(77, 1, '2018-06-25 09:50:49'),
(77, 3, '2018-06-24 03:54:19'),
(77, 20, '2018-06-25 09:54:54'),
(77, 48, '2018-06-24 03:58:51'),
(77, 76, '2018-06-24 03:55:36'),
(77, 82, '2018-06-24 03:56:59'),
(77, 88, '2018-06-24 03:58:10'),
(77, 95, '2018-06-25 18:26:01'),
(78, 1, '2018-06-24 14:02:10'),
(78, 3, '2018-06-25 14:18:04'),
(78, 20, '2018-06-25 09:54:45'),
(78, 76, '2018-06-25 16:05:00'),
(78, 82, '2018-06-24 04:10:46'),
(78, 88, '2018-06-24 04:11:47'),
(78, 95, '2018-06-26 10:56:27'),
(79, 16, '2018-06-26 00:30:31'),
(79, 20, '2018-06-26 00:31:40'),
(79, 28, '2018-06-26 00:33:22'),
(79, 39, '2018-06-26 00:35:43'),
(79, 42, '2018-06-26 00:36:17'),
(79, 47, '2018-06-26 00:38:00'),
(79, 53, '2018-06-26 00:38:40'),
(79, 85, '2018-06-26 00:34:51'),
(79, 89, '2018-06-26 00:36:33'),
(79, 90, '2018-06-26 00:36:43'),
(79, 95, '2018-06-26 00:39:26'),
(80, 10, '2018-06-24 12:42:45'),
(80, 29, '2018-06-24 12:43:27'),
(80, 41, '2018-06-24 12:43:35'),
(80, 43, '2018-06-24 12:43:47'),
(80, 45, '2018-06-24 12:43:57'),
(80, 50, '2018-06-24 13:27:06'),
(80, 57, '2018-06-24 12:44:46'),
(80, 98, '2018-06-24 14:58:03'),
(82, 1, '2018-06-25 10:31:55'),
(82, 7, '2018-06-24 06:43:23'),
(82, 12, '2018-06-24 06:43:34'),
(82, 17, '2018-06-24 06:43:52'),
(82, 39, '2018-06-24 06:44:24'),
(82, 53, '2018-06-24 06:44:54'),
(82, 59, '2018-06-29 13:49:44'),
(82, 98, '2018-06-29 19:05:04'),
(82, 102, '2018-06-25 15:58:06'),
(83, 1, '2018-06-24 08:36:44'),
(83, 91, '2018-06-24 08:40:32'),
(84, 2, '2018-06-24 08:41:25'),
(84, 12, '2018-06-24 08:44:16'),
(84, 25, '2018-06-24 08:48:16'),
(84, 26, '2018-06-24 08:47:43'),
(84, 44, '2018-06-24 08:52:25'),
(84, 49, '2018-06-24 08:52:51'),
(84, 53, '2018-06-28 16:28:50'),
(84, 62, '2018-06-24 08:56:24'),
(84, 63, '2018-06-24 08:56:14'),
(84, 71, '2018-06-24 08:42:37'),
(84, 75, '2018-06-24 08:49:58'),
(84, 86, '2018-06-24 08:49:40'),
(85, 6, '2018-06-24 08:44:05'),
(85, 8, '2018-06-24 22:03:21'),
(85, 31, '2018-06-24 22:06:48'),
(85, 58, '2018-06-24 08:49:50'),
(85, 77, '2018-06-24 08:46:11'),
(88, 2, '2018-06-24 09:09:11'),
(88, 9, '2018-06-24 09:10:05'),
(88, 12, '2018-06-24 09:10:44'),
(88, 25, '2018-06-24 09:11:53'),
(88, 26, '2018-06-24 09:12:02'),
(88, 49, '2018-06-24 09:15:12'),
(88, 53, '2018-06-24 09:14:16'),
(88, 55, '2018-06-24 09:14:36'),
(88, 63, '2018-06-24 09:15:26'),
(88, 68, '2018-06-24 09:15:35'),
(88, 71, '2018-06-24 09:09:26'),
(88, 75, '2018-06-24 09:12:28'),
(88, 87, '2018-06-24 09:13:10'),
(89, 3, '2018-06-24 09:11:48'),
(89, 28, '2018-06-24 09:13:46'),
(89, 39, '2018-06-24 09:14:14'),
(89, 42, '2018-06-24 09:14:30'),
(89, 76, '2018-06-24 09:12:35'),
(89, 95, '2018-06-24 09:15:56'),
(90, 4, '2018-06-24 17:16:10'),
(90, 18, '2018-06-25 08:12:18'),
(90, 22, '2018-06-25 18:44:20'),
(90, 32, '2018-06-24 17:14:07'),
(90, 64, '2018-06-27 14:23:20'),
(90, 69, '2018-06-25 15:25:06'),
(90, 102, '2018-06-25 15:31:42'),
(92, 82, '2018-06-24 09:39:09'),
(92, 88, '2018-06-24 09:39:40'),
(93, 1, '2018-06-24 15:17:48'),
(93, 10, '2018-06-25 22:50:45'),
(93, 11, '2018-06-25 12:38:22'),
(93, 29, '2018-06-24 15:22:33'),
(93, 40, '2018-06-24 15:23:06'),
(93, 41, '2018-06-24 15:27:23'),
(93, 43, '2018-06-24 15:27:35'),
(93, 45, '2018-06-24 15:27:42'),
(93, 50, '2018-06-28 02:01:11'),
(93, 102, '2018-06-25 15:18:31'),
(94, 1, '2018-06-25 04:01:59'),
(94, 5, '2018-06-24 19:09:39'),
(94, 10, '2018-06-24 19:08:23'),
(94, 85, '2018-06-24 19:13:15'),
(94, 89, '2018-06-24 19:14:22'),
(96, 1, '2018-06-24 10:05:39'),
(96, 4, '2018-06-24 10:05:11'),
(96, 18, '2018-06-24 10:07:08'),
(96, 21, '2018-06-24 10:07:15'),
(96, 33, '2018-06-24 10:18:38'),
(96, 37, '2018-06-24 10:08:11'),
(96, 53, '2018-06-24 21:33:08'),
(96, 54, '2018-06-24 10:12:37'),
(96, 66, '2018-06-24 10:09:47'),
(96, 85, '2018-06-24 10:08:46'),
(96, 102, '2018-06-25 14:26:59'),
(97, 1, '2018-06-24 19:01:05'),
(97, 5, '2018-06-26 13:38:52'),
(97, 7, '2018-06-24 19:02:57'),
(97, 39, '2018-06-24 19:06:12'),
(97, 55, '2018-06-28 11:50:07'),
(97, 59, '2018-06-24 19:09:15'),
(97, 98, '2018-06-26 13:43:25'),
(97, 102, '2018-06-26 09:09:16'),
(98, 4, '2018-06-24 10:21:32'),
(98, 18, '2018-06-24 10:23:56'),
(98, 22, '2018-06-25 09:08:18'),
(98, 29, '2018-06-24 10:24:54'),
(98, 41, '2018-06-24 10:25:57'),
(98, 85, '2018-06-27 07:37:10'),
(98, 97, '2018-06-29 18:24:52'),
(98, 98, '2018-06-24 10:47:03'),
(98, 102, '2018-06-25 17:12:42'),
(100, 1, '2018-06-24 10:47:22'),
(100, 7, '2018-06-24 10:48:15'),
(100, 27, '2018-06-24 10:49:20'),
(100, 41, '2018-06-24 10:44:33'),
(100, 61, '2018-06-29 12:39:36'),
(100, 98, '2018-06-29 11:59:24'),
(101, 1, '2018-06-24 20:17:32'),
(101, 4, '2018-06-24 10:50:11'),
(101, 7, '2018-06-25 13:52:03'),
(101, 22, '2018-06-24 10:51:59'),
(101, 39, '2018-06-24 10:56:13'),
(101, 82, '2018-06-24 10:54:42'),
(101, 88, '2018-06-24 11:01:28'),
(101, 97, '2018-06-25 10:44:53'),
(101, 98, '2018-06-25 10:44:11'),
(102, 1, '2018-06-24 10:51:33'),
(102, 3, '2018-06-24 10:51:44'),
(102, 24, '2018-06-26 11:50:25'),
(102, 28, '2018-06-24 10:57:19'),
(102, 39, '2018-06-24 10:59:44'),
(102, 44, '2018-06-27 18:43:34'),
(102, 47, '2018-06-24 11:04:11'),
(102, 53, '2018-06-26 21:34:42'),
(102, 56, '2018-06-24 11:18:18'),
(102, 59, '2018-06-24 11:11:55'),
(102, 65, '2018-06-26 12:01:29'),
(102, 76, '2018-06-24 10:54:10'),
(102, 85, '2018-06-24 10:59:24'),
(102, 95, '2018-06-24 11:08:22'),
(102, 97, '2018-06-24 11:11:06'),
(102, 98, '2018-06-24 11:10:55'),
(103, 1, '2018-06-24 11:23:43'),
(103, 7, '2018-06-24 10:57:50'),
(103, 11, '2018-06-24 11:06:07'),
(103, 29, '2018-06-24 11:10:24'),
(103, 39, '2018-06-27 17:37:15'),
(103, 41, '2018-06-24 11:13:24'),
(103, 45, '2018-06-28 19:13:35'),
(103, 55, '2018-06-28 19:13:49'),
(103, 58, '2018-06-24 12:28:13'),
(103, 78, '2018-06-24 11:31:48'),
(103, 86, '2018-06-24 11:57:42'),
(103, 98, '2018-06-24 11:19:35'),
(104, 3, '2018-06-24 11:17:34'),
(104, 6, '2018-06-24 10:59:33'),
(104, 28, '2018-06-24 11:24:50'),
(104, 39, '2018-06-24 11:08:41'),
(104, 53, '2018-06-24 11:12:13'),
(104, 76, '2018-06-24 11:21:24'),
(105, 1, '2018-06-25 13:46:50'),
(105, 40, '2018-06-24 11:05:40'),
(105, 58, '2018-06-25 14:24:37'),
(105, 70, '2018-06-24 10:57:26'),
(105, 77, '2018-06-24 11:00:28'),
(105, 96, '2018-06-29 16:25:59'),
(105, 97, '2018-06-25 14:26:12'),
(105, 98, '2018-06-29 16:23:00'),
(106, 4, '2018-06-24 11:08:10'),
(106, 18, '2018-06-25 21:51:26'),
(106, 22, '2018-06-24 11:14:19'),
(106, 29, '2018-06-24 11:15:57'),
(106, 41, '2018-06-24 11:19:33'),
(106, 43, '2018-06-24 11:20:36'),
(106, 45, '2018-06-24 11:20:46'),
(106, 85, '2018-06-24 11:19:12'),
(106, 97, '2018-06-24 11:23:51'),
(106, 98, '2018-06-24 11:23:31'),
(107, 1, '2018-06-24 11:22:49'),
(107, 2, '2018-06-24 11:22:53'),
(107, 8, '2018-06-24 11:23:33'),
(107, 16, '2018-06-24 17:10:58'),
(107, 20, '2018-06-24 11:27:23'),
(107, 24, '2018-06-24 11:27:36'),
(107, 26, '2018-06-24 11:28:04'),
(107, 31, '2018-06-24 11:28:18'),
(107, 63, '2018-06-24 11:32:26'),
(107, 71, '2018-06-24 11:23:03'),
(107, 85, '2018-06-24 11:29:02'),
(107, 86, '2018-06-24 11:28:35'),
(107, 93, '2018-06-24 11:31:41'),
(107, 96, '2018-06-24 11:32:24'),
(107, 98, '2018-06-24 17:15:19'),
(107, 102, '2018-06-26 08:45:20'),
(108, 17, '2018-06-24 11:31:58'),
(108, 24, '2018-06-26 11:50:31'),
(108, 28, '2018-06-24 11:36:12'),
(108, 39, '2018-06-24 11:37:43'),
(108, 41, '2018-06-26 11:55:22'),
(108, 47, '2018-06-24 11:52:46'),
(108, 53, '2018-06-25 15:25:19'),
(108, 56, '2018-06-24 12:02:23'),
(108, 59, '2018-06-24 11:54:54'),
(108, 65, '2018-06-26 11:45:10'),
(108, 76, '2018-06-24 11:31:22'),
(108, 85, '2018-06-24 11:35:38'),
(108, 95, '2018-06-24 11:54:37'),
(108, 97, '2018-06-24 12:00:11'),
(108, 98, '2018-06-24 12:00:37'),
(111, 78, '2018-06-24 11:30:31'),
(112, 5, '2018-06-24 15:04:59'),
(112, 25, '2018-06-24 15:05:26'),
(112, 44, '2018-06-24 15:06:28'),
(112, 53, '2018-06-24 15:06:47'),
(112, 63, '2018-06-28 19:55:39'),
(112, 71, '2018-06-24 15:04:51'),
(112, 98, '2018-06-29 18:52:25'),
(113, 2, '2018-06-24 12:03:58'),
(113, 16, '2018-06-24 11:51:56'),
(113, 19, '2018-06-25 11:34:53'),
(113, 24, '2018-06-25 11:33:17'),
(113, 26, '2018-06-24 11:53:26'),
(113, 40, '2018-06-25 11:36:26'),
(113, 49, '2018-06-24 11:56:44'),
(113, 53, '2018-06-24 11:57:22'),
(113, 55, '2018-06-24 11:57:46'),
(113, 62, '2018-06-28 11:26:40'),
(113, 63, '2018-06-28 11:27:18'),
(113, 71, '2018-06-24 12:05:31'),
(113, 83, '2018-06-24 11:54:14'),
(113, 86, '2018-06-24 11:55:51'),
(113, 94, '2018-06-24 12:02:23'),
(113, 98, '2018-06-24 12:12:20'),
(114, 1, '2018-06-24 20:21:20'),
(114, 5, '2018-06-24 16:54:41'),
(114, 10, '2018-06-24 16:54:31'),
(114, 34, '2018-06-24 16:57:32'),
(114, 85, '2018-06-24 16:55:13'),
(114, 98, '2018-06-24 20:22:01'),
(115, 1, '2018-06-24 19:53:58'),
(115, 5, '2018-06-24 16:54:40'),
(115, 10, '2018-06-24 16:54:29'),
(115, 34, '2018-06-24 16:58:11'),
(115, 85, '2018-06-24 16:56:08'),
(115, 97, '2018-06-24 17:00:11'),
(115, 98, '2018-06-24 19:54:12'),
(116, 3, '2018-06-24 16:51:31'),
(116, 17, '2018-06-24 16:53:09'),
(116, 28, '2018-06-24 16:54:16'),
(116, 39, '2018-06-24 16:55:10'),
(116, 44, '2018-06-28 10:26:02'),
(116, 47, '2018-06-24 16:58:36'),
(116, 76, '2018-06-24 16:52:47'),
(116, 89, '2018-06-24 16:48:35'),
(116, 90, '2018-06-24 16:50:10'),
(116, 93, '2018-06-24 16:46:54'),
(116, 102, '2018-06-25 19:01:48'),
(117, 26, '2018-06-24 12:18:00'),
(117, 49, '2018-06-24 12:21:21'),
(117, 71, '2018-06-24 12:16:06'),
(117, 85, '2018-06-27 15:15:33'),
(118, 1, '2018-06-24 12:20:09'),
(118, 3, '2018-06-24 12:22:00'),
(118, 28, '2018-06-24 12:27:05'),
(118, 42, '2018-06-24 12:27:29'),
(118, 53, '2018-06-24 12:46:59'),
(118, 76, '2018-06-24 12:23:32'),
(118, 85, '2018-06-24 12:26:25'),
(118, 95, '2018-06-24 12:30:37'),
(118, 98, '2018-06-26 13:42:38'),
(119, 3, '2018-06-25 11:07:10'),
(119, 26, '2018-06-26 19:24:35'),
(119, 71, '2018-06-25 18:37:32'),
(119, 76, '2018-06-24 12:29:43'),
(119, 95, '2018-06-24 12:35:08'),
(120, 1, '2018-06-24 12:28:31'),
(120, 7, '2018-06-24 12:29:08'),
(120, 11, '2018-06-25 13:31:28'),
(120, 27, '2018-06-24 12:32:27'),
(120, 58, '2018-06-25 13:41:29'),
(120, 70, '2018-06-25 13:30:13'),
(120, 77, '2018-06-25 13:32:46'),
(120, 92, '2018-06-25 14:20:18'),
(120, 97, '2018-06-25 13:41:59'),
(121, 1, '2018-06-24 12:39:48'),
(121, 4, '2018-06-24 18:40:37'),
(121, 10, '2018-06-24 13:33:26'),
(121, 11, '2018-06-24 12:40:16'),
(121, 29, '2018-06-24 12:31:27'),
(121, 40, '2018-06-24 12:31:45'),
(121, 41, '2018-06-24 12:35:01'),
(121, 43, '2018-06-24 12:35:15'),
(121, 45, '2018-06-24 12:32:10'),
(121, 50, '2018-06-28 09:06:16'),
(121, 56, '2018-06-28 18:54:40'),
(121, 57, '2018-06-24 12:33:08'),
(121, 92, '2018-06-24 13:29:53'),
(121, 98, '2018-06-24 15:00:10'),
(121, 102, '2018-06-25 15:23:50'),
(122, 1, '2018-06-24 12:40:17'),
(122, 27, '2018-06-24 12:56:39'),
(122, 53, '2018-06-25 03:01:23'),
(122, 58, '2018-06-24 12:49:54'),
(122, 70, '2018-06-24 12:41:22'),
(122, 77, '2018-06-24 12:42:04'),
(122, 85, '2018-06-27 13:38:44'),
(122, 98, '2018-06-28 22:45:08'),
(123, 4, '2018-06-24 12:51:05'),
(123, 18, '2018-06-24 12:53:40'),
(123, 22, '2018-06-25 09:09:25'),
(123, 29, '2018-06-24 12:55:00'),
(123, 41, '2018-06-24 12:56:26'),
(123, 85, '2018-06-24 12:55:49'),
(123, 97, '2018-06-29 19:03:07'),
(123, 98, '2018-06-24 12:58:45'),
(124, 5, '2018-06-24 12:56:35'),
(124, 8, '2018-06-24 12:56:16'),
(124, 16, '2018-06-26 14:08:29'),
(124, 26, '2018-06-24 12:58:28'),
(124, 31, '2018-06-24 12:58:49'),
(124, 34, '2018-06-24 12:59:30'),
(124, 56, '2018-06-24 13:01:45'),
(124, 71, '2018-06-24 12:56:00'),
(124, 85, '2018-06-27 14:42:34'),
(125, 5, '2018-06-24 19:49:31'),
(125, 12, '2018-06-24 13:04:26'),
(125, 16, '2018-06-24 19:49:46'),
(125, 24, '2018-06-24 13:34:16'),
(125, 55, '2018-06-24 13:08:43'),
(125, 68, '2018-06-24 13:28:45'),
(126, 5, '2018-06-24 13:04:20'),
(126, 8, '2018-06-25 14:43:21'),
(126, 16, '2018-06-24 22:31:01'),
(126, 24, '2018-06-24 13:16:23'),
(126, 31, '2018-06-25 14:43:40'),
(126, 55, '2018-06-24 13:08:37'),
(126, 68, '2018-06-24 13:29:30'),
(127, 18, '2018-06-24 13:13:49'),
(127, 41, '2018-06-24 13:10:16'),
(127, 61, '2018-06-24 13:10:52'),
(127, 70, '2018-06-24 13:03:59'),
(127, 85, '2018-06-24 13:08:10'),
(128, 6, '2018-06-24 21:40:04'),
(128, 18, '2018-06-24 21:41:53'),
(128, 37, '2018-06-24 21:42:29'),
(128, 46, '2018-06-24 23:21:52'),
(128, 53, '2018-06-28 13:50:13'),
(128, 66, '2018-06-24 21:53:11'),
(128, 67, '2018-06-24 21:45:14'),
(128, 69, '2018-06-24 21:48:46'),
(128, 85, '2018-06-25 12:36:49'),
(128, 96, '2018-06-25 12:50:48'),
(129, 2, '2018-06-24 13:21:43'),
(129, 5, '2018-06-24 21:16:38'),
(129, 9, '2018-06-24 13:21:57'),
(129, 16, '2018-06-25 11:47:15'),
(129, 19, '2018-06-25 11:47:40'),
(129, 25, '2018-06-24 13:22:08'),
(129, 68, '2018-06-24 13:22:20'),
(129, 71, '2018-06-24 13:31:08'),
(129, 75, '2018-06-25 12:35:26'),
(129, 97, '2018-06-25 12:40:31'),
(130, 1, '2018-06-24 13:10:49'),
(130, 8, '2018-06-24 13:11:24'),
(130, 25, '2018-06-24 13:12:19'),
(130, 31, '2018-06-24 13:13:15'),
(130, 55, '2018-06-24 13:15:30'),
(130, 63, '2018-06-29 15:57:30'),
(130, 87, '2018-06-26 08:33:37'),
(130, 98, '2018-06-24 22:40:08'),
(131, 3, '2018-06-24 13:21:00'),
(131, 28, '2018-06-24 22:24:30'),
(131, 39, '2018-06-24 13:26:24'),
(131, 42, '2018-06-24 13:27:02'),
(131, 59, '2018-06-24 22:32:15'),
(131, 65, '2018-06-24 13:46:31'),
(131, 76, '2018-06-24 13:23:19'),
(131, 85, '2018-06-26 22:26:32'),
(131, 95, '2018-06-24 13:45:40'),
(133, 20, '2018-06-25 10:30:49'),
(133, 25, '2018-06-25 10:31:01'),
(133, 26, '2018-06-25 10:31:10'),
(133, 40, '2018-06-25 10:32:19'),
(133, 53, '2018-06-28 15:29:11'),
(133, 62, '2018-06-28 15:30:14'),
(133, 63, '2018-06-28 15:30:18'),
(133, 71, '2018-06-25 11:42:11'),
(133, 83, '2018-06-25 10:36:15'),
(133, 85, '2018-06-27 15:05:54'),
(133, 93, '2018-06-25 10:33:45'),
(134, 1, '2018-06-24 13:25:16'),
(134, 3, '2018-06-24 13:59:29'),
(134, 7, '2018-06-24 13:25:30'),
(134, 11, '2018-06-24 13:26:04'),
(134, 29, '2018-06-24 13:30:31'),
(134, 32, '2018-06-24 13:29:14'),
(134, 40, '2018-06-24 13:30:01'),
(134, 41, '2018-06-24 13:30:39'),
(134, 43, '2018-06-24 13:31:24'),
(134, 45, '2018-06-24 13:31:33'),
(134, 50, '2018-06-28 15:02:11'),
(134, 52, '2018-06-28 10:32:49'),
(134, 55, '2018-06-28 18:38:45'),
(134, 57, '2018-06-24 13:34:18'),
(135, 6, '2018-06-24 22:23:48'),
(135, 7, '2018-06-24 22:28:07'),
(135, 11, '2018-06-24 22:52:40'),
(135, 14, '2018-06-24 22:52:18'),
(135, 29, '2018-06-24 23:05:27'),
(135, 45, '2018-06-24 22:38:02'),
(135, 61, '2018-06-24 22:44:52'),
(135, 92, '2018-06-24 22:57:58'),
(136, 3, '2018-06-24 13:34:36'),
(136, 16, '2018-06-25 01:23:48'),
(136, 28, '2018-06-25 01:24:16'),
(136, 39, '2018-06-27 17:15:20'),
(136, 42, '2018-06-24 15:01:33'),
(136, 47, '2018-06-24 15:02:15'),
(136, 52, '2018-06-25 01:26:00'),
(136, 59, '2018-06-24 15:00:40'),
(136, 65, '2018-06-24 15:00:18'),
(136, 76, '2018-06-25 14:27:31'),
(136, 85, '2018-06-25 01:24:47'),
(136, 95, '2018-06-24 15:01:07'),
(136, 97, '2018-06-26 13:44:45'),
(136, 98, '2018-06-24 14:59:47'),
(137, 4, '2018-06-24 13:35:23'),
(137, 22, '2018-06-24 13:39:48'),
(137, 78, '2018-06-24 13:39:00'),
(137, 98, '2018-06-24 13:47:44'),
(138, 1, '2018-06-24 13:35:59'),
(138, 2, '2018-06-24 13:36:07'),
(138, 9, '2018-06-24 13:36:52'),
(138, 16, '2018-06-26 14:32:56'),
(138, 19, '2018-06-24 13:37:57'),
(138, 24, '2018-06-24 13:38:15'),
(138, 26, '2018-06-24 13:38:36'),
(138, 40, '2018-06-24 13:39:52'),
(138, 44, '2018-06-24 13:40:35'),
(138, 49, '2018-06-24 13:40:49'),
(138, 53, '2018-06-24 22:34:05'),
(138, 55, '2018-06-28 12:31:59'),
(138, 56, '2018-06-25 00:09:37'),
(138, 63, '2018-06-24 13:44:27'),
(138, 71, '2018-06-24 13:36:30'),
(138, 75, '2018-06-24 13:38:51'),
(138, 86, '2018-06-24 13:40:15'),
(138, 102, '2018-06-25 15:38:33'),
(139, 2, '2018-06-25 08:46:29'),
(139, 5, '2018-06-25 08:46:59'),
(139, 10, '2018-06-25 08:46:51'),
(139, 34, '2018-06-25 08:47:50'),
(139, 71, '2018-06-25 08:46:36'),
(139, 89, '2018-06-25 08:47:24'),
(139, 97, '2018-06-25 08:48:23'),
(140, 1, '2018-06-24 17:40:28'),
(140, 2, '2018-06-24 17:40:37'),
(140, 10, '2018-06-24 17:41:46'),
(140, 11, '2018-06-24 17:42:27'),
(140, 40, '2018-06-24 17:44:08'),
(140, 41, '2018-06-24 17:45:31'),
(140, 44, '2018-06-24 17:46:13'),
(140, 46, '2018-06-24 17:46:28'),
(140, 53, '2018-06-24 17:47:24'),
(140, 56, '2018-06-24 17:55:25'),
(140, 59, '2018-06-24 17:48:45'),
(140, 65, '2018-06-24 17:50:07'),
(140, 95, '2018-06-24 17:48:30'),
(141, 1, '2018-06-24 13:40:14'),
(141, 2, '2018-06-25 14:08:01'),
(141, 8, '2018-06-24 22:36:03'),
(141, 16, '2018-06-26 14:36:02'),
(141, 18, '2018-06-26 16:56:31'),
(141, 20, '2018-06-25 14:29:56'),
(141, 24, '2018-06-26 17:07:38'),
(141, 25, '2018-06-24 13:40:39'),
(141, 31, '2018-06-24 22:37:42'),
(141, 44, '2018-06-26 14:44:06'),
(141, 46, '2018-06-26 14:44:29'),
(141, 52, '2018-06-24 22:44:44'),
(141, 55, '2018-06-24 13:42:15'),
(141, 63, '2018-06-24 22:45:27'),
(141, 85, '2018-06-26 14:42:50'),
(141, 86, '2018-06-26 14:42:14'),
(141, 87, '2018-06-26 10:21:29'),
(141, 98, '2018-06-24 22:39:08'),
(141, 102, '2018-06-26 16:03:36'),
(143, 3, '2018-06-24 13:46:02'),
(143, 28, '2018-06-24 13:52:42'),
(143, 39, '2018-06-24 13:53:30'),
(143, 53, '2018-06-24 13:55:44'),
(143, 58, '2018-06-24 13:56:08'),
(143, 76, '2018-06-24 13:48:44'),
(144, 3, '2018-06-24 13:46:46'),
(144, 28, '2018-06-24 13:54:19'),
(144, 39, '2018-06-24 13:56:09'),
(144, 59, '2018-06-24 14:15:24'),
(144, 76, '2018-06-24 13:50:06'),
(145, 1, '2018-06-24 16:53:31'),
(145, 8, '2018-06-24 16:57:47'),
(145, 18, '2018-06-26 16:40:20'),
(145, 25, '2018-06-24 16:57:22'),
(145, 31, '2018-06-24 16:58:45'),
(145, 44, '2018-06-28 12:42:25'),
(145, 49, '2018-06-24 21:14:52'),
(145, 52, '2018-06-24 17:03:20'),
(145, 56, '2018-06-24 17:05:03'),
(145, 62, '2018-06-24 17:06:26'),
(145, 68, '2018-06-24 17:07:12'),
(145, 71, '2018-06-24 16:54:07'),
(145, 85, '2018-06-26 17:24:14'),
(145, 86, '2018-06-24 21:10:55'),
(145, 98, '2018-06-24 22:51:18'),
(146, 5, '2018-06-24 13:54:54'),
(146, 10, '2018-06-24 13:55:25'),
(147, 3, '2018-06-24 13:56:29'),
(147, 4, '2018-06-24 14:01:30'),
(147, 17, '2018-06-24 14:03:55'),
(147, 22, '2018-06-24 14:03:46'),
(147, 28, '2018-06-24 14:06:04'),
(147, 42, '2018-06-24 14:08:43'),
(147, 48, '2018-06-24 14:10:34'),
(147, 55, '2018-06-24 14:12:14'),
(147, 59, '2018-06-24 14:21:34'),
(147, 65, '2018-06-24 14:21:23'),
(147, 76, '2018-06-24 14:02:04'),
(147, 93, '2018-06-24 14:18:25'),
(147, 98, '2018-06-24 14:23:45'),
(148, 27, '2018-06-25 16:35:18'),
(148, 85, '2018-06-26 22:13:07'),
(149, 1, '2018-06-24 15:25:23'),
(149, 40, '2018-06-24 14:22:35'),
(149, 58, '2018-06-24 14:25:01'),
(149, 70, '2018-06-24 14:13:17'),
(149, 85, '2018-06-24 14:21:55'),
(149, 98, '2018-06-24 15:24:25'),
(150, 1, '2018-06-25 14:04:06'),
(150, 3, '2018-06-24 22:35:19'),
(150, 4, '2018-06-25 18:01:12'),
(150, 7, '2018-06-24 22:35:40'),
(150, 11, '2018-06-24 22:36:25'),
(150, 29, '2018-06-24 22:37:03'),
(150, 41, '2018-06-24 22:33:06'),
(150, 45, '2018-06-24 22:33:51'),
(150, 47, '2018-06-24 22:34:21'),
(150, 50, '2018-06-28 12:05:00'),
(150, 57, '2018-06-24 22:38:38'),
(150, 61, '2018-06-24 22:38:44'),
(150, 102, '2018-06-25 15:20:02'),
(151, 3, '2018-06-24 14:26:07'),
(151, 20, '2018-06-24 14:29:47'),
(151, 76, '2018-06-24 14:31:39'),
(151, 90, '2018-06-27 08:35:35'),
(152, 4, '2018-06-24 14:27:22'),
(152, 7, '2018-06-24 14:29:23'),
(152, 21, '2018-06-24 14:31:46'),
(152, 28, '2018-06-24 14:30:45'),
(152, 32, '2018-06-27 01:24:07'),
(152, 37, '2018-06-24 14:32:18'),
(152, 42, '2018-06-24 14:32:53'),
(152, 52, '2018-06-28 16:31:55'),
(152, 59, '2018-06-24 14:36:02'),
(152, 66, '2018-06-24 14:34:33'),
(152, 67, '2018-06-24 14:36:50'),
(152, 69, '2018-06-24 14:28:02'),
(152, 76, '2018-06-25 01:56:26'),
(152, 85, '2018-06-24 14:31:16'),
(152, 97, '2018-06-29 00:22:39'),
(152, 102, '2018-06-25 15:52:14'),
(154, 1, '2018-06-24 14:34:53'),
(154, 56, '2018-06-24 14:35:15'),
(154, 64, '2018-06-24 14:36:11'),
(154, 98, '2018-06-29 18:38:12'),
(154, 102, '2018-06-25 15:57:44'),
(155, 4, '2018-06-25 18:17:35'),
(155, 18, '2018-06-24 14:41:35'),
(155, 21, '2018-06-24 14:42:03'),
(155, 54, '2018-06-24 14:50:27'),
(155, 64, '2018-06-24 14:50:29'),
(155, 102, '2018-06-25 20:09:19'),
(156, 1, '2018-06-24 14:51:47'),
(156, 3, '2018-06-24 16:17:06'),
(156, 10, '2018-06-24 15:00:17'),
(156, 16, '2018-06-25 12:37:22'),
(156, 29, '2018-06-24 15:01:16'),
(156, 40, '2018-06-24 15:02:50'),
(156, 41, '2018-06-24 15:03:02'),
(156, 43, '2018-06-24 15:03:18'),
(156, 45, '2018-06-24 15:03:33'),
(156, 50, '2018-06-24 15:04:19'),
(156, 52, '2018-06-28 15:47:07'),
(156, 53, '2018-06-28 15:47:05'),
(156, 57, '2018-06-24 15:06:52'),
(156, 76, '2018-06-25 12:19:44'),
(156, 85, '2018-06-25 12:34:41'),
(156, 98, '2018-06-24 15:07:51'),
(156, 102, '2018-06-25 15:18:34'),
(158, 1, '2018-06-24 14:58:05'),
(158, 5, '2018-06-24 14:59:37'),
(158, 10, '2018-06-24 14:59:39'),
(158, 34, '2018-06-24 15:04:18'),
(158, 46, '2018-06-24 15:03:52'),
(158, 53, '2018-06-24 15:04:09'),
(158, 56, '2018-06-24 15:04:31'),
(158, 97, '2018-06-24 15:05:12'),
(160, 6, '2018-06-24 15:10:01'),
(160, 21, '2018-06-24 15:14:00'),
(160, 32, '2018-06-27 02:25:06'),
(160, 37, '2018-06-24 15:16:48'),
(160, 64, '2018-06-24 15:19:14'),
(160, 67, '2018-06-24 15:19:26'),
(160, 69, '2018-06-24 20:36:06'),
(160, 85, '2018-06-24 15:16:36'),
(161, 1, '2018-06-24 16:07:50'),
(161, 3, '2018-06-24 16:10:15'),
(161, 10, '2018-06-24 16:21:21'),
(161, 16, '2018-06-25 12:37:32'),
(161, 29, '2018-06-24 16:31:21'),
(161, 41, '2018-06-24 16:16:15'),
(161, 43, '2018-06-24 16:16:37'),
(161, 45, '2018-06-24 16:16:54'),
(161, 50, '2018-06-24 16:17:22'),
(161, 54, '2018-06-24 16:20:03'),
(161, 57, '2018-06-24 16:18:40'),
(161, 76, '2018-06-24 16:21:47'),
(161, 85, '2018-06-24 16:15:23'),
(161, 98, '2018-06-25 15:20:44'),
(161, 102, '2018-06-25 15:17:53'),
(162, 14, '2018-06-24 19:28:00'),
(162, 29, '2018-06-24 19:30:27'),
(162, 41, '2018-06-24 19:32:48'),
(162, 43, '2018-06-24 19:35:46'),
(162, 45, '2018-06-24 19:34:43'),
(162, 61, '2018-06-24 19:37:04'),
(163, 29, '2018-06-24 15:18:55'),
(163, 41, '2018-06-24 15:22:05'),
(163, 43, '2018-06-24 15:22:09'),
(164, 1, '2018-06-24 16:26:16'),
(164, 49, '2018-06-24 16:29:31'),
(164, 52, '2018-06-24 16:51:56'),
(164, 62, '2018-06-24 16:31:52'),
(164, 82, '2018-06-26 22:52:45'),
(164, 85, '2018-06-26 22:54:16'),
(164, 86, '2018-06-24 16:51:07'),
(164, 88, '2018-06-26 22:54:48'),
(164, 98, '2018-06-24 16:35:22'),
(165, 2, '2018-06-24 15:15:21'),
(165, 9, '2018-06-24 15:16:19'),
(165, 20, '2018-06-24 20:55:40'),
(165, 41, '2018-06-24 15:22:34'),
(165, 43, '2018-06-24 15:23:44'),
(165, 62, '2018-06-27 19:31:00'),
(165, 63, '2018-06-27 19:31:06'),
(165, 68, '2018-06-24 15:25:58'),
(165, 75, '2018-06-24 15:19:58'),
(166, 1, '2018-06-24 15:19:42'),
(166, 3, '2018-06-24 15:29:08'),
(166, 6, '2018-06-24 15:27:21'),
(166, 10, '2018-06-24 15:24:23'),
(166, 11, '2018-06-24 15:24:37'),
(166, 26, '2018-06-26 02:11:20'),
(166, 27, '2018-06-24 15:51:01'),
(166, 41, '2018-06-24 16:38:35'),
(166, 43, '2018-06-24 16:38:47'),
(166, 45, '2018-06-24 16:39:06'),
(166, 53, '2018-06-24 16:40:45'),
(166, 61, '2018-06-24 16:44:04'),
(166, 85, '2018-06-24 15:32:39'),
(166, 87, '2018-06-24 16:35:22'),
(166, 92, '2018-06-24 16:41:11'),
(166, 93, '2018-06-24 16:45:02'),
(166, 98, '2018-06-25 01:13:55'),
(166, 100, '2018-06-24 15:48:36'),
(166, 102, '2018-06-26 02:10:28'),
(168, 1, '2018-06-25 13:53:32'),
(168, 11, '2018-06-25 10:35:01'),
(168, 29, '2018-06-25 10:40:30'),
(168, 41, '2018-06-24 15:34:55'),
(168, 43, '2018-06-28 10:02:51'),
(168, 57, '2018-06-27 17:21:55'),
(168, 85, '2018-06-27 14:47:12'),
(168, 102, '2018-06-25 15:23:49'),
(170, 1, '2018-06-24 15:50:33'),
(170, 11, '2018-06-24 15:36:09'),
(170, 29, '2018-06-24 15:37:26'),
(170, 50, '2018-06-28 14:17:03'),
(170, 85, '2018-06-24 15:45:02'),
(170, 102, '2018-06-25 15:57:30'),
(171, 3, '2018-06-24 15:58:42'),
(171, 16, '2018-06-24 15:56:58'),
(171, 28, '2018-06-24 15:50:21'),
(171, 39, '2018-06-24 15:51:12'),
(171, 40, '2018-06-24 15:51:20'),
(171, 46, '2018-06-27 22:24:26'),
(171, 47, '2018-06-28 14:26:09'),
(171, 52, '2018-06-27 22:25:09'),
(171, 53, '2018-06-24 23:09:21'),
(171, 56, '2018-06-28 18:28:38'),
(171, 59, '2018-06-27 22:26:16'),
(171, 64, '2018-06-27 22:28:47'),
(171, 65, '2018-06-29 12:32:10'),
(171, 76, '2018-06-24 23:06:40'),
(171, 85, '2018-06-24 15:50:50'),
(171, 90, '2018-06-25 16:06:33'),
(171, 92, '2018-06-27 22:25:43'),
(171, 95, '2018-06-24 15:53:38'),
(171, 96, '2018-06-24 15:54:12'),
(171, 97, '2018-06-24 15:54:29'),
(171, 98, '2018-06-29 12:31:50'),
(172, 1, '2018-06-24 19:19:54'),
(172, 7, '2018-06-24 19:21:20'),
(172, 11, '2018-06-24 19:22:39'),
(172, 29, '2018-06-24 19:23:45'),
(172, 41, '2018-06-24 19:25:09'),
(172, 45, '2018-06-24 19:25:58'),
(172, 58, '2018-06-24 19:26:49'),
(172, 86, '2018-06-24 19:24:24'),
(174, 3, '2018-06-24 16:12:29'),
(174, 28, '2018-06-24 16:07:54'),
(174, 39, '2018-06-27 10:33:03'),
(174, 76, '2018-06-24 16:15:16'),
(174, 95, '2018-06-25 17:17:53'),
(175, 1, '2018-06-24 16:28:20'),
(175, 5, '2018-06-24 16:21:08'),
(175, 10, '2018-06-24 17:07:48'),
(175, 34, '2018-06-24 17:08:21'),
(175, 46, '2018-06-24 17:07:34'),
(175, 63, '2018-06-24 17:06:39'),
(175, 89, '2018-06-24 17:07:02'),
(175, 93, '2018-06-24 17:06:17'),
(176, 1, '2018-06-24 16:55:07'),
(176, 3, '2018-06-24 16:55:43'),
(176, 4, '2018-06-25 13:46:37'),
(176, 10, '2018-06-25 09:24:44'),
(176, 11, '2018-06-24 16:57:44'),
(176, 14, '2018-06-24 16:56:50'),
(176, 29, '2018-06-24 16:08:34'),
(176, 32, '2018-06-24 16:58:28'),
(176, 40, '2018-06-24 16:58:51'),
(176, 41, '2018-06-24 16:59:31'),
(176, 45, '2018-06-24 16:09:33'),
(176, 50, '2018-06-24 16:10:07'),
(176, 55, '2018-06-24 16:10:40'),
(176, 57, '2018-06-24 17:00:49'),
(176, 98, '2018-06-25 09:26:52'),
(176, 102, '2018-06-25 15:24:09'),
(178, 2, '2018-06-24 16:09:57'),
(178, 16, '2018-06-24 16:12:58'),
(178, 19, '2018-06-24 16:12:06'),
(178, 26, '2018-06-24 16:14:51'),
(178, 44, '2018-06-24 16:20:16'),
(178, 49, '2018-06-24 16:20:38'),
(178, 62, '2018-06-24 16:22:22'),
(178, 63, '2018-06-24 16:22:08'),
(178, 68, '2018-06-24 16:21:59'),
(178, 71, '2018-06-24 16:10:28'),
(178, 86, '2018-06-24 16:16:41'),
(178, 102, '2018-06-25 16:07:05'),
(179, 7, '2018-06-24 16:45:16'),
(179, 27, '2018-06-24 16:45:30'),
(179, 41, '2018-06-24 16:46:56'),
(179, 45, '2018-06-24 16:48:09'),
(179, 62, '2018-06-24 16:48:40'),
(179, 85, '2018-06-26 22:57:47'),
(179, 86, '2018-06-24 16:45:58'),
(179, 98, '2018-06-24 16:48:51'),
(180, 1, '2018-06-24 20:57:11'),
(180, 27, '2018-06-24 21:24:48'),
(180, 32, '2018-06-24 21:34:11'),
(180, 40, '2018-06-26 14:47:29'),
(180, 70, '2018-06-24 20:58:54'),
(180, 77, '2018-06-24 21:23:03'),
(181, 1, '2018-06-25 05:12:20'),
(181, 5, '2018-06-25 05:15:35'),
(181, 6, '2018-06-25 09:06:42'),
(181, 10, '2018-06-25 05:15:06'),
(181, 34, '2018-06-25 05:21:01'),
(181, 46, '2018-06-25 05:22:05'),
(181, 53, '2018-06-25 05:22:58'),
(181, 56, '2018-06-25 05:21:39'),
(181, 63, '2018-06-29 15:26:50'),
(181, 85, '2018-06-25 09:11:10'),
(181, 89, '2018-06-25 05:19:24'),
(181, 98, '2018-06-29 19:08:34'),
(182, 4, '2018-06-24 16:32:35'),
(182, 29, '2018-06-24 16:26:19'),
(182, 53, '2018-06-24 16:36:55'),
(182, 64, '2018-06-24 16:38:44'),
(182, 78, '2018-06-24 16:25:01'),
(184, 3, '2018-06-24 23:53:31'),
(184, 4, '2018-06-24 23:53:52'),
(184, 7, '2018-06-24 23:55:03'),
(184, 10, '2018-06-25 00:26:22'),
(184, 11, '2018-06-24 23:55:09'),
(184, 22, '2018-06-24 23:55:36'),
(184, 27, '2018-06-25 18:19:25'),
(184, 29, '2018-06-24 23:57:04'),
(184, 39, '2018-06-25 18:21:35'),
(184, 41, '2018-06-24 23:57:39'),
(184, 43, '2018-06-28 08:49:22'),
(184, 45, '2018-06-27 11:00:24'),
(184, 57, '2018-06-25 00:04:01'),
(184, 64, '2018-06-25 00:05:05'),
(184, 69, '2018-06-24 23:54:21'),
(184, 76, '2018-06-25 00:27:00'),
(184, 78, '2018-06-24 23:55:15'),
(184, 92, '2018-06-24 23:58:22'),
(184, 95, '2018-06-25 00:03:47'),
(184, 97, '2018-06-25 00:04:37'),
(184, 98, '2018-06-25 18:26:59'),
(185, 1, '2018-06-24 20:56:37'),
(185, 27, '2018-06-25 12:43:54'),
(185, 32, '2018-06-24 21:17:42'),
(185, 58, '2018-06-24 23:51:50'),
(185, 70, '2018-06-24 21:03:43'),
(185, 77, '2018-06-25 12:42:59'),
(185, 97, '2018-06-24 21:12:58'),
(186, 1, '2018-06-24 18:45:17'),
(186, 39, '2018-06-24 18:49:07'),
(186, 47, '2018-06-28 13:08:18'),
(186, 53, '2018-06-24 18:58:56'),
(186, 56, '2018-06-24 19:02:05'),
(186, 59, '2018-06-24 18:52:17'),
(186, 85, '2018-06-24 18:48:40'),
(187, 58, '2018-06-26 11:34:59'),
(187, 61, '2018-06-26 11:35:21'),
(187, 77, '2018-06-26 10:47:56'),
(187, 85, '2018-06-26 11:31:43'),
(187, 91, '2018-06-26 11:33:56'),
(188, 20, '2018-06-26 14:11:12'),
(188, 25, '2018-06-25 11:43:42'),
(188, 26, '2018-06-24 17:14:35'),
(188, 32, '2018-06-24 17:15:26'),
(188, 53, '2018-06-25 11:47:50'),
(188, 62, '2018-06-29 13:34:44'),
(188, 63, '2018-06-29 11:09:26'),
(190, 5, '2018-06-24 16:53:23'),
(190, 10, '2018-06-24 17:02:52'),
(190, 46, '2018-06-24 16:57:20'),
(190, 63, '2018-06-24 17:00:56'),
(190, 93, '2018-06-24 16:59:39'),
(191, 28, '2018-06-24 17:08:23'),
(191, 42, '2018-06-27 10:04:19'),
(191, 44, '2018-06-26 17:01:24'),
(191, 47, '2018-06-24 17:11:49'),
(191, 65, '2018-06-24 22:36:09'),
(191, 95, '2018-06-24 17:13:29'),
(191, 98, '2018-06-24 17:25:55'),
(192, 2, '2018-06-24 17:03:22'),
(192, 9, '2018-06-24 17:04:32'),
(192, 20, '2018-06-24 17:08:03'),
(192, 71, '2018-06-24 17:03:40'),
(192, 75, '2018-06-24 17:08:59'),
(194, 1, '2018-06-24 20:44:55'),
(194, 4, '2018-06-24 20:44:15'),
(194, 41, '2018-06-24 20:49:19'),
(194, 53, '2018-06-25 12:51:35'),
(194, 64, '2018-06-24 20:51:03'),
(194, 77, '2018-06-24 20:46:39'),
(194, 82, '2018-06-25 11:26:03'),
(194, 98, '2018-06-24 20:50:08'),
(195, 5, '2018-06-25 11:29:08'),
(195, 12, '2018-06-25 11:29:23'),
(195, 16, '2018-06-25 11:30:05'),
(195, 19, '2018-06-25 11:30:39'),
(195, 24, '2018-06-25 11:31:35'),
(195, 26, '2018-06-25 11:31:17'),
(195, 40, '2018-06-25 11:33:42'),
(195, 41, '2018-06-25 11:34:53'),
(195, 44, '2018-06-25 11:34:57'),
(195, 49, '2018-06-25 11:35:17'),
(195, 62, '2018-06-25 11:36:32'),
(195, 63, '2018-06-25 11:36:44'),
(195, 68, '2018-06-25 11:37:20'),
(195, 71, '2018-06-25 11:53:29'),
(196, 18, '2018-06-24 17:17:32'),
(196, 69, '2018-06-24 17:15:14'),
(196, 98, '2018-06-29 18:59:27'),
(197, 18, '2018-06-24 17:30:35'),
(197, 36, '2018-06-24 17:32:06'),
(197, 45, '2018-06-24 17:34:06'),
(197, 69, '2018-06-24 17:29:25'),
(198, 1, '2018-06-24 17:30:10'),
(198, 4, '2018-06-24 17:30:43'),
(198, 18, '2018-06-26 11:25:58'),
(198, 22, '2018-06-24 17:33:52'),
(198, 28, '2018-06-24 17:34:13'),
(198, 61, '2018-06-24 17:35:42'),
(198, 70, '2018-06-24 17:30:39'),
(198, 98, '2018-06-24 17:38:48'),
(199, 1, '2018-06-24 17:37:44'),
(199, 10, '2018-06-24 17:39:09'),
(199, 11, '2018-06-24 17:39:31'),
(199, 29, '2018-06-24 17:41:28'),
(199, 41, '2018-06-24 17:42:46'),
(199, 46, '2018-06-27 18:41:15'),
(199, 50, '2018-06-28 15:35:53'),
(199, 53, '2018-06-28 15:35:58'),
(201, 1, '2018-06-24 17:49:38'),
(201, 8, '2018-06-24 17:41:17'),
(201, 32, '2018-06-24 17:42:34'),
(201, 52, '2018-06-28 13:21:15'),
(201, 58, '2018-06-24 17:52:59'),
(201, 70, '2018-06-24 17:49:29'),
(201, 77, '2018-06-25 17:47:02'),
(201, 98, '2018-06-24 18:09:52'),
(202, 2, '2018-06-25 13:14:12'),
(202, 5, '2018-06-25 13:17:36'),
(202, 25, '2018-06-25 13:21:53'),
(202, 26, '2018-06-25 13:21:43'),
(202, 40, '2018-06-25 13:27:52'),
(202, 53, '2018-06-25 13:33:19'),
(202, 62, '2018-06-25 13:33:28'),
(202, 63, '2018-06-25 13:39:34'),
(202, 68, '2018-06-25 13:37:19'),
(202, 85, '2018-06-27 13:21:14'),
(203, 21, '2018-06-24 17:49:18'),
(203, 33, '2018-06-24 17:45:19'),
(203, 69, '2018-06-24 17:47:16'),
(204, 2, '2018-06-24 18:11:33');
INSERT INTO `participantes_has_atividades` (`idpessoa`, `idatividade`, `inscricao`) VALUES
(204, 19, '2018-06-24 18:20:29'),
(204, 49, '2018-06-24 18:28:59'),
(204, 53, '2018-06-24 18:29:42'),
(204, 62, '2018-06-28 18:59:22'),
(204, 63, '2018-06-28 18:59:35'),
(204, 71, '2018-06-24 18:12:13'),
(204, 75, '2018-06-27 01:37:49'),
(204, 86, '2018-06-24 18:25:44'),
(205, 19, '2018-06-24 18:20:03'),
(205, 32, '2018-06-24 18:16:51'),
(205, 53, '2018-06-24 18:18:03'),
(205, 56, '2018-06-24 18:18:29'),
(205, 71, '2018-06-25 17:49:51'),
(205, 83, '2018-06-24 18:16:57'),
(205, 86, '2018-06-24 18:16:47'),
(205, 91, '2018-06-24 18:18:19'),
(205, 94, '2018-06-24 18:18:44'),
(205, 102, '2018-06-26 09:40:59'),
(206, 1, '2018-06-24 23:42:16'),
(206, 2, '2018-06-24 23:42:42'),
(206, 5, '2018-06-24 23:44:14'),
(206, 8, '2018-06-24 23:54:00'),
(206, 12, '2018-06-24 23:44:09'),
(206, 16, '2018-06-24 17:59:40'),
(206, 19, '2018-06-24 17:59:29'),
(206, 24, '2018-06-24 17:59:06'),
(206, 26, '2018-06-24 17:58:15'),
(206, 31, '2018-06-24 23:53:39'),
(206, 44, '2018-06-24 23:47:15'),
(206, 46, '2018-06-24 23:47:22'),
(206, 49, '2018-06-24 23:47:38'),
(206, 53, '2018-06-24 23:48:05'),
(206, 55, '2018-06-24 23:48:26'),
(206, 56, '2018-06-24 23:51:06'),
(206, 62, '2018-06-24 23:50:00'),
(206, 63, '2018-06-24 23:49:46'),
(206, 68, '2018-06-24 23:49:29'),
(206, 71, '2018-06-24 17:56:44'),
(206, 85, '2018-06-24 23:46:20'),
(206, 86, '2018-06-24 23:46:09'),
(206, 87, '2018-06-24 23:46:57'),
(206, 93, '2018-06-24 23:50:25'),
(206, 100, '2018-06-24 23:45:07'),
(207, 28, '2018-06-24 17:56:34'),
(207, 55, '2018-06-24 18:03:31'),
(207, 56, '2018-06-24 18:13:41'),
(207, 59, '2018-06-24 18:10:13'),
(207, 65, '2018-06-24 18:09:04'),
(207, 98, '2018-06-29 12:21:08'),
(208, 2, '2018-06-24 18:01:53'),
(208, 5, '2018-06-24 18:03:50'),
(208, 12, '2018-06-24 18:03:36'),
(208, 16, '2018-06-24 18:04:13'),
(208, 20, '2018-06-26 16:44:06'),
(208, 25, '2018-06-24 18:05:33'),
(208, 26, '2018-06-24 18:05:08'),
(208, 44, '2018-06-24 18:09:22'),
(208, 49, '2018-06-24 18:09:34'),
(208, 62, '2018-06-24 18:10:55'),
(208, 63, '2018-06-24 18:11:03'),
(208, 68, '2018-06-24 18:11:30'),
(208, 71, '2018-06-24 18:02:58'),
(208, 82, '2018-06-24 18:06:22'),
(208, 86, '2018-06-24 18:06:39'),
(208, 87, '2018-06-24 18:08:42'),
(208, 88, '2018-06-26 16:55:57'),
(211, 31, '2018-06-24 18:07:09'),
(211, 32, '2018-06-24 18:07:39'),
(211, 41, '2018-06-24 18:15:27'),
(211, 43, '2018-06-24 18:12:12'),
(211, 45, '2018-06-24 18:09:42'),
(211, 50, '2018-06-24 18:10:11'),
(211, 61, '2018-06-24 18:14:40'),
(211, 64, '2018-06-24 17:57:20'),
(211, 92, '2018-06-24 18:11:21'),
(211, 98, '2018-06-26 22:27:07'),
(213, 11, '2018-06-24 17:57:19'),
(213, 17, '2018-06-24 17:57:34'),
(213, 20, '2018-06-24 17:57:49'),
(213, 28, '2018-06-24 17:58:25'),
(213, 39, '2018-06-24 17:58:58'),
(213, 47, '2018-06-24 17:59:40'),
(213, 53, '2018-06-24 18:00:00'),
(213, 64, '2018-06-24 18:00:47'),
(213, 95, '2018-06-24 18:00:27'),
(214, 28, '2018-06-24 18:06:49'),
(214, 53, '2018-06-28 10:19:16'),
(214, 59, '2018-06-24 21:29:26'),
(214, 65, '2018-06-24 18:15:38'),
(214, 85, '2018-06-26 20:02:29'),
(214, 95, '2018-06-29 02:55:02'),
(214, 98, '2018-06-29 18:49:58'),
(215, 1, '2018-06-24 18:12:08'),
(215, 3, '2018-06-25 00:37:35'),
(215, 6, '2018-06-25 00:38:06'),
(215, 7, '2018-06-24 18:16:56'),
(215, 22, '2018-06-25 19:31:43'),
(215, 29, '2018-06-25 00:44:04'),
(215, 32, '2018-06-27 11:41:41'),
(215, 37, '2018-06-27 10:54:48'),
(215, 41, '2018-06-28 08:19:20'),
(215, 43, '2018-06-28 08:50:33'),
(215, 45, '2018-06-25 00:46:53'),
(215, 52, '2018-06-27 22:43:16'),
(215, 61, '2018-06-29 11:06:17'),
(215, 76, '2018-06-25 00:40:12'),
(215, 78, '2018-06-25 00:43:23'),
(215, 93, '2018-06-27 11:06:49'),
(215, 98, '2018-06-25 00:52:34'),
(215, 102, '2018-06-25 15:58:57'),
(216, 1, '2018-06-24 18:02:55'),
(216, 3, '2018-06-24 18:08:42'),
(216, 4, '2018-06-24 18:09:40'),
(216, 17, '2018-06-24 18:14:33'),
(216, 22, '2018-06-24 18:24:37'),
(216, 28, '2018-06-24 18:25:22'),
(216, 39, '2018-06-24 18:27:44'),
(216, 41, '2018-06-24 23:09:20'),
(216, 44, '2018-06-24 23:09:22'),
(216, 47, '2018-06-24 18:30:56'),
(216, 56, '2018-06-28 18:26:42'),
(216, 59, '2018-06-24 18:33:31'),
(216, 65, '2018-06-24 18:34:18'),
(216, 76, '2018-06-24 18:12:33'),
(216, 85, '2018-06-24 18:26:25'),
(216, 95, '2018-06-24 18:32:00'),
(216, 98, '2018-06-24 18:35:08'),
(217, 1, '2018-06-24 18:04:49'),
(217, 4, '2018-06-24 18:05:58'),
(217, 22, '2018-06-24 18:08:09'),
(217, 37, '2018-06-24 18:09:21'),
(217, 53, '2018-06-24 18:11:34'),
(217, 54, '2018-06-26 23:00:21'),
(217, 55, '2018-06-28 18:49:29'),
(217, 67, '2018-06-24 18:13:29'),
(218, 5, '2018-06-24 18:14:11'),
(218, 26, '2018-06-24 18:13:43'),
(218, 44, '2018-06-24 18:15:08'),
(218, 62, '2018-06-24 18:15:40'),
(218, 63, '2018-06-24 18:15:47'),
(218, 83, '2018-06-24 18:14:21'),
(218, 86, '2018-06-24 18:14:36'),
(218, 97, '2018-06-24 18:15:55'),
(219, 7, '2018-06-25 21:42:22'),
(219, 11, '2018-06-25 21:40:58'),
(219, 58, '2018-06-25 21:46:52'),
(219, 77, '2018-06-25 21:40:15'),
(219, 82, '2018-06-25 21:44:27'),
(219, 95, '2018-06-25 21:49:02'),
(220, 1, '2018-06-24 18:15:21'),
(220, 16, '2018-06-26 13:37:30'),
(220, 40, '2018-06-27 01:09:29'),
(220, 58, '2018-06-24 18:20:43'),
(220, 77, '2018-06-24 18:18:08'),
(221, 20, '2018-06-26 16:38:42'),
(221, 24, '2018-06-24 18:54:56'),
(221, 53, '2018-06-24 18:57:14'),
(221, 62, '2018-06-24 19:03:54'),
(221, 63, '2018-06-24 19:04:19'),
(221, 85, '2018-06-24 18:53:53'),
(221, 87, '2018-06-24 18:56:05'),
(223, 1, '2018-06-24 18:17:28'),
(223, 58, '2018-06-25 18:33:33'),
(223, 77, '2018-06-24 18:18:49'),
(223, 102, '2018-06-25 15:58:10'),
(224, 1, '2018-06-24 18:18:41'),
(224, 58, '2018-06-24 18:24:40'),
(224, 70, '2018-06-24 18:19:22'),
(224, 77, '2018-06-24 18:20:35'),
(224, 98, '2018-06-24 18:25:23'),
(225, 1, '2018-06-24 18:23:36'),
(225, 3, '2018-06-24 18:26:26'),
(225, 7, '2018-06-24 18:29:00'),
(225, 21, '2018-06-24 18:44:10'),
(225, 27, '2018-06-24 18:31:57'),
(225, 40, '2018-06-24 18:42:57'),
(225, 41, '2018-06-24 18:32:03'),
(225, 43, '2018-06-28 09:55:13'),
(225, 45, '2018-06-24 18:34:00'),
(225, 53, '2018-06-24 20:47:32'),
(225, 61, '2018-06-24 18:30:10'),
(225, 76, '2018-06-25 13:56:16'),
(225, 78, '2018-06-24 22:27:10'),
(225, 85, '2018-06-24 18:43:00'),
(225, 93, '2018-06-24 18:51:45'),
(225, 98, '2018-06-24 18:41:12'),
(225, 102, '2018-06-26 08:38:47'),
(226, 4, '2018-06-24 18:27:06'),
(226, 7, '2018-06-24 18:41:08'),
(226, 11, '2018-06-25 02:00:13'),
(226, 22, '2018-06-24 18:30:22'),
(226, 27, '2018-06-26 12:11:29'),
(226, 97, '2018-06-25 02:15:04'),
(226, 98, '2018-06-27 18:35:58'),
(226, 102, '2018-06-26 08:05:57'),
(227, 62, '2018-06-28 15:33:43'),
(227, 63, '2018-06-28 15:32:36'),
(227, 68, '2018-06-24 18:33:22'),
(227, 85, '2018-06-24 18:31:11'),
(228, 6, '2018-06-24 18:33:23'),
(228, 8, '2018-06-24 18:34:08'),
(228, 82, '2018-06-24 18:36:49'),
(229, 2, '2018-06-24 18:38:50'),
(229, 5, '2018-06-24 18:40:43'),
(229, 12, '2018-06-24 18:40:22'),
(229, 16, '2018-06-24 18:42:08'),
(229, 19, '2018-06-24 18:41:49'),
(229, 25, '2018-06-25 10:37:18'),
(229, 40, '2018-06-24 18:51:26'),
(229, 62, '2018-06-24 18:56:55'),
(229, 63, '2018-06-24 18:56:58'),
(229, 68, '2018-06-24 18:57:34'),
(229, 71, '2018-06-24 18:39:36'),
(229, 83, '2018-06-25 10:25:02'),
(229, 86, '2018-06-24 18:50:46'),
(229, 94, '2018-06-24 18:56:24'),
(230, 1, '2018-06-24 18:37:22'),
(230, 4, '2018-06-24 18:36:26'),
(230, 18, '2018-06-24 18:39:34'),
(230, 22, '2018-06-25 21:04:41'),
(230, 37, '2018-06-24 18:45:02'),
(230, 52, '2018-06-24 18:48:29'),
(230, 54, '2018-06-24 18:51:10'),
(230, 56, '2018-06-24 18:47:39'),
(230, 65, '2018-06-24 18:50:49'),
(230, 85, '2018-06-24 18:44:27'),
(230, 102, '2018-06-25 14:23:53'),
(231, 18, '2018-06-24 18:36:38'),
(231, 21, '2018-06-26 18:58:53'),
(231, 33, '2018-06-24 18:38:19'),
(231, 46, '2018-06-25 15:42:16'),
(231, 69, '2018-06-24 18:56:36'),
(231, 85, '2018-06-25 15:40:09'),
(231, 98, '2018-06-29 15:49:38'),
(231, 102, '2018-06-25 15:37:34'),
(232, 41, '2018-06-25 12:22:23'),
(233, 24, '2018-06-24 18:49:51'),
(233, 26, '2018-06-24 18:50:13'),
(233, 53, '2018-06-24 18:55:04'),
(233, 63, '2018-06-24 18:56:29'),
(233, 71, '2018-06-24 18:46:43'),
(233, 97, '2018-06-24 18:57:24'),
(234, 2, '2018-06-25 11:26:36'),
(234, 5, '2018-06-25 11:29:26'),
(234, 12, '2018-06-25 11:29:18'),
(234, 16, '2018-06-25 11:30:23'),
(234, 20, '2018-06-25 11:35:06'),
(234, 26, '2018-06-25 11:36:31'),
(234, 44, '2018-06-25 11:49:10'),
(234, 53, '2018-06-25 11:50:02'),
(234, 62, '2018-06-25 11:51:49'),
(234, 63, '2018-06-29 16:32:48'),
(234, 68, '2018-06-25 12:00:45'),
(234, 71, '2018-06-25 11:28:25'),
(234, 82, '2018-06-25 11:45:39'),
(234, 86, '2018-06-25 11:38:24'),
(234, 87, '2018-06-25 11:41:59'),
(235, 3, '2018-06-24 19:11:56'),
(235, 24, '2018-06-26 17:19:42'),
(235, 40, '2018-06-24 19:20:01'),
(235, 53, '2018-06-24 19:01:57'),
(235, 56, '2018-06-24 19:03:59'),
(235, 59, '2018-06-24 19:27:49'),
(235, 65, '2018-06-29 16:23:31'),
(235, 76, '2018-06-24 19:18:06'),
(235, 85, '2018-06-24 18:57:35'),
(235, 95, '2018-06-24 19:24:48'),
(235, 98, '2018-06-29 16:23:53'),
(237, 3, '2018-06-26 07:32:53'),
(237, 5, '2018-06-25 11:41:35'),
(237, 10, '2018-06-25 11:41:26'),
(237, 39, '2018-06-25 11:46:23'),
(237, 53, '2018-06-25 11:47:37'),
(237, 95, '2018-06-25 11:48:02'),
(238, 3, '2018-06-24 19:14:00'),
(238, 7, '2018-06-24 19:16:30'),
(238, 11, '2018-06-26 10:21:15'),
(238, 28, '2018-06-24 19:17:09'),
(238, 41, '2018-06-24 19:19:27'),
(238, 45, '2018-06-24 19:20:29'),
(238, 61, '2018-06-24 19:21:32'),
(238, 85, '2018-06-27 08:28:47'),
(238, 102, '2018-06-26 07:03:44'),
(240, 1, '2018-06-24 21:33:30'),
(240, 16, '2018-06-24 19:17:26'),
(240, 20, '2018-06-25 22:18:56'),
(240, 24, '2018-06-25 22:19:16'),
(240, 26, '2018-06-25 22:19:33'),
(240, 49, '2018-06-25 11:33:51'),
(240, 52, '2018-06-24 19:20:05'),
(240, 62, '2018-06-25 12:13:00'),
(240, 63, '2018-06-25 11:37:16'),
(240, 71, '2018-06-24 19:16:41'),
(240, 82, '2018-06-24 19:30:20'),
(240, 85, '2018-06-25 12:14:04'),
(240, 87, '2018-06-25 11:32:55'),
(240, 88, '2018-06-24 19:32:24'),
(240, 91, '2018-06-26 19:54:45'),
(240, 94, '2018-06-25 12:10:41'),
(240, 98, '2018-06-24 20:00:18'),
(242, 2, '2018-06-24 22:49:11'),
(242, 16, '2018-06-24 22:51:18'),
(242, 19, '2018-06-24 22:51:59'),
(242, 25, '2018-06-24 22:52:37'),
(242, 53, '2018-06-24 22:56:08'),
(242, 62, '2018-06-24 22:57:23'),
(242, 63, '2018-06-24 22:57:32'),
(242, 68, '2018-06-24 22:58:37'),
(242, 71, '2018-06-24 22:50:22'),
(242, 86, '2018-06-24 22:54:27'),
(242, 87, '2018-06-24 22:53:26'),
(242, 94, '2018-06-24 22:56:51'),
(244, 3, '2018-06-24 19:20:47'),
(244, 7, '2018-06-24 19:22:01'),
(244, 14, '2018-06-24 19:24:07'),
(244, 40, '2018-06-24 19:29:47'),
(244, 43, '2018-06-24 19:31:21'),
(244, 45, '2018-06-24 19:31:36'),
(244, 76, '2018-06-24 19:22:43'),
(244, 85, '2018-06-24 19:28:05'),
(244, 92, '2018-06-24 19:32:27'),
(244, 95, '2018-06-24 19:47:50'),
(244, 96, '2018-06-24 19:35:02'),
(244, 98, '2018-06-25 14:35:08'),
(244, 102, '2018-06-26 08:40:13'),
(245, 22, '2018-06-24 20:12:26'),
(245, 78, '2018-06-24 20:11:53'),
(245, 96, '2018-06-29 16:41:17'),
(245, 102, '2018-06-25 15:56:20'),
(246, 1, '2018-06-24 19:24:39'),
(246, 39, '2018-06-24 19:30:47'),
(246, 58, '2018-06-24 19:31:30'),
(246, 64, '2018-06-24 19:35:51'),
(246, 70, '2018-06-24 19:25:12'),
(246, 85, '2018-06-24 19:29:35'),
(246, 102, '2018-06-25 14:47:47'),
(247, 96, '2018-06-29 16:39:33'),
(248, 1, '2018-06-24 21:42:19'),
(248, 3, '2018-06-24 21:42:52'),
(248, 17, '2018-06-24 21:45:50'),
(248, 28, '2018-06-24 21:48:25'),
(248, 39, '2018-06-24 21:49:29'),
(248, 42, '2018-06-24 21:49:55'),
(248, 48, '2018-06-24 21:50:45'),
(248, 59, '2018-06-24 21:51:59'),
(248, 76, '2018-06-25 15:38:38'),
(248, 90, '2018-06-27 00:19:56'),
(248, 95, '2018-06-24 21:51:42'),
(248, 97, '2018-06-24 21:52:46'),
(248, 102, '2018-06-25 15:37:50'),
(250, 7, '2018-06-24 23:55:18'),
(250, 29, '2018-06-24 23:57:38'),
(250, 41, '2018-06-24 23:59:14'),
(250, 45, '2018-06-28 13:38:30'),
(251, 40, '2018-06-24 19:41:15'),
(251, 45, '2018-06-24 19:42:27'),
(251, 58, '2018-06-24 19:48:49'),
(251, 61, '2018-06-24 19:44:19'),
(251, 70, '2018-06-24 19:35:40'),
(251, 92, '2018-06-24 19:43:51'),
(252, 3, '2018-06-24 19:42:11'),
(252, 4, '2018-06-24 19:42:58'),
(252, 28, '2018-06-24 19:44:47'),
(252, 39, '2018-06-24 19:45:32'),
(252, 42, '2018-06-24 19:46:11'),
(252, 59, '2018-06-24 19:47:39'),
(252, 66, '2018-06-24 19:47:17'),
(252, 76, '2018-06-24 19:43:39'),
(252, 85, '2018-06-24 19:45:19'),
(252, 98, '2018-06-29 18:50:29'),
(253, 1, '2018-06-24 20:58:44'),
(253, 27, '2018-06-24 21:19:07'),
(253, 32, '2018-06-24 21:20:50'),
(253, 40, '2018-06-27 15:41:02'),
(253, 58, '2018-06-24 21:09:27'),
(253, 70, '2018-06-24 20:59:10'),
(253, 77, '2018-06-24 21:02:09'),
(253, 97, '2018-06-24 21:10:43'),
(253, 98, '2018-06-29 13:59:46'),
(254, 4, '2018-06-24 20:02:28'),
(254, 22, '2018-06-24 20:05:11'),
(254, 37, '2018-06-24 20:03:37'),
(254, 66, '2018-06-26 19:19:28'),
(255, 1, '2018-06-25 12:05:06'),
(255, 11, '2018-06-24 20:19:23'),
(255, 29, '2018-06-24 20:13:21'),
(255, 32, '2018-06-24 20:17:48'),
(255, 98, '2018-06-29 10:23:23'),
(255, 102, '2018-06-26 09:57:32'),
(256, 5, '2018-06-24 22:31:21'),
(256, 17, '2018-06-24 20:22:55'),
(256, 24, '2018-06-24 20:44:25'),
(256, 71, '2018-06-24 20:42:02'),
(256, 92, '2018-06-24 20:51:31'),
(256, 98, '2018-06-29 18:33:45'),
(258, 6, '2018-06-24 20:13:58'),
(258, 18, '2018-06-24 20:14:54'),
(258, 36, '2018-06-24 20:17:42'),
(258, 41, '2018-06-28 00:06:36'),
(258, 67, '2018-06-24 20:20:36'),
(258, 98, '2018-06-25 13:02:29'),
(259, 1, '2018-06-24 20:31:08'),
(259, 6, '2018-06-24 20:33:00'),
(259, 46, '2018-06-24 20:37:57'),
(259, 52, '2018-06-24 20:38:30'),
(259, 53, '2018-06-24 20:38:44'),
(259, 56, '2018-06-24 20:39:14'),
(259, 64, '2018-06-24 20:40:05'),
(259, 67, '2018-06-24 20:40:57'),
(259, 96, '2018-06-24 20:39:47'),
(259, 97, '2018-06-24 20:40:19'),
(259, 98, '2018-06-24 20:40:31'),
(261, 34, '2018-06-26 15:21:35'),
(262, 1, '2018-06-24 20:36:49'),
(262, 25, '2018-06-26 18:36:10'),
(262, 40, '2018-06-27 16:32:51'),
(262, 53, '2018-06-25 16:20:25'),
(262, 70, '2018-06-24 20:37:19'),
(262, 98, '2018-06-24 20:42:13'),
(263, 6, '2018-06-24 20:41:24'),
(263, 18, '2018-06-24 20:44:50'),
(263, 36, '2018-06-24 20:46:28'),
(263, 67, '2018-06-24 20:48:41'),
(263, 98, '2018-06-29 17:18:21'),
(264, 85, '2018-06-24 20:57:42'),
(264, 89, '2018-06-24 20:47:45'),
(264, 98, '2018-06-29 16:35:05'),
(265, 2, '2018-06-24 20:49:25'),
(265, 8, '2018-06-24 20:50:50'),
(265, 16, '2018-06-24 20:52:23'),
(265, 25, '2018-06-24 20:53:41'),
(265, 26, '2018-06-24 20:54:00'),
(265, 31, '2018-06-26 14:10:42'),
(265, 52, '2018-06-24 20:58:41'),
(265, 55, '2018-06-24 20:59:19'),
(265, 62, '2018-06-24 21:00:40'),
(265, 71, '2018-06-24 20:50:38'),
(265, 83, '2018-06-24 20:55:58'),
(265, 87, '2018-06-24 20:57:30'),
(265, 93, '2018-06-24 20:59:51'),
(265, 97, '2018-06-24 21:01:00'),
(265, 98, '2018-06-24 21:01:27'),
(268, 1, '2018-06-24 21:03:00'),
(268, 5, '2018-06-24 21:05:35'),
(268, 10, '2018-06-24 21:04:17'),
(268, 46, '2018-06-24 21:07:57'),
(268, 53, '2018-06-27 10:45:04'),
(268, 97, '2018-06-24 21:11:42'),
(269, 3, '2018-06-24 21:13:57'),
(269, 17, '2018-06-24 21:15:12'),
(269, 39, '2018-06-24 21:22:37'),
(269, 76, '2018-06-24 21:14:45'),
(269, 89, '2018-06-24 21:39:28'),
(269, 93, '2018-06-24 21:32:55'),
(270, 1, '2018-06-24 22:03:21'),
(270, 5, '2018-06-24 22:04:41'),
(270, 20, '2018-06-24 22:06:04'),
(270, 25, '2018-06-25 10:50:42'),
(270, 40, '2018-06-24 22:08:30'),
(270, 53, '2018-06-24 22:09:58'),
(270, 63, '2018-06-24 22:24:41'),
(270, 68, '2018-06-24 22:14:41'),
(270, 82, '2018-06-24 22:07:31'),
(270, 88, '2018-06-24 22:08:44'),
(270, 93, '2018-06-24 22:11:32'),
(270, 98, '2018-06-24 22:14:54'),
(270, 102, '2018-06-25 15:07:37'),
(272, 3, '2018-06-24 21:14:48'),
(272, 28, '2018-06-24 21:16:41'),
(272, 39, '2018-06-24 21:17:25'),
(272, 42, '2018-06-24 21:15:36'),
(272, 76, '2018-06-24 21:15:12'),
(273, 1, '2018-06-24 21:38:09'),
(273, 34, '2018-06-24 21:41:23'),
(273, 39, '2018-06-24 21:44:06'),
(273, 53, '2018-06-24 21:41:14'),
(273, 97, '2018-06-24 21:45:16'),
(273, 98, '2018-06-24 21:42:11'),
(274, 9, '2018-06-25 14:23:44'),
(274, 17, '2018-06-25 12:25:09'),
(274, 25, '2018-06-25 12:52:45'),
(274, 26, '2018-06-25 12:52:10'),
(274, 27, '2018-06-25 12:53:36'),
(274, 36, '2018-06-25 12:54:21'),
(274, 56, '2018-06-25 12:56:35'),
(274, 69, '2018-06-25 12:22:30'),
(274, 83, '2018-06-25 12:54:02'),
(274, 86, '2018-06-25 14:26:40'),
(274, 91, '2018-06-25 12:56:13'),
(274, 97, '2018-06-25 12:58:13'),
(276, 1, '2018-06-24 21:24:03'),
(276, 25, '2018-06-24 21:31:42'),
(276, 26, '2018-06-24 21:33:50'),
(276, 53, '2018-06-24 21:49:09'),
(276, 55, '2018-06-24 21:53:12'),
(276, 71, '2018-06-24 21:24:39'),
(276, 82, '2018-06-24 21:34:32'),
(276, 85, '2018-06-24 21:34:53'),
(276, 86, '2018-06-24 21:39:21'),
(278, 1, '2018-06-25 08:29:37'),
(278, 8, '2018-06-25 08:42:19'),
(278, 31, '2018-06-25 11:35:08'),
(279, 1, '2018-06-24 22:28:34'),
(279, 10, '2018-06-25 23:10:10'),
(279, 11, '2018-06-24 22:31:11'),
(279, 40, '2018-06-26 17:47:57'),
(279, 41, '2018-06-24 22:33:49'),
(279, 43, '2018-06-28 10:35:32'),
(279, 45, '2018-06-24 22:34:57'),
(279, 98, '2018-06-24 22:37:41'),
(279, 102, '2018-06-25 15:39:52'),
(280, 41, '2018-06-24 21:48:45'),
(280, 98, '2018-06-29 13:52:37'),
(281, 1, '2018-06-25 00:23:49'),
(281, 2, '2018-06-25 00:23:52'),
(281, 5, '2018-06-25 18:51:24'),
(281, 16, '2018-06-25 14:13:16'),
(281, 26, '2018-06-25 00:34:17'),
(281, 40, '2018-06-25 00:27:03'),
(281, 44, '2018-06-25 00:38:23'),
(281, 63, '2018-06-25 14:17:54'),
(281, 71, '2018-06-25 18:31:46'),
(281, 98, '2018-06-25 00:39:59'),
(282, 1, '2018-06-24 21:42:18'),
(282, 3, '2018-06-24 21:42:42'),
(282, 10, '2018-06-24 21:43:46'),
(282, 11, '2018-06-24 21:45:45'),
(282, 16, '2018-06-24 21:47:49'),
(282, 39, '2018-06-24 21:49:28'),
(282, 41, '2018-06-24 21:49:47'),
(282, 43, '2018-06-27 23:47:55'),
(282, 45, '2018-06-24 21:50:51'),
(282, 63, '2018-06-24 21:52:39'),
(282, 102, '2018-06-25 15:36:54'),
(283, 16, '2018-06-24 21:55:31'),
(283, 40, '2018-06-27 17:39:47'),
(283, 58, '2018-06-25 14:25:17'),
(283, 77, '2018-06-24 21:46:23'),
(284, 1, '2018-06-24 21:43:28'),
(284, 3, '2018-06-24 21:44:12'),
(284, 7, '2018-06-24 21:45:08'),
(284, 27, '2018-06-24 21:58:43'),
(284, 32, '2018-06-24 21:58:53'),
(284, 40, '2018-06-24 21:59:24'),
(284, 41, '2018-06-24 22:01:45'),
(284, 45, '2018-06-24 22:02:17'),
(284, 50, '2018-06-24 22:06:13'),
(284, 56, '2018-06-24 22:07:01'),
(284, 57, '2018-06-24 22:08:39'),
(284, 76, '2018-06-26 10:25:39'),
(284, 78, '2018-06-24 21:45:46'),
(285, 1, '2018-06-24 21:43:50'),
(285, 2, '2018-06-24 21:43:59'),
(285, 8, '2018-06-26 07:19:03'),
(285, 20, '2018-06-24 21:49:36'),
(285, 25, '2018-06-24 22:08:13'),
(285, 26, '2018-06-26 18:38:05'),
(285, 31, '2018-06-26 19:07:48'),
(285, 63, '2018-06-28 18:40:05'),
(285, 68, '2018-06-24 21:53:58'),
(285, 97, '2018-06-28 18:53:34'),
(287, 2, '2018-06-24 21:49:23'),
(287, 82, '2018-06-24 21:54:10'),
(287, 87, '2018-06-24 21:55:30'),
(288, 1, '2018-06-25 13:22:57'),
(288, 3, '2018-06-25 13:13:49'),
(288, 6, '2018-06-25 13:26:22'),
(288, 7, '2018-06-24 21:49:57'),
(288, 11, '2018-06-24 21:53:07'),
(288, 14, '2018-06-24 21:53:19'),
(288, 24, '2018-06-25 12:15:40'),
(288, 27, '2018-06-24 21:51:08'),
(288, 29, '2018-06-24 21:51:05'),
(288, 39, '2018-06-26 21:55:22'),
(288, 41, '2018-06-24 21:51:17'),
(288, 52, '2018-06-27 19:03:24'),
(288, 78, '2018-06-24 21:54:17'),
(288, 92, '2018-06-27 19:03:45'),
(290, 2, '2018-06-24 22:17:58'),
(290, 5, '2018-06-26 06:59:56'),
(290, 6, '2018-06-25 13:40:31'),
(290, 10, '2018-06-26 06:59:48'),
(290, 24, '2018-06-26 17:27:09'),
(290, 28, '2018-06-25 22:17:10'),
(290, 31, '2018-06-25 22:17:24'),
(290, 34, '2018-06-24 22:27:54'),
(290, 37, '2018-06-26 23:28:31'),
(290, 85, '2018-06-24 22:24:06'),
(290, 88, '2018-06-25 22:19:54'),
(290, 89, '2018-06-25 22:19:57'),
(290, 90, '2018-06-25 22:20:54'),
(290, 97, '2018-06-24 22:25:13'),
(290, 98, '2018-06-24 22:24:58'),
(291, 18, '2018-06-24 21:54:13'),
(291, 21, '2018-06-24 21:54:38'),
(291, 33, '2018-06-24 21:56:09'),
(291, 67, '2018-06-24 21:56:59'),
(291, 69, '2018-06-24 21:53:46'),
(292, 1, '2018-06-24 22:51:46'),
(292, 2, '2018-06-24 22:51:51'),
(292, 16, '2018-06-25 11:39:54'),
(292, 20, '2018-06-25 11:40:03'),
(292, 40, '2018-06-25 11:40:57'),
(292, 44, '2018-06-25 11:41:23'),
(292, 86, '2018-06-25 18:39:39'),
(293, 21, '2018-06-24 22:07:39'),
(293, 36, '2018-06-27 15:33:12'),
(293, 64, '2018-06-25 16:40:02'),
(293, 67, '2018-06-24 22:09:35'),
(293, 69, '2018-06-24 22:07:29'),
(295, 39, '2018-06-24 22:20:17'),
(295, 58, '2018-06-24 22:24:52'),
(295, 70, '2018-06-24 22:14:22'),
(295, 78, '2018-06-24 22:17:09'),
(295, 82, '2018-06-24 22:19:02'),
(295, 88, '2018-06-24 22:20:58'),
(295, 98, '2018-06-29 12:33:07'),
(296, 18, '2018-06-24 22:15:32'),
(296, 33, '2018-06-24 22:18:59'),
(296, 52, '2018-06-24 22:18:05'),
(296, 53, '2018-06-24 22:18:05'),
(296, 56, '2018-06-24 22:18:33'),
(296, 68, '2018-06-24 22:19:51'),
(296, 69, '2018-06-24 22:14:01'),
(297, 1, '2018-06-24 22:33:24'),
(297, 2, '2018-06-24 22:33:41'),
(297, 7, '2018-06-24 22:33:56'),
(297, 41, '2018-06-24 22:34:44'),
(297, 57, '2018-06-24 22:35:23'),
(297, 86, '2018-06-24 22:34:30'),
(298, 1, '2018-06-24 22:39:02'),
(298, 3, '2018-06-24 22:52:13'),
(298, 6, '2018-06-25 14:15:10'),
(298, 10, '2018-06-24 22:41:15'),
(298, 16, '2018-06-26 13:30:41'),
(298, 28, '2018-06-24 22:42:57'),
(298, 39, '2018-06-24 22:43:47'),
(298, 42, '2018-06-25 14:20:02'),
(298, 58, '2018-06-29 10:28:59'),
(298, 76, '2018-06-24 22:55:51'),
(298, 85, '2018-06-24 22:57:07'),
(298, 89, '2018-06-25 14:20:15'),
(298, 93, '2018-06-25 14:20:59'),
(298, 97, '2018-06-29 10:31:21'),
(298, 98, '2018-06-29 10:29:38'),
(298, 100, '2018-06-25 14:18:21'),
(300, 1, '2018-06-24 22:41:01'),
(300, 3, '2018-06-24 22:41:18'),
(300, 17, '2018-06-24 22:45:04'),
(300, 28, '2018-06-24 22:46:17'),
(300, 39, '2018-06-24 22:50:21'),
(300, 46, '2018-06-24 23:02:18'),
(300, 53, '2018-06-24 23:03:56'),
(300, 76, '2018-06-24 22:42:47'),
(300, 89, '2018-06-24 22:55:51'),
(303, 1, '2018-06-24 23:30:02'),
(303, 3, '2018-06-24 22:50:03'),
(303, 17, '2018-06-24 23:08:03'),
(303, 28, '2018-06-24 23:12:49'),
(303, 39, '2018-06-24 23:14:25'),
(303, 42, '2018-06-24 23:17:03'),
(303, 53, '2018-06-24 23:49:30'),
(303, 59, '2018-06-24 23:22:24'),
(303, 65, '2018-06-24 23:23:22'),
(303, 76, '2018-06-24 23:06:39'),
(303, 85, '2018-06-24 23:15:23'),
(303, 95, '2018-06-24 23:21:59'),
(303, 98, '2018-06-24 23:23:31'),
(304, 3, '2018-06-24 22:44:41'),
(304, 6, '2018-06-24 22:45:07'),
(304, 7, '2018-06-24 22:45:26'),
(304, 10, '2018-06-24 22:45:32'),
(304, 11, '2018-06-24 22:45:40'),
(304, 28, '2018-06-24 22:46:47'),
(304, 41, '2018-06-24 22:47:20'),
(304, 45, '2018-06-24 22:47:35'),
(304, 50, '2018-06-28 15:01:29'),
(304, 76, '2018-06-24 22:45:56'),
(304, 85, '2018-06-24 22:47:03'),
(304, 102, '2018-06-25 15:20:23'),
(305, 3, '2018-06-25 13:03:19'),
(305, 4, '2018-06-25 13:03:55'),
(305, 20, '2018-06-25 13:05:55'),
(305, 28, '2018-06-25 13:06:57'),
(305, 39, '2018-06-25 13:08:33'),
(305, 42, '2018-06-25 13:09:10'),
(305, 46, '2018-06-25 13:09:57'),
(305, 53, '2018-06-25 13:10:38'),
(305, 55, '2018-06-25 13:11:32'),
(305, 59, '2018-06-25 14:10:39'),
(305, 65, '2018-06-25 13:12:56'),
(305, 76, '2018-06-25 13:05:01'),
(305, 85, '2018-06-26 20:00:19'),
(305, 98, '2018-06-29 13:19:37'),
(305, 100, '2018-06-25 13:06:32'),
(306, 40, '2018-06-25 09:03:13'),
(306, 46, '2018-06-25 09:04:29'),
(306, 70, '2018-06-24 22:58:30'),
(306, 77, '2018-06-24 23:01:02'),
(307, 3, '2018-06-25 12:18:04'),
(307, 39, '2018-06-24 22:59:22'),
(307, 76, '2018-06-24 22:57:54'),
(307, 100, '2018-06-25 12:09:40'),
(307, 102, '2018-06-25 15:39:42'),
(308, 6, '2018-06-24 23:01:39'),
(308, 7, '2018-06-25 19:28:38'),
(308, 11, '2018-06-25 19:29:45'),
(308, 22, '2018-06-24 23:27:23'),
(308, 29, '2018-06-25 20:06:33'),
(308, 32, '2018-06-25 20:07:30'),
(308, 41, '2018-06-28 08:49:27'),
(308, 43, '2018-06-28 08:49:30'),
(308, 45, '2018-06-24 23:31:44'),
(308, 52, '2018-06-27 11:19:51'),
(308, 57, '2018-06-24 23:07:04'),
(308, 78, '2018-06-24 23:03:50'),
(308, 93, '2018-06-24 23:06:34'),
(310, 77, '2018-06-25 00:21:56'),
(311, 1, '2018-06-24 23:03:34'),
(311, 5, '2018-06-24 23:05:24'),
(311, 10, '2018-06-24 23:05:01'),
(311, 34, '2018-06-24 23:10:47'),
(311, 44, '2018-06-24 23:10:00'),
(311, 53, '2018-06-24 23:10:35'),
(311, 55, '2018-06-24 23:11:12'),
(311, 63, '2018-06-24 23:12:41'),
(311, 70, '2018-06-24 23:03:56'),
(311, 78, '2018-06-24 23:05:56'),
(311, 85, '2018-06-24 23:08:08'),
(311, 89, '2018-06-24 23:09:31'),
(311, 97, '2018-06-24 23:13:06'),
(312, 29, '2018-06-24 23:12:37'),
(312, 40, '2018-06-24 23:07:42'),
(312, 41, '2018-06-24 23:09:55'),
(312, 45, '2018-06-24 23:09:07'),
(312, 57, '2018-06-24 23:10:57'),
(312, 92, '2018-06-24 23:10:31'),
(313, 1, '2018-06-24 23:12:35'),
(313, 3, '2018-06-24 23:12:59'),
(313, 17, '2018-06-24 23:38:02'),
(313, 28, '2018-06-24 23:21:22'),
(313, 39, '2018-06-24 23:23:22'),
(313, 47, '2018-06-25 03:44:48'),
(313, 53, '2018-06-25 04:19:01'),
(313, 56, '2018-06-24 23:27:37'),
(313, 59, '2018-06-24 23:29:09'),
(313, 65, '2018-06-25 04:23:32'),
(313, 67, '2018-06-25 04:25:49'),
(313, 76, '2018-06-24 23:18:33'),
(313, 90, '2018-06-27 17:33:50'),
(313, 95, '2018-06-24 23:28:26'),
(313, 97, '2018-06-29 18:34:58'),
(313, 98, '2018-06-29 19:27:29'),
(313, 100, '2018-06-24 23:20:37'),
(314, 3, '2018-06-24 23:12:47'),
(314, 76, '2018-06-25 12:19:02'),
(314, 90, '2018-06-24 23:33:44'),
(314, 98, '2018-06-24 23:38:30'),
(315, 8, '2018-06-24 23:14:28'),
(315, 31, '2018-06-24 23:16:41'),
(315, 45, '2018-06-28 14:03:20'),
(315, 46, '2018-06-24 23:24:05'),
(315, 52, '2018-06-24 23:19:13'),
(316, 5, '2018-06-25 16:02:41'),
(316, 10, '2018-06-25 16:02:09'),
(316, 34, '2018-06-24 23:22:36'),
(316, 40, '2018-06-24 23:27:25'),
(316, 56, '2018-06-24 23:28:50'),
(316, 85, '2018-06-24 23:26:21'),
(316, 89, '2018-06-25 16:16:03'),
(316, 98, '2018-06-27 00:05:51'),
(316, 102, '2018-06-25 15:46:38'),
(322, 2, '2018-06-24 23:24:37'),
(322, 12, '2018-06-24 23:26:10'),
(322, 68, '2018-06-24 23:34:51'),
(322, 98, '2018-06-25 00:10:33'),
(323, 2, '2018-06-25 16:51:39'),
(323, 26, '2018-06-26 20:57:41'),
(323, 40, '2018-06-26 19:24:34'),
(323, 46, '2018-06-26 21:08:34'),
(323, 49, '2018-06-26 21:01:49'),
(323, 53, '2018-06-26 21:02:02'),
(323, 56, '2018-06-28 20:59:14'),
(323, 71, '2018-06-25 17:04:34'),
(323, 82, '2018-06-26 19:23:34'),
(323, 86, '2018-06-26 19:23:46'),
(323, 88, '2018-06-26 21:03:42'),
(323, 97, '2018-06-26 21:11:34'),
(327, 40, '2018-06-25 18:13:17'),
(327, 41, '2018-06-25 18:13:43'),
(327, 43, '2018-06-25 18:13:54'),
(328, 2, '2018-06-24 23:39:43'),
(328, 9, '2018-06-25 01:51:52'),
(328, 24, '2018-06-24 23:44:36'),
(328, 63, '2018-06-28 02:47:18'),
(328, 82, '2018-06-24 23:48:24'),
(328, 87, '2018-06-24 23:50:14'),
(328, 97, '2018-06-25 00:03:56'),
(329, 5, '2018-06-25 12:31:00'),
(329, 16, '2018-06-25 22:36:45'),
(329, 19, '2018-06-25 15:13:55'),
(329, 24, '2018-06-26 18:31:16'),
(329, 39, '2018-06-26 22:51:40'),
(329, 44, '2018-06-28 00:58:31'),
(329, 49, '2018-06-25 15:09:13'),
(329, 55, '2018-06-28 00:59:13'),
(329, 56, '2018-06-25 15:10:31'),
(329, 71, '2018-06-25 12:30:14'),
(329, 83, '2018-06-25 12:34:39'),
(329, 86, '2018-06-26 22:50:57'),
(329, 87, '2018-06-26 22:51:49'),
(330, 18, '2018-06-24 23:43:34'),
(330, 33, '2018-06-24 23:49:56'),
(330, 67, '2018-06-24 23:53:36'),
(330, 69, '2018-06-24 23:41:39'),
(332, 1, '2018-06-25 00:20:23'),
(332, 32, '2018-06-26 14:56:19'),
(332, 40, '2018-06-25 01:20:22'),
(332, 58, '2018-06-25 01:09:18'),
(332, 64, '2018-06-25 01:26:34'),
(332, 70, '2018-06-25 00:17:50'),
(332, 77, '2018-06-25 00:36:34'),
(335, 4, '2018-06-25 00:01:27'),
(335, 22, '2018-06-25 00:02:18'),
(336, 2, '2018-06-25 00:01:58'),
(336, 5, '2018-06-25 00:04:22'),
(336, 26, '2018-06-26 16:05:30'),
(336, 44, '2018-06-25 00:15:32'),
(336, 94, '2018-06-25 00:18:52'),
(337, 1, '2018-06-25 00:03:31'),
(337, 40, '2018-06-25 00:17:50'),
(337, 53, '2018-06-25 00:19:09'),
(337, 70, '2018-06-25 00:13:40'),
(337, 77, '2018-06-25 16:33:42'),
(337, 98, '2018-06-25 00:13:17'),
(337, 102, '2018-06-25 16:18:57'),
(338, 2, '2018-06-25 00:22:59'),
(338, 5, '2018-06-25 00:23:53'),
(338, 16, '2018-06-25 00:24:11'),
(338, 19, '2018-06-25 00:24:36'),
(338, 26, '2018-06-25 00:25:08'),
(338, 49, '2018-06-25 00:28:16'),
(338, 62, '2018-06-25 00:29:36'),
(338, 63, '2018-06-25 00:29:42'),
(338, 68, '2018-06-25 00:30:01'),
(338, 71, '2018-06-25 00:22:22'),
(338, 86, '2018-06-25 00:26:19'),
(338, 87, '2018-06-25 00:27:16'),
(338, 98, '2018-06-25 00:41:51'),
(340, 39, '2018-06-25 00:32:31'),
(340, 59, '2018-06-25 00:30:12'),
(340, 65, '2018-06-25 00:31:06'),
(340, 95, '2018-06-25 00:29:42'),
(342, 68, '2018-06-29 16:43:56'),
(342, 96, '2018-06-29 16:43:40'),
(343, 27, '2018-06-25 13:33:10'),
(343, 58, '2018-06-25 13:36:00'),
(344, 1, '2018-06-25 00:33:32'),
(344, 3, '2018-06-25 00:33:53'),
(344, 6, '2018-06-25 13:34:03'),
(344, 10, '2018-06-25 14:17:50'),
(344, 16, '2018-06-26 09:39:21'),
(344, 28, '2018-06-25 14:19:16'),
(344, 39, '2018-06-25 00:39:24'),
(344, 42, '2018-06-25 00:40:43'),
(344, 46, '2018-06-25 14:16:28'),
(344, 59, '2018-06-25 00:44:21'),
(344, 65, '2018-06-25 00:44:49'),
(344, 76, '2018-06-25 00:36:28'),
(344, 85, '2018-06-25 00:39:10'),
(344, 90, '2018-06-25 14:19:49'),
(344, 95, '2018-06-25 00:43:41'),
(344, 100, '2018-06-25 13:33:13'),
(345, 29, '2018-06-25 00:44:13'),
(345, 41, '2018-06-25 00:45:38'),
(345, 45, '2018-06-25 00:46:25'),
(345, 61, '2018-06-25 00:48:16'),
(346, 2, '2018-06-25 00:59:45'),
(346, 24, '2018-06-26 04:26:18'),
(346, 26, '2018-06-25 01:23:16'),
(346, 49, '2018-06-25 01:07:46'),
(346, 53, '2018-06-26 04:24:17'),
(346, 62, '2018-06-25 01:09:09'),
(346, 63, '2018-06-25 01:09:19'),
(346, 71, '2018-06-25 00:59:35'),
(347, 12, '2018-06-25 00:52:41'),
(347, 26, '2018-06-25 00:38:46'),
(348, 4, '2018-06-25 00:40:35'),
(348, 25, '2018-06-26 14:36:21'),
(348, 39, '2018-06-26 18:36:35'),
(348, 42, '2018-06-25 00:44:21'),
(348, 59, '2018-06-25 00:45:41'),
(349, 1, '2018-06-25 00:52:04'),
(349, 8, '2018-06-25 00:53:35'),
(349, 24, '2018-06-26 09:04:33'),
(349, 31, '2018-06-25 00:55:45'),
(349, 53, '2018-06-25 00:57:26'),
(349, 62, '2018-06-27 19:41:26'),
(349, 63, '2018-06-27 19:41:28'),
(349, 71, '2018-06-25 01:02:54'),
(349, 83, '2018-06-25 00:56:22'),
(349, 87, '2018-06-26 09:27:24'),
(350, 2, '2018-06-25 01:10:16'),
(350, 5, '2018-06-25 00:57:13'),
(350, 14, '2018-06-25 00:57:31'),
(350, 44, '2018-06-25 01:15:21'),
(350, 62, '2018-06-25 01:05:05'),
(350, 63, '2018-06-25 01:05:30'),
(350, 71, '2018-06-25 00:55:53'),
(350, 83, '2018-06-25 01:00:12'),
(350, 93, '2018-06-25 01:18:20'),
(351, 2, '2018-06-25 01:16:49'),
(351, 19, '2018-06-25 01:24:29'),
(351, 25, '2018-06-25 01:25:13'),
(351, 26, '2018-06-25 01:21:45'),
(351, 49, '2018-06-25 01:41:02'),
(351, 62, '2018-06-25 01:39:20'),
(351, 63, '2018-06-25 01:39:45'),
(351, 71, '2018-06-25 01:17:24'),
(351, 86, '2018-06-25 01:31:58'),
(353, 6, '2018-06-25 01:59:20'),
(353, 37, '2018-06-25 02:01:33'),
(353, 66, '2018-06-25 02:02:39'),
(354, 6, '2018-06-25 01:59:14'),
(354, 37, '2018-06-25 02:01:44'),
(356, 1, '2018-06-25 02:25:45'),
(356, 32, '2018-06-25 02:31:01'),
(356, 39, '2018-06-27 14:42:52'),
(356, 46, '2018-06-25 02:35:37'),
(356, 53, '2018-06-25 02:37:15'),
(356, 56, '2018-06-25 02:38:48'),
(356, 76, '2018-06-25 02:26:45'),
(356, 85, '2018-06-27 14:42:34'),
(356, 91, '2018-06-27 14:56:06'),
(357, 21, '2018-06-26 13:23:39'),
(357, 53, '2018-06-26 13:25:36'),
(357, 70, '2018-06-25 16:17:30'),
(357, 71, '2018-06-25 16:17:40'),
(357, 77, '2018-06-25 16:18:09'),
(357, 85, '2018-06-26 13:24:44'),
(357, 102, '2018-06-25 16:17:13'),
(358, 2, '2018-06-25 03:39:45'),
(358, 24, '2018-06-25 03:44:21'),
(358, 26, '2018-06-25 03:44:01'),
(358, 40, '2018-06-25 03:37:48'),
(358, 49, '2018-06-25 03:31:08'),
(358, 53, '2018-06-25 11:38:24'),
(358, 55, '2018-06-25 03:32:36'),
(358, 56, '2018-06-28 19:04:01'),
(358, 71, '2018-06-25 03:40:22'),
(358, 83, '2018-06-25 03:35:26'),
(358, 86, '2018-06-25 03:45:53'),
(358, 94, '2018-06-25 03:49:05'),
(359, 14, '2018-06-25 03:29:38'),
(359, 70, '2018-06-25 03:28:53'),
(359, 85, '2018-06-25 16:31:57'),
(359, 97, '2018-06-25 03:37:18'),
(359, 102, '2018-06-25 15:02:02'),
(360, 1, '2018-06-25 03:32:48'),
(360, 3, '2018-06-25 15:36:53'),
(360, 76, '2018-06-25 16:05:51'),
(360, 82, '2018-06-25 03:35:03'),
(360, 88, '2018-06-25 03:36:45'),
(363, 8, '2018-06-25 04:04:51'),
(363, 26, '2018-06-25 17:24:11'),
(363, 63, '2018-06-25 05:06:55'),
(363, 71, '2018-06-25 04:54:49'),
(363, 82, '2018-06-25 04:03:02'),
(363, 88, '2018-06-25 04:07:56'),
(364, 3, '2018-06-25 04:04:14'),
(364, 28, '2018-06-25 04:06:37'),
(364, 39, '2018-06-25 04:07:11'),
(364, 42, '2018-06-25 04:07:50'),
(364, 76, '2018-06-25 04:06:07'),
(364, 85, '2018-06-25 04:06:53'),
(364, 90, '2018-06-25 04:09:58'),
(364, 95, '2018-06-25 04:11:26'),
(365, 5, '2018-06-25 05:00:35'),
(365, 26, '2018-06-25 04:38:45'),
(365, 62, '2018-06-29 13:40:43'),
(365, 63, '2018-06-25 05:06:32'),
(365, 71, '2018-06-25 05:00:20'),
(365, 82, '2018-06-25 04:31:24'),
(366, 5, '2018-06-25 04:52:43'),
(366, 26, '2018-06-25 04:52:36'),
(366, 53, '2018-06-28 15:22:21'),
(366, 62, '2018-06-29 13:03:13'),
(366, 63, '2018-06-25 05:06:28'),
(366, 71, '2018-06-25 04:51:42'),
(366, 102, '2018-06-26 10:34:02'),
(367, 40, '2018-06-25 12:23:01'),
(367, 48, '2018-06-25 07:32:09'),
(367, 59, '2018-06-25 07:33:45'),
(367, 90, '2018-06-25 12:27:30'),
(367, 95, '2018-06-25 07:33:13'),
(367, 97, '2018-06-29 10:16:54'),
(367, 98, '2018-06-27 11:43:21'),
(371, 8, '2018-06-25 08:16:31'),
(371, 31, '2018-06-25 08:18:02'),
(371, 58, '2018-06-29 12:37:48'),
(371, 77, '2018-06-25 08:17:25'),
(372, 22, '2018-06-25 08:26:35'),
(372, 40, '2018-06-25 08:32:11'),
(372, 46, '2018-06-25 08:28:31'),
(372, 49, '2018-06-25 08:29:01'),
(372, 56, '2018-06-25 08:39:52'),
(372, 70, '2018-06-25 08:25:21'),
(372, 77, '2018-06-25 08:26:49'),
(372, 98, '2018-06-25 08:51:30'),
(373, 1, '2018-06-25 08:26:44'),
(373, 3, '2018-06-25 12:06:03'),
(373, 10, '2018-06-25 08:34:04'),
(373, 29, '2018-06-25 08:30:10'),
(373, 41, '2018-06-25 08:30:34'),
(373, 43, '2018-06-28 10:19:16'),
(373, 76, '2018-06-25 12:06:22'),
(373, 85, '2018-06-25 08:35:41'),
(373, 102, '2018-06-26 08:26:06'),
(374, 1, '2018-06-25 08:47:33'),
(374, 6, '2018-06-25 08:47:19'),
(374, 14, '2018-06-25 08:50:28'),
(374, 24, '2018-06-26 12:03:24'),
(374, 39, '2018-06-26 21:56:49'),
(374, 46, '2018-06-25 08:55:29'),
(374, 85, '2018-06-25 08:54:11'),
(374, 89, '2018-06-25 21:59:06'),
(374, 92, '2018-06-25 08:58:56'),
(374, 98, '2018-06-25 09:02:13'),
(375, 1, '2018-06-25 08:47:34'),
(375, 10, '2018-06-25 08:49:57'),
(375, 11, '2018-06-25 08:49:38'),
(375, 14, '2018-06-25 08:50:34'),
(375, 27, '2018-06-25 08:51:52'),
(375, 41, '2018-06-25 08:53:25'),
(375, 46, '2018-06-25 08:54:11'),
(375, 53, '2018-06-25 08:54:54'),
(375, 56, '2018-06-25 08:56:25'),
(375, 57, '2018-06-25 08:57:32'),
(375, 64, '2018-06-25 08:58:38'),
(375, 70, '2018-06-25 08:47:50'),
(375, 85, '2018-06-25 08:52:35'),
(375, 98, '2018-06-25 08:59:42'),
(376, 7, '2018-06-25 15:24:53'),
(376, 11, '2018-06-25 11:07:05'),
(376, 29, '2018-06-25 11:03:12'),
(376, 40, '2018-06-25 11:12:42'),
(376, 41, '2018-06-25 11:03:30'),
(376, 45, '2018-06-25 11:08:35'),
(376, 50, '2018-06-25 11:04:05'),
(376, 55, '2018-06-25 11:09:19'),
(376, 57, '2018-06-25 11:05:09'),
(376, 91, '2018-06-25 15:38:35'),
(376, 102, '2018-06-25 15:15:40'),
(377, 39, '2018-06-25 08:45:14'),
(377, 86, '2018-06-25 08:44:28'),
(385, 4, '2018-06-25 09:00:17'),
(385, 18, '2018-06-25 21:19:08'),
(385, 39, '2018-06-25 09:10:10'),
(385, 64, '2018-06-25 09:12:49'),
(385, 69, '2018-06-25 09:13:41'),
(385, 82, '2018-06-25 09:09:29'),
(385, 88, '2018-06-28 08:36:58'),
(385, 102, '2018-06-25 15:32:45'),
(386, 22, '2018-06-25 18:07:18'),
(386, 37, '2018-06-25 18:08:39'),
(386, 55, '2018-06-25 18:10:22'),
(388, 19, '2018-06-25 09:34:03'),
(388, 26, '2018-06-25 09:34:44'),
(388, 62, '2018-06-25 09:38:49'),
(388, 63, '2018-06-25 09:39:21'),
(388, 71, '2018-06-25 09:32:52'),
(388, 75, '2018-06-25 09:35:27'),
(388, 86, '2018-06-25 09:35:47'),
(390, 47, '2018-06-28 13:57:29'),
(390, 56, '2018-06-28 19:50:24'),
(390, 97, '2018-06-28 19:50:48'),
(391, 3, '2018-06-25 09:46:43'),
(391, 34, '2018-06-25 19:36:53'),
(391, 39, '2018-06-25 09:48:41'),
(391, 52, '2018-06-25 19:36:28'),
(391, 59, '2018-06-25 19:39:06'),
(391, 76, '2018-06-25 09:47:51'),
(391, 85, '2018-06-25 19:34:02'),
(391, 97, '2018-06-25 09:50:06'),
(391, 98, '2018-06-25 19:39:37'),
(392, 7, '2018-06-25 10:08:23'),
(392, 11, '2018-06-25 10:08:50'),
(392, 24, '2018-06-25 10:09:38'),
(392, 29, '2018-06-25 10:11:51'),
(392, 40, '2018-06-25 10:12:44'),
(392, 41, '2018-06-25 10:13:04'),
(392, 43, '2018-06-25 10:13:13'),
(392, 45, '2018-06-25 10:13:31'),
(392, 47, '2018-06-25 10:14:31'),
(392, 57, '2018-06-25 10:14:54'),
(392, 61, '2018-06-25 16:32:55'),
(392, 71, '2018-06-25 10:06:39'),
(392, 92, '2018-06-25 10:14:16'),
(392, 97, '2018-06-25 10:15:31'),
(392, 98, '2018-06-25 10:15:33'),
(393, 10, '2018-06-25 10:31:44'),
(393, 11, '2018-06-25 10:32:02'),
(393, 24, '2018-06-25 10:58:09'),
(393, 41, '2018-06-25 11:11:28'),
(393, 53, '2018-06-25 11:19:32'),
(393, 56, '2018-06-25 11:25:15'),
(393, 71, '2018-06-25 10:26:49'),
(393, 87, '2018-06-25 11:05:12'),
(394, 26, '2018-06-25 10:03:09'),
(394, 49, '2018-06-25 10:04:28'),
(394, 71, '2018-06-25 09:55:57'),
(395, 1, '2018-06-25 10:03:59'),
(395, 2, '2018-06-25 10:04:10'),
(395, 5, '2018-06-25 10:06:35'),
(395, 9, '2018-06-25 10:14:00'),
(395, 16, '2018-06-25 10:07:30'),
(395, 20, '2018-06-25 10:07:52'),
(395, 25, '2018-06-25 10:08:39'),
(395, 26, '2018-06-25 10:08:59'),
(395, 40, '2018-06-25 10:10:59'),
(395, 44, '2018-06-25 10:11:40'),
(395, 49, '2018-06-25 10:11:58'),
(395, 62, '2018-06-25 10:13:30'),
(395, 71, '2018-06-25 10:05:18'),
(395, 75, '2018-06-25 10:14:09'),
(395, 86, '2018-06-25 10:10:24'),
(398, 32, '2018-06-25 12:50:26'),
(398, 82, '2018-06-26 10:11:38'),
(398, 88, '2018-06-26 10:12:19'),
(399, 1, '2018-06-25 10:14:19'),
(399, 46, '2018-06-25 10:20:29'),
(399, 58, '2018-06-25 12:13:52'),
(399, 70, '2018-06-25 10:14:59'),
(399, 76, '2018-06-25 10:29:52'),
(399, 78, '2018-06-25 10:17:36'),
(399, 85, '2018-06-25 10:19:34'),
(400, 1, '2018-06-25 10:24:17'),
(400, 3, '2018-06-25 10:24:43'),
(400, 7, '2018-06-25 10:25:38'),
(400, 11, '2018-06-26 07:43:05'),
(400, 27, '2018-06-25 10:32:06'),
(400, 40, '2018-06-27 10:47:16'),
(400, 41, '2018-06-25 10:33:29'),
(400, 45, '2018-06-25 10:34:23'),
(400, 55, '2018-06-28 19:07:31'),
(400, 56, '2018-06-28 20:57:51'),
(400, 57, '2018-06-25 10:35:39'),
(400, 76, '2018-06-26 10:32:24'),
(400, 78, '2018-06-25 10:27:09'),
(400, 92, '2018-06-25 10:35:17'),
(400, 95, '2018-06-25 13:31:12'),
(400, 98, '2018-06-29 13:10:14'),
(401, 11, '2018-06-25 10:38:01'),
(401, 29, '2018-06-25 10:36:43'),
(401, 41, '2018-06-25 10:39:27'),
(401, 43, '2018-06-26 02:19:53'),
(401, 57, '2018-06-26 02:21:19'),
(401, 98, '2018-06-26 02:31:27'),
(402, 29, '2018-06-25 11:09:28'),
(402, 41, '2018-06-25 11:10:06'),
(402, 43, '2018-06-28 08:46:47'),
(402, 45, '2018-06-25 11:26:23'),
(402, 61, '2018-06-25 11:11:16'),
(403, 24, '2018-06-26 09:43:37'),
(403, 26, '2018-06-26 09:43:45'),
(403, 46, '2018-06-26 09:45:47'),
(403, 49, '2018-06-26 09:45:58'),
(403, 55, '2018-06-26 09:46:27'),
(403, 87, '2018-06-26 09:44:36'),
(403, 94, '2018-06-26 09:46:40'),
(404, 18, '2018-06-25 20:21:09'),
(404, 46, '2018-06-25 21:02:17'),
(405, 1, '2018-06-25 11:21:54'),
(405, 19, '2018-06-25 11:23:42'),
(405, 24, '2018-06-25 11:24:22'),
(405, 44, '2018-06-25 11:26:31'),
(405, 63, '2018-06-28 14:39:29'),
(405, 68, '2018-06-28 14:41:10'),
(405, 71, '2018-06-25 11:22:15'),
(405, 85, '2018-06-25 11:25:36'),
(405, 87, '2018-06-25 16:40:58'),
(405, 97, '2018-06-28 14:40:29'),
(405, 102, '2018-06-25 17:16:11'),
(406, 8, '2018-06-25 12:45:31'),
(406, 31, '2018-06-25 21:55:18'),
(408, 6, '2018-06-25 11:44:14'),
(408, 8, '2018-06-25 11:49:52'),
(408, 18, '2018-06-26 15:16:30'),
(408, 31, '2018-06-25 11:54:29'),
(408, 33, '2018-06-25 11:57:10'),
(408, 37, '2018-06-25 11:55:19'),
(408, 46, '2018-06-25 14:09:56'),
(408, 53, '2018-06-25 11:56:01'),
(408, 56, '2018-06-25 14:09:40'),
(408, 69, '2018-06-25 11:49:37'),
(408, 85, '2018-06-25 11:55:00'),
(408, 98, '2018-06-25 11:58:02'),
(408, 102, '2018-06-25 15:09:00'),
(409, 10, '2018-06-25 11:03:12'),
(409, 11, '2018-06-25 11:12:51'),
(409, 29, '2018-06-25 11:04:31'),
(409, 41, '2018-06-25 11:05:48'),
(409, 43, '2018-06-25 11:06:54'),
(409, 47, '2018-06-25 11:08:18'),
(409, 53, '2018-06-25 11:09:06'),
(409, 85, '2018-06-25 11:04:49'),
(409, 92, '2018-06-25 11:15:36'),
(411, 53, '2018-06-25 16:52:35'),
(411, 56, '2018-06-25 16:50:14'),
(411, 59, '2018-06-25 16:56:36'),
(411, 65, '2018-06-25 16:58:43'),
(411, 89, '2018-06-25 16:48:03'),
(412, 1, '2018-06-25 11:27:16'),
(412, 40, '2018-06-25 11:29:12'),
(412, 53, '2018-06-25 11:29:39'),
(412, 77, '2018-06-26 13:22:52'),
(412, 98, '2018-06-25 11:30:29'),
(413, 1, '2018-06-25 11:27:57'),
(413, 40, '2018-06-25 11:29:11'),
(413, 53, '2018-06-25 11:29:36'),
(413, 77, '2018-06-26 13:24:11'),
(413, 98, '2018-06-25 11:30:29'),
(414, 2, '2018-06-25 11:50:31'),
(414, 5, '2018-06-25 11:54:21'),
(414, 25, '2018-06-25 11:55:17'),
(414, 26, '2018-06-25 11:55:56'),
(414, 32, '2018-06-25 11:57:59'),
(414, 39, '2018-06-26 23:29:59'),
(414, 49, '2018-06-25 12:03:15'),
(414, 55, '2018-06-25 12:12:13'),
(414, 62, '2018-06-25 12:09:01'),
(414, 68, '2018-06-25 12:06:17'),
(414, 71, '2018-06-25 11:48:44'),
(414, 82, '2018-06-25 12:00:59'),
(414, 88, '2018-06-25 12:02:38'),
(414, 97, '2018-06-25 12:07:12'),
(415, 3, '2018-06-25 13:23:01'),
(415, 10, '2018-06-25 11:33:28'),
(415, 19, '2018-06-26 11:02:40'),
(415, 39, '2018-06-26 13:28:35'),
(415, 53, '2018-06-28 13:32:41'),
(415, 63, '2018-06-29 13:39:43'),
(415, 76, '2018-06-25 13:23:16'),
(415, 98, '2018-06-29 13:39:58'),
(416, 3, '2018-06-25 12:04:30'),
(416, 10, '2018-06-25 11:32:44'),
(416, 41, '2018-06-25 11:34:43'),
(416, 43, '2018-06-28 08:17:25'),
(416, 76, '2018-06-25 11:33:33'),
(416, 85, '2018-06-25 12:08:26'),
(416, 102, '2018-06-26 08:29:53'),
(417, 27, '2018-06-25 13:14:24'),
(417, 58, '2018-06-25 13:18:26'),
(417, 70, '2018-06-25 12:52:42'),
(417, 77, '2018-06-25 13:07:52'),
(417, 97, '2018-06-25 13:21:34'),
(417, 98, '2018-06-25 13:22:50'),
(418, 3, '2018-06-25 15:31:16'),
(418, 41, '2018-06-25 15:34:24'),
(418, 43, '2018-06-25 15:34:56'),
(418, 71, '2018-06-25 18:58:56'),
(418, 102, '2018-06-25 15:30:02'),
(419, 18, '2018-06-25 11:50:20'),
(419, 33, '2018-06-25 11:49:58'),
(419, 69, '2018-06-25 11:42:30'),
(420, 3, '2018-06-25 12:47:34'),
(420, 28, '2018-06-25 12:33:26'),
(420, 39, '2018-06-25 12:30:03'),
(420, 42, '2018-06-26 02:44:24'),
(420, 56, '2018-06-25 12:51:53'),
(420, 59, '2018-06-25 12:40:00'),
(420, 65, '2018-06-25 12:44:24'),
(420, 76, '2018-06-25 12:47:41'),
(420, 85, '2018-06-27 10:26:07'),
(420, 95, '2018-06-25 12:39:30'),
(420, 98, '2018-06-29 18:40:40'),
(420, 102, '2018-06-25 15:25:18'),
(421, 26, '2018-06-25 12:42:11'),
(422, 77, '2018-06-25 14:25:22'),
(422, 82, '2018-06-25 14:26:28'),
(422, 88, '2018-06-25 14:27:58'),
(423, 10, '2018-06-25 12:38:58'),
(423, 26, '2018-06-25 12:41:52'),
(423, 27, '2018-06-25 12:39:05'),
(423, 41, '2018-06-25 12:39:54'),
(423, 43, '2018-06-28 10:34:52'),
(423, 85, '2018-06-25 12:39:16'),
(423, 87, '2018-06-25 12:39:38'),
(424, 3, '2018-06-25 15:34:47'),
(424, 5, '2018-06-25 15:39:07'),
(424, 7, '2018-06-25 15:38:31'),
(424, 10, '2018-06-25 15:38:58'),
(424, 18, '2018-06-25 15:41:15'),
(424, 21, '2018-06-25 19:30:07'),
(424, 27, '2018-06-25 15:42:52'),
(424, 29, '2018-06-25 15:43:00'),
(424, 40, '2018-06-25 15:44:21'),
(424, 41, '2018-06-25 19:33:52'),
(424, 43, '2018-06-25 19:34:11'),
(424, 45, '2018-06-25 19:34:28'),
(424, 50, '2018-06-27 19:56:04'),
(424, 52, '2018-06-27 19:56:24'),
(424, 57, '2018-06-25 19:35:24'),
(424, 58, '2018-06-25 19:35:44'),
(424, 61, '2018-06-26 14:11:19'),
(424, 76, '2018-06-25 15:39:55'),
(424, 78, '2018-06-25 15:40:42'),
(424, 85, '2018-06-25 19:31:09'),
(424, 92, '2018-06-27 19:56:48'),
(424, 95, '2018-06-25 19:35:13'),
(424, 97, '2018-06-25 19:36:20'),
(424, 98, '2018-06-25 19:36:42'),
(425, 58, '2018-06-29 14:03:15'),
(425, 70, '2018-06-25 16:23:54'),
(425, 98, '2018-06-29 19:02:58'),
(426, 24, '2018-06-25 12:47:19'),
(426, 49, '2018-06-25 12:49:37'),
(426, 52, '2018-06-25 12:49:54'),
(426, 63, '2018-06-25 12:51:01'),
(426, 68, '2018-06-25 12:56:12'),
(426, 85, '2018-06-25 12:48:18'),
(426, 97, '2018-06-25 12:56:01'),
(426, 98, '2018-06-25 12:56:17'),
(427, 5, '2018-06-25 17:50:06'),
(427, 12, '2018-06-25 17:50:03'),
(427, 25, '2018-06-25 17:49:14'),
(427, 46, '2018-06-25 17:51:04'),
(427, 53, '2018-06-28 15:14:35'),
(427, 55, '2018-06-28 15:15:02'),
(427, 56, '2018-06-28 15:15:17'),
(427, 62, '2018-06-25 17:54:05'),
(427, 63, '2018-06-28 15:16:37'),
(427, 71, '2018-06-25 17:47:59'),
(427, 87, '2018-06-25 17:50:48'),
(428, 2, '2018-06-25 13:15:27'),
(428, 5, '2018-06-25 13:17:37'),
(428, 25, '2018-06-25 13:23:59'),
(428, 26, '2018-06-25 13:20:14'),
(428, 40, '2018-06-27 13:22:26'),
(428, 62, '2018-06-25 13:32:44'),
(428, 63, '2018-06-25 13:39:38'),
(428, 68, '2018-06-25 13:36:23'),
(428, 85, '2018-06-27 13:19:51'),
(430, 4, '2018-06-25 12:42:51'),
(430, 18, '2018-06-25 12:44:46'),
(430, 22, '2018-06-25 12:45:53'),
(430, 58, '2018-06-25 12:55:48'),
(430, 102, '2018-06-25 16:13:29'),
(431, 4, '2018-06-25 12:14:33'),
(431, 18, '2018-06-25 12:18:02'),
(431, 24, '2018-06-26 17:28:40'),
(431, 32, '2018-06-25 12:14:55'),
(431, 46, '2018-06-25 21:04:56'),
(431, 58, '2018-06-25 20:07:09'),
(431, 67, '2018-06-29 00:37:21'),
(431, 91, '2018-06-25 12:15:10'),
(432, 44, '2018-06-28 00:15:36'),
(432, 49, '2018-06-28 00:59:00'),
(432, 53, '2018-06-28 00:59:09'),
(432, 56, '2018-06-28 01:03:02'),
(435, 53, '2018-06-25 13:46:00'),
(435, 56, '2018-06-25 13:46:40'),
(435, 58, '2018-06-28 10:32:02'),
(436, 10, '2018-06-25 14:04:32'),
(436, 11, '2018-06-25 17:42:46'),
(436, 27, '2018-06-25 17:43:00'),
(436, 34, '2018-06-28 19:07:58'),
(436, 39, '2018-06-25 17:45:45'),
(436, 41, '2018-06-25 17:46:10'),
(436, 53, '2018-06-25 17:48:23'),
(436, 92, '2018-06-28 17:13:45'),
(436, 95, '2018-06-25 17:48:58'),
(437, 4, '2018-06-25 13:44:38'),
(437, 22, '2018-06-25 13:43:30'),
(437, 32, '2018-06-25 13:51:40'),
(437, 34, '2018-06-25 13:55:25'),
(437, 37, '2018-06-25 13:47:50'),
(437, 54, '2018-06-25 13:56:46'),
(437, 56, '2018-06-25 13:55:31'),
(437, 67, '2018-06-25 13:56:49'),
(438, 4, '2018-06-25 18:18:38'),
(438, 18, '2018-06-25 14:35:23'),
(438, 21, '2018-06-26 18:46:32'),
(438, 36, '2018-06-27 15:32:16'),
(438, 64, '2018-06-25 16:37:02'),
(438, 67, '2018-06-25 16:36:20'),
(438, 69, '2018-06-25 14:33:34'),
(441, 27, '2018-06-26 11:26:33'),
(441, 41, '2018-06-26 11:32:41'),
(441, 58, '2018-06-26 11:35:51'),
(442, 4, '2018-06-25 12:37:45'),
(442, 14, '2018-06-26 13:43:21'),
(442, 22, '2018-06-26 13:43:50'),
(442, 43, '2018-06-26 13:45:48'),
(442, 46, '2018-06-28 11:21:12'),
(442, 58, '2018-06-29 14:06:23'),
(442, 70, '2018-06-25 12:37:22'),
(442, 77, '2018-06-26 13:48:08'),
(442, 91, '2018-06-28 11:19:48'),
(442, 96, '2018-06-26 13:49:59'),
(442, 97, '2018-06-26 13:50:19'),
(442, 98, '2018-06-29 11:48:53'),
(443, 39, '2018-06-26 08:34:00'),
(443, 85, '2018-06-26 08:33:45'),
(443, 95, '2018-06-25 13:23:15'),
(443, 97, '2018-06-25 13:25:16'),
(444, 17, '2018-06-25 13:33:47'),
(444, 40, '2018-06-25 13:35:52'),
(444, 48, '2018-06-28 14:15:06'),
(444, 52, '2018-06-28 14:18:52'),
(444, 85, '2018-06-25 13:31:05'),
(444, 95, '2018-06-25 13:27:33'),
(444, 97, '2018-06-25 13:27:43'),
(445, 40, '2018-06-25 12:54:54'),
(445, 58, '2018-06-25 12:58:40'),
(445, 77, '2018-06-25 12:52:48'),
(445, 96, '2018-06-29 16:01:07'),
(445, 97, '2018-06-25 12:59:47'),
(445, 98, '2018-06-25 13:00:08'),
(447, 1, '2018-06-25 13:35:24'),
(447, 4, '2018-06-25 12:53:51'),
(447, 6, '2018-06-25 12:54:00'),
(447, 18, '2018-06-25 12:55:20'),
(447, 22, '2018-06-26 13:27:36'),
(447, 33, '2018-06-25 12:59:59'),
(447, 36, '2018-06-25 12:57:36'),
(447, 37, '2018-06-25 12:57:46'),
(447, 53, '2018-06-25 12:59:08'),
(447, 54, '2018-06-25 13:00:39'),
(447, 55, '2018-06-28 19:09:31'),
(447, 56, '2018-06-27 23:40:22'),
(447, 66, '2018-06-25 12:59:27'),
(447, 67, '2018-06-28 23:55:39'),
(447, 69, '2018-06-25 12:53:39'),
(447, 92, '2018-06-28 19:04:31'),
(447, 93, '2018-06-25 13:07:07'),
(447, 96, '2018-06-29 15:43:27'),
(447, 98, '2018-06-25 13:00:58'),
(448, 18, '2018-06-25 13:18:24'),
(448, 53, '2018-06-25 13:19:49'),
(448, 97, '2018-06-25 13:17:29'),
(448, 98, '2018-06-29 13:31:37'),
(449, 53, '2018-06-25 13:19:20'),
(449, 97, '2018-06-25 13:21:45'),
(449, 98, '2018-06-29 13:32:47'),
(451, 77, '2018-06-25 14:25:27'),
(451, 82, '2018-06-25 14:27:11'),
(453, 44, '2018-06-26 12:19:03'),
(453, 49, '2018-06-26 12:19:38'),
(453, 53, '2018-06-26 12:20:46'),
(453, 62, '2018-06-26 12:21:39'),
(453, 63, '2018-06-26 12:21:46'),
(453, 83, '2018-06-26 12:16:30'),
(454, 10, '2018-06-25 15:16:05'),
(454, 11, '2018-06-25 15:16:44'),
(454, 29, '2018-06-26 15:23:23'),
(454, 39, '2018-06-26 15:24:38'),
(454, 41, '2018-06-25 15:20:51'),
(454, 43, '2018-06-28 10:36:33'),
(454, 102, '2018-06-25 15:19:26'),
(456, 29, '2018-06-25 13:36:09'),
(457, 25, '2018-06-25 17:04:32'),
(457, 53, '2018-06-25 17:20:19'),
(457, 71, '2018-06-25 16:55:34'),
(457, 77, '2018-06-26 14:50:43'),
(457, 98, '2018-06-25 17:17:56'),
(458, 4, '2018-06-25 13:49:40'),
(458, 21, '2018-06-25 13:52:21'),
(458, 37, '2018-06-25 14:02:24'),
(458, 66, '2018-06-28 17:50:13'),
(458, 98, '2018-06-29 14:25:21'),
(459, 6, '2018-06-25 14:28:55'),
(459, 24, '2018-06-26 17:21:23'),
(459, 34, '2018-06-27 19:35:16'),
(459, 37, '2018-06-25 14:04:21'),
(459, 56, '2018-06-25 14:38:58'),
(459, 85, '2018-06-25 14:04:10'),
(459, 97, '2018-06-29 00:08:51'),
(459, 98, '2018-06-29 00:08:39'),
(463, 98, '2018-06-29 12:10:47'),
(464, 37, '2018-06-25 14:20:28'),
(464, 68, '2018-06-25 14:25:11'),
(465, 5, '2018-06-25 14:17:15'),
(465, 10, '2018-06-25 14:14:57'),
(465, 34, '2018-06-25 14:22:45'),
(467, 5, '2018-06-25 15:16:14'),
(467, 6, '2018-06-25 14:36:15'),
(467, 10, '2018-06-25 14:37:12'),
(467, 34, '2018-06-25 14:43:50'),
(467, 98, '2018-06-25 15:06:09'),
(469, 2, '2018-06-25 14:37:51'),
(469, 20, '2018-06-25 14:40:44'),
(469, 24, '2018-06-26 13:50:34'),
(469, 26, '2018-06-25 14:41:43'),
(469, 39, '2018-06-25 14:42:59'),
(469, 48, '2018-06-25 14:44:44'),
(469, 56, '2018-06-25 14:45:11'),
(469, 62, '2018-06-25 14:46:15'),
(469, 63, '2018-06-28 17:23:54'),
(469, 68, '2018-06-25 14:47:20'),
(469, 71, '2018-06-25 14:38:34'),
(469, 86, '2018-06-25 14:42:17'),
(469, 87, '2018-06-25 14:43:24'),
(469, 97, '2018-06-25 14:46:38'),
(469, 98, '2018-06-25 14:47:02'),
(471, 17, '2018-06-25 21:49:32'),
(471, 28, '2018-06-25 21:50:06'),
(471, 32, '2018-06-25 22:43:57'),
(471, 40, '2018-06-25 21:56:18'),
(471, 47, '2018-06-25 22:12:42'),
(471, 52, '2018-06-27 23:59:12'),
(471, 55, '2018-06-25 21:52:40'),
(471, 59, '2018-06-25 22:14:58'),
(471, 64, '2018-06-25 21:53:16'),
(471, 76, '2018-06-25 21:49:30'),
(471, 85, '2018-06-25 21:50:38'),
(471, 95, '2018-06-25 22:14:41'),
(471, 98, '2018-06-29 12:49:00'),
(473, 26, '2018-06-26 13:52:45'),
(473, 44, '2018-06-26 13:59:56'),
(473, 63, '2018-06-26 14:02:14'),
(473, 82, '2018-06-26 13:55:56'),
(473, 97, '2018-06-26 14:01:46'),
(474, 16, '2018-06-26 01:31:43'),
(474, 39, '2018-06-26 01:34:13'),
(474, 53, '2018-06-26 01:37:47'),
(474, 59, '2018-06-26 01:40:20'),
(474, 63, '2018-06-26 01:43:19'),
(474, 85, '2018-06-26 01:33:26'),
(474, 90, '2018-06-26 01:36:19'),
(475, 40, '2018-06-25 21:18:25'),
(475, 58, '2018-06-25 21:21:38'),
(475, 70, '2018-06-25 16:16:39'),
(475, 77, '2018-06-25 16:16:54'),
(475, 97, '2018-06-25 21:22:54'),
(475, 98, '2018-06-25 21:23:25'),
(475, 102, '2018-06-25 16:16:30'),
(476, 16, '2018-06-26 01:31:41'),
(476, 39, '2018-06-26 01:34:14'),
(476, 53, '2018-06-26 01:37:47'),
(476, 59, '2018-06-26 01:40:20'),
(476, 63, '2018-06-26 01:42:49'),
(476, 85, '2018-06-26 01:33:18'),
(476, 90, '2018-06-26 01:36:07'),
(477, 7, '2018-06-25 15:12:14'),
(477, 11, '2018-06-25 15:13:50'),
(477, 29, '2018-06-25 15:35:50'),
(477, 41, '2018-06-25 15:36:50'),
(477, 45, '2018-06-25 15:37:05'),
(477, 50, '2018-06-25 15:21:35'),
(477, 55, '2018-06-25 15:20:34'),
(477, 57, '2018-06-25 15:37:49'),
(477, 61, '2018-06-25 15:32:07'),
(477, 85, '2018-06-27 14:55:50'),
(477, 91, '2018-06-25 15:37:27'),
(477, 102, '2018-06-25 15:19:15'),
(478, 6, '2018-06-25 15:14:59'),
(478, 40, '2018-06-25 15:22:36'),
(478, 46, '2018-06-25 15:27:28'),
(478, 53, '2018-06-25 15:28:00'),
(478, 97, '2018-06-25 15:31:22'),
(478, 98, '2018-06-25 15:41:32'),
(478, 100, '2018-06-25 15:49:40'),
(479, 70, '2018-06-26 13:09:57');
INSERT INTO `participantes_has_atividades` (`idpessoa`, `idatividade`, `inscricao`) VALUES
(480, 12, '2018-06-25 18:37:17'),
(480, 40, '2018-06-25 18:29:41'),
(480, 41, '2018-06-25 18:36:32'),
(480, 85, '2018-06-25 18:29:03'),
(480, 96, '2018-06-25 18:35:12'),
(481, 1, '2018-06-28 19:28:06'),
(481, 68, '2018-06-26 14:06:30'),
(481, 82, '2018-06-26 14:04:37'),
(483, 5, '2018-06-25 15:58:41'),
(483, 10, '2018-06-25 15:58:22'),
(483, 34, '2018-06-25 16:05:05'),
(485, 32, '2018-06-25 16:03:55'),
(485, 37, '2018-06-25 16:04:48'),
(485, 85, '2018-06-25 16:04:22'),
(485, 97, '2018-06-25 16:10:14'),
(486, 7, '2018-06-25 16:37:11'),
(486, 11, '2018-06-25 16:37:50'),
(486, 16, '2018-06-25 16:48:48'),
(486, 29, '2018-06-25 16:42:58'),
(486, 32, '2018-06-25 16:42:09'),
(486, 39, '2018-06-25 16:42:36'),
(486, 41, '2018-06-25 16:44:20'),
(486, 44, '2018-06-25 16:45:44'),
(486, 53, '2018-06-25 16:51:13'),
(486, 64, '2018-06-25 17:06:52'),
(486, 68, '2018-06-25 17:14:32'),
(486, 71, '2018-06-25 16:36:26'),
(486, 92, '2018-06-25 16:52:18'),
(486, 94, '2018-06-25 17:13:08'),
(487, 7, '2018-06-25 16:47:08'),
(487, 11, '2018-06-25 16:47:22'),
(487, 16, '2018-06-25 16:48:23'),
(487, 29, '2018-06-25 16:48:57'),
(487, 32, '2018-06-25 16:49:16'),
(487, 39, '2018-06-25 16:50:07'),
(487, 44, '2018-06-25 16:51:01'),
(487, 53, '2018-06-25 16:51:17'),
(487, 64, '2018-06-25 16:54:02'),
(487, 71, '2018-06-25 16:46:47'),
(487, 92, '2018-06-25 16:52:36'),
(489, 36, '2018-06-25 16:37:03'),
(489, 85, '2018-06-27 15:19:53'),
(490, 21, '2018-06-25 23:30:50'),
(490, 36, '2018-06-26 11:19:32'),
(490, 46, '2018-06-26 11:21:24'),
(490, 52, '2018-06-26 11:21:55'),
(490, 53, '2018-06-26 11:22:17'),
(490, 54, '2018-06-26 11:26:43'),
(490, 56, '2018-06-26 11:24:47'),
(490, 64, '2018-06-26 11:26:05'),
(490, 66, '2018-06-26 11:24:19'),
(490, 69, '2018-06-25 16:35:03'),
(490, 85, '2018-06-26 11:18:52'),
(490, 97, '2018-06-26 11:28:07'),
(490, 98, '2018-06-26 11:26:55'),
(491, 18, '2018-06-25 16:26:34'),
(491, 21, '2018-06-25 16:30:22'),
(491, 33, '2018-06-25 16:34:14'),
(491, 64, '2018-06-25 16:34:40'),
(491, 67, '2018-06-29 14:06:39'),
(491, 85, '2018-06-25 16:30:55'),
(491, 98, '2018-06-25 16:35:13'),
(492, 32, '2018-06-26 21:40:15'),
(492, 40, '2018-06-26 21:41:40'),
(492, 41, '2018-06-26 21:41:55'),
(492, 43, '2018-06-26 21:42:12'),
(492, 45, '2018-06-26 21:45:28'),
(492, 53, '2018-06-27 01:11:05'),
(492, 61, '2018-06-26 21:47:49'),
(492, 82, '2018-06-26 21:39:12'),
(492, 92, '2018-06-26 21:43:28'),
(492, 93, '2018-06-26 21:48:03'),
(492, 97, '2018-06-26 21:46:51'),
(493, 36, '2018-06-25 17:05:58'),
(493, 85, '2018-06-27 15:14:18'),
(494, 2, '2018-06-25 19:01:01'),
(494, 9, '2018-06-25 19:04:54'),
(494, 26, '2018-06-25 19:04:41'),
(494, 44, '2018-06-25 19:10:11'),
(494, 53, '2018-06-26 21:11:19'),
(494, 56, '2018-06-28 16:37:40'),
(494, 71, '2018-06-25 19:01:18'),
(494, 87, '2018-06-25 19:08:26'),
(497, 10, '2018-06-25 17:39:30'),
(497, 11, '2018-06-25 17:42:45'),
(497, 27, '2018-06-25 17:43:01'),
(497, 34, '2018-06-28 19:08:04'),
(497, 39, '2018-06-25 17:45:57'),
(497, 92, '2018-06-28 17:17:17'),
(497, 95, '2018-06-25 17:49:10'),
(499, 4, '2018-06-25 18:43:13'),
(499, 6, '2018-06-25 17:54:49'),
(499, 18, '2018-06-26 16:14:28'),
(499, 33, '2018-06-29 14:04:18'),
(499, 36, '2018-06-25 18:01:02'),
(499, 37, '2018-06-25 17:59:59'),
(499, 54, '2018-06-25 18:12:44'),
(499, 55, '2018-06-28 19:07:03'),
(499, 56, '2018-06-28 21:00:15'),
(499, 66, '2018-06-28 17:46:54'),
(499, 92, '2018-06-28 18:59:30'),
(499, 102, '2018-06-25 19:03:23'),
(500, 6, '2018-06-25 17:55:10'),
(500, 18, '2018-06-25 17:55:48'),
(500, 37, '2018-06-25 17:59:11'),
(500, 53, '2018-06-25 18:16:05'),
(500, 54, '2018-06-25 18:15:01'),
(500, 56, '2018-06-25 18:17:11'),
(500, 66, '2018-06-25 18:16:35'),
(501, 39, '2018-06-27 17:57:10'),
(502, 10, '2018-06-25 18:16:49'),
(502, 11, '2018-06-25 18:17:53'),
(502, 27, '2018-06-25 18:18:36'),
(502, 40, '2018-06-26 17:02:22'),
(502, 41, '2018-06-25 18:22:36'),
(502, 43, '2018-06-26 17:04:15'),
(502, 45, '2018-06-26 17:04:49'),
(502, 57, '2018-06-26 17:09:12'),
(502, 85, '2018-06-25 18:21:57'),
(502, 92, '2018-06-25 18:25:04'),
(502, 98, '2018-06-25 18:26:27'),
(502, 102, '2018-06-26 01:28:44'),
(504, 4, '2018-06-25 18:58:00'),
(504, 18, '2018-06-25 19:09:50'),
(504, 24, '2018-06-26 18:38:19'),
(504, 32, '2018-06-26 20:59:54'),
(504, 48, '2018-06-26 20:42:20'),
(504, 53, '2018-06-25 19:16:58'),
(504, 56, '2018-06-25 19:15:47'),
(504, 66, '2018-06-25 19:15:40'),
(504, 71, '2018-06-25 18:49:27'),
(504, 77, '2018-06-25 19:42:04'),
(504, 98, '2018-06-25 19:26:32'),
(504, 100, '2018-06-26 12:13:23'),
(505, 63, '2018-06-29 16:19:16'),
(505, 98, '2018-06-29 19:00:06'),
(507, 7, '2018-06-25 21:04:24'),
(507, 39, '2018-06-25 21:15:33'),
(507, 65, '2018-06-29 14:58:52'),
(507, 92, '2018-06-25 21:19:18'),
(507, 98, '2018-06-29 18:41:30'),
(507, 100, '2018-06-25 21:13:10'),
(508, 34, '2018-06-28 13:34:21'),
(508, 46, '2018-06-28 13:56:50'),
(508, 53, '2018-06-28 13:33:33'),
(509, 32, '2018-06-27 10:48:29'),
(509, 37, '2018-06-27 10:49:12'),
(509, 46, '2018-06-27 10:50:48'),
(509, 52, '2018-06-28 14:18:00'),
(509, 54, '2018-06-27 10:53:52'),
(509, 64, '2018-06-27 10:54:03'),
(509, 66, '2018-06-27 10:52:21'),
(509, 97, '2018-06-27 17:16:02'),
(509, 98, '2018-06-29 18:59:09'),
(511, 34, '2018-06-25 19:24:20'),
(511, 39, '2018-06-25 19:33:33'),
(511, 52, '2018-06-25 19:23:32'),
(511, 59, '2018-06-25 19:26:36'),
(511, 63, '2018-06-29 14:41:35'),
(511, 76, '2018-06-25 19:12:21'),
(511, 85, '2018-06-25 19:17:28'),
(511, 90, '2018-06-26 13:45:04'),
(511, 95, '2018-06-25 19:26:04'),
(511, 97, '2018-06-25 19:27:33'),
(511, 98, '2018-06-25 19:28:34'),
(516, 8, '2018-06-26 01:24:04'),
(516, 27, '2018-06-25 20:46:21'),
(516, 31, '2018-06-26 01:25:08'),
(516, 32, '2018-06-25 20:47:14'),
(516, 42, '2018-06-25 20:50:12'),
(516, 61, '2018-06-26 01:27:44'),
(516, 82, '2018-06-25 20:56:38'),
(516, 88, '2018-06-25 20:56:44'),
(516, 91, '2018-06-25 20:48:33'),
(516, 102, '2018-06-26 01:23:28'),
(517, 53, '2018-06-26 14:11:35'),
(517, 65, '2018-06-29 11:32:12'),
(517, 95, '2018-06-26 14:11:49'),
(518, 20, '2018-06-25 21:07:00'),
(518, 25, '2018-06-25 21:05:32'),
(518, 26, '2018-06-25 21:06:25'),
(518, 53, '2018-06-28 09:53:27'),
(518, 55, '2018-06-25 21:09:49'),
(518, 62, '2018-06-25 21:10:55'),
(518, 63, '2018-06-25 21:11:06'),
(518, 68, '2018-06-25 21:11:37'),
(518, 93, '2018-06-25 21:10:33'),
(519, 5, '2018-06-25 22:38:17'),
(519, 24, '2018-06-25 22:32:26'),
(519, 68, '2018-06-25 23:12:34'),
(519, 87, '2018-06-25 22:53:06'),
(520, 14, '2018-06-26 01:51:29'),
(520, 27, '2018-06-26 01:57:37'),
(520, 39, '2018-06-26 01:55:48'),
(520, 46, '2018-06-26 02:00:00'),
(520, 52, '2018-06-26 02:01:16'),
(520, 53, '2018-06-26 02:01:21'),
(520, 58, '2018-06-26 02:02:32'),
(520, 77, '2018-06-26 02:20:12'),
(520, 85, '2018-06-26 01:55:30'),
(520, 102, '2018-06-26 01:53:59'),
(522, 54, '2018-06-25 22:38:37'),
(522, 85, '2018-06-25 22:36:08'),
(523, 5, '2018-06-25 23:09:31'),
(523, 9, '2018-06-25 23:21:43'),
(523, 19, '2018-06-25 23:14:26'),
(523, 82, '2018-06-25 23:15:35'),
(526, 82, '2018-06-25 23:17:51'),
(527, 18, '2018-06-26 12:58:40'),
(528, 16, '2018-06-26 14:27:26'),
(529, 34, '2018-06-28 06:48:01'),
(529, 40, '2018-06-27 08:31:23'),
(529, 98, '2018-06-29 13:03:03'),
(533, 53, '2018-06-28 16:40:42'),
(533, 56, '2018-06-28 17:23:23');

-- --------------------------------------------------------

--
-- Estrutura para tabela `pessoas`
--

CREATE TABLE `pessoas` (
  `idpessoa` int(11) NOT NULL,
  `nome` varchar(100) COLLATE utf8_unicode_ci NOT NULL,
  `email` varchar(100) COLLATE utf8_unicode_ci NOT NULL
) ENGINE=InnoDB DEFAULT CHARSET=utf8 COLLATE=utf8_unicode_ci;

--
-- Fazendo dump de dados para tabela `pessoas`
--

INSERT INTO `pessoas` (`idpessoa`, `nome`, `email`) VALUES
(1, 'GUSTAVO BITTENCOURT SATHELER', 'gustavosatheler@gmail.com'),
(2, 'MICHAEL LUIS DE NAZARÉ MARTINS', 'martins.m09@hotmail.com'),
(3, 'RODRIGO DE OLIVEIRA BARBOSA', 'roliveira.loki@gmail.com'),
(4, 'MARCELO RIBEIRO DE SOUZA', 'souzamarcelo@outlook.com'),
(5, 'ENRIQUE LEAL DA SILVA', 'enrique.leal.94@hotmail.com'),
(6, 'ANDREY CARVALHO NUNES', 'andreycnunes@hotmail.com'),
(7, 'GIOVANA CARDOSO PETROCELLI', 'giovanapetrocelli@yahoo.com.br'),
(8, 'CAROLINA ESCARRONE DE LIMA', 'cescarrone@gmail.com'),
(9, 'ANDRESSA TONIN DURLO', 'andressa.durlo@hotmail.com'),
(10, 'THAIARA ACOSTA FURTADO', 'thaiarafurtado17@gmail.com'),
(11, 'KAMILA HARUKA TSUBOUCHI', 'haruka_tsubouchi@hotmail.com'),
(12, 'LUÍZA DOTTA SCARRONE', 'ldscarrone@gmail.com'),
(13, 'GIANLUCA ARNOLD BORGES', 'gianluca.99@hotmail.com'),
(14, 'SHERLON ALMEIDA DA SILVA', 'sherlonalmeidadasilva@gmail.com'),
(15, 'MAICON VENES PEREIRA', 'mvenes@gmail.com'),
(16, 'RAFAELLA MOLINA FERNANDES', 'rafaellamolina01@gma.com'),
(17, 'FÁBIO DUARTE DA FONSECA', 'duartinho01@hotmail.com'),
(19, 'RICHARD GONÇALVES CORNELIUS', 'richardgc98@gmail.com'),
(20, 'JOÃO PEDRO SARASOL NEUFELD', 'joaopedroneufeld@hotmail.com'),
(21, 'VICTOR ISRAEL ANCHIETA DE MEDEIROS', 'victorisrael@alunos.unipampa.edu.br'),
(22, 'LUCAS DA SILVA CORRÊA', 'eslucascorrea@gmail.com'),
(23, 'KELWIN DE OLIVEIRA SILVEIRA', 'kelwinoliveira22@gmail.com'),
(24, 'AMANDA TRONCO LENCINA', 'mandintronco@gmail.com'),
(25, 'VINÍCIO BORDIGNON', 'viniciojbordignon@gmail.com'),
(26, 'ELONE IZATA GONÇALVES SAMPAIO ', 'elonesampaio@gmail.com'),
(28, 'ÍCARO MACHADO CRESPO', 'icarocrespo@gmail.com'),
(29, 'WUESLEY NOGUEIRA PAZ', 'wuesleynpaz@hotmail.com'),
(30, 'MARIANE SATSUKI MONOMI KIYOTANI', 'marikiyotani@gmail.com'),
(31, 'CLÁUDIO ERNANI DA COSTA PEDROSO JÚNIOR', 'claudio.junior.nirvana@gmail.com'),
(32, 'LUCAS RODRIGUES', 'lucasrdr17@gmail.com'),
(33, 'CAROLINE MARFILSON VARGAS', 'carolvargas461@gmail.com'),
(36, 'HENRIQUE FINATTO ', 'finatto.henrique@gmail.com'),
(37, 'LUIZA SAYDELLES DE MORAES', 'saydellesluiza@gmail.com'),
(38, 'MARCELLA WRASSE TEMP', 'marcellawt.temp@hotmail.com'),
(40, 'MARIANA JARDIM LORENZONI', 'maari_lorenzoni@hotmail.com'),
(41, 'GUILHERME DURIGON COCCO', 'guidcocco@gmail.com'),
(42, 'CHARLES SEVERO CENCI', 'charles.cenci97@hotmail.com'),
(43, 'JOÃO PEDRO MAGALHÃES FERNANDES ', 'joaopedro_m_fernandes@hotmail.com'),
(44, 'LUIZELE SOARES PEDROSO ', 'luizele7@gmail.com'),
(45, 'JONATHAN DUARTE OLIVEIRA', 'jonathanduarteoliveira@hotmail.com'),
(46, 'PEDRO HENRIQUE NIZER RAHMEIER', 'pnizerp@gmail.com'),
(47, 'RUBENS SILVEIRA MEICHTRY', 'rubens_meichtry@hotmail.com'),
(48, 'GABRIEL DENARDIN BRAZEIRO', 'gadebrazbo@hotmail.com'),
(49, 'WESLEY FERREIRA DE FERREIRA', 'wferreira531@gmail.com'),
(50, 'ANDRÉ MELO SFALCIN', 'andremelo.s@hotmail.com'),
(51, 'LEONARDO WILLIAN BARBOSA PINTO', 'leoo.willian@gmail.com'),
(52, 'LEONARDO RAMIRES VARGAS', 'leonardo.vargas29@gmail.com'),
(53, 'LEONARDO MIRANDA DE QUADROS', 'leonardo1909.lm@gmail.com'),
(54, 'ADRIEL RODRIGUES', 'adriel.rodrigues07@hotmail.com'),
(55, 'JOSÉ AUGUSTO SOMAVILLA', 'somavillaguto@gmail.com'),
(56, 'EMANUEL KROMBAUER ', 'emanuel_krombauer@hotmail.com'),
(57, 'CHRISTOPHER KROMBAUER', 'chris_krombauer@hotmail.com'),
(58, 'ANDRESSA RODRIGUES CUNHA', 'andressarodriguesc1@gmail.com'),
(59, 'CLARISSE GIORDANO SALDANHA', 'c_saldanha@live.com'),
(60, 'SHEILISE PEDROSO VICENTE', 'sheilise.vicente@gmail.com'),
(61, 'GUANE BANDEIRA MOREIRA', 'guane_bandeira@hotmail.com'),
(62, 'POLIANA NAISSINGER HARTMANN', 'hartmann.poliana@gmail.com'),
(63, 'ADRIEL HERTER SEFFRIN', 'adriel.herter@gmail.com'),
(64, 'GABRIELA ZEMOLIN RIGHI', 'gabriela-righi@hotmail.com'),
(65, 'ANDRIEL PAZ REIS', 'andrielreis@hotmail.com'),
(67, 'GIOVANA CEOLIN', 'giovana_ceolin@hotmail.com'),
(68, 'RENATA BECHE', 'renatabeche@hotmail.com'),
(69, 'JOAO MARIA PETRUY', 'petruy8@hotmail.com'),
(70, 'THALITA MARIA VIEIRA SILVA', 'tha.vieira@hotmail.com'),
(71, 'BRUNO ROBERTO LAUXEN VOGEL', 'brunorlvogel@gmail.com'),
(72, 'LEONARDO LEONEL', 'thenoxis@hotmail.com'),
(73, 'MARCELO DA COSTA BORDINHÃO', 'marcelobordinhao1903@gmail.com'),
(74, 'SANDRO MATHEUS VILA NOVA MARQUES', 'sandro-matheus@hotmail.com'),
(75, 'NATALIA FERRÃO DA SILVA', 'ferraonatalia123@gmail.com'),
(76, 'AUGUSTO BARBOSA SIQUEIRA', 'augusyo.lobo@outlook.com'),
(77, 'RODRIGO BELLO SILVEIRA ', 'rodrigobellosilveira@hotmail.com'),
(78, 'STEFANO TAYNÃ DA SILVA ALVES ', 'stefanoalves1@hotmail.com'),
(79, 'WILLIAM FONTANELA SOUTO', 'williamfos@hotmail.com'),
(80, 'EDUARDA LAZZERI KOTTWITZ', 'dudakott@gmail.com'),
(82, 'MATHEUS OLIVEIRA MOMOLLI', 'mm.oliveira1993@gmail.com'),
(83, 'GUILHERME LICIO BARSANTI', 'guilherme_licio@hotmail.com'),
(84, 'INGRID ANGELO VIDIGAL', 'ingridvidiga@gmail.com'),
(85, 'ARIELLY RODRIGUES', 'ariellyrodrigues22@gmail.com'),
(87, 'MATHEUS MACHADO COSTA', 'matheus_machado26@hotmail.com'),
(88, 'NAIÉLE MEDEIROS FRESCURA ', 'naia.naia.mf2@gmail.com'),
(89, 'LEONARDO GUIMARAES FAGUNDES', 'leonardoguimaraesfagundes@gmail.com'),
(90, 'LUAN PEREIRA VARGAS', 'luancenation@hotmail.com'),
(92, 'GECILDA MARIA BASTOS DO NASCIMENTO', 'cildabastos@gmail.com'),
(93, 'HENRIQUE SILVEIRA EICHKOFF', 'henriquekoff@gmail.com'),
(94, 'DÉBORA TAIS NEVES BARROS ', 'deboradtnb@gmail.com'),
(95, 'LUANA COSTA E DIAS', 'luly_witch@hotmail.com'),
(96, 'LUIZ GUILHERME FRITSCH', 'fritsch.guilherm3@gmail.com'),
(97, 'LUIS FERNANDO CAMPONOGARA', 'lfcamponogara@gmail.com'),
(98, 'ANA PAULA PADILHA NOWACZYKI', 'padilhaanapaula97@gmail.com'),
(99, 'TESTE APP', 'testesactaunipampa@hotmail.com'),
(100, 'LUCCA GABRIEL VENTURA DUARTE', 'luccaventura1@gmail.com'),
(101, 'OTÁVIO MARTINY PEREIRA TOLEDO', 'otavio.ppa@gmail.com'),
(102, 'JULIA PARADZINSKI DE OLIVEIRA', 'juliaparadzinski18@gmail.com'),
(103, 'JAÍNE REUSE', 'jainereuse@hotmail.com'),
(104, 'IGOR LORENZONI MAUS', 'igorlmaus@gmail.com'),
(105, 'LUAN MIGUEL ARRUDA', 'luanmiguelarruda@gmail.com'),
(106, 'LARISSA PRADO FERNANDES', 'larissapradofernandes@gmail.com'),
(107, 'RAFAEL FUMACO TAMBARA', 'rafaelftambara@gmail.com'),
(108, 'GABRIELE FACCIN DAPIEVE', 'gabrieledapieve@gmail.com'),
(111, 'MARTINA RODRIGUES', 'mtinarodrigues99@gmail.com'),
(112, 'GUILHERME LENA SQUIZANI', 'guilherme.lena@hotmail.com'),
(113, 'DIEGO RIBEIRO BELLEZA', 'diegobelleza@gmail.com'),
(114, 'CARINE ROSA', 'carinerosaq@gmail.com'),
(115, 'BRUNA LETÍCIA ESCALANT ROOS', 'bruna.roos99@gmail.com'),
(116, 'ALEX ERTMANN DALOSTO', 'ertmanndalosto@hotmail.com'),
(117, 'GABRIELA ELISA DUARTE ALVES', 'gabrieladuartealves@gmail.com'),
(118, 'ISADORA VALADARES CASTELO BRANCO', 'isacastelob@hotmail.com'),
(119, 'JACSON SOARES OLIVEIRA ', 'jacson020@gmail.com'),
(120, 'KAROLINE ALENDE SOARES', 'karolineasoares@gmail.com'),
(121, 'RODOLFO PILAR LONDERO', 'rodolfopl@gmail.com'),
(122, 'JOE LENNON FERREIRA SOARES', 'joelennonfs@gmail.com'),
(123, 'AMANDA COSTA MAIA', 'amanda_maia15@hotmail.com'),
(124, 'ÉRIQUE ALMEIDA CONCE MACIEL', 'eriquealmeida35@gmail.com'),
(125, 'MARIA EDUARDA FANTIN DACHERI', 'meduarda_dacheri@hotmail.com'),
(126, 'FABIANO GARCIA OLIVEIRA', 'fabianogarciaoliveira93@gmail.com'),
(127, 'MAGNO COSTA MAIA', 'magnocostamaia@gmail.com'),
(128, 'RAFAEL ERTMANN DALOSTO', 'rafaeldalosto@bol.com.br'),
(129, 'GUSTAVO VARGAS CARVALHO', 'gustavovargasc22@gmail.com'),
(130, 'BIBIANA FRASSON ETCHEVERRY', 'bi_frasson@hotmail.com'),
(131, 'ESTÉFANO MAGALHÃES LOIOLA ', 'estefanoloiola@gmail.com'),
(133, 'ANA LETÍCIA BRUN', 'annalettibrun@gmail.com'),
(134, 'LEONARDO ACOSTA RODRIGUES', 'leonardoactrodrigues@gmail.com'),
(135, 'RAFAELA RIBAS WEBER ', 'rafaelaweber2011@gmail.com'),
(136, 'FELIPE PEREIRA LAMAIZON', 'felipelamaizon@gmail.com'),
(137, 'RAFAEL FRAGOSO FERNANDES', 'fradesrafael@gmail.com'),
(138, 'CAROLLINY SILVEIRA DE ALMEIDA', 'carol24almeida@gmail.com'),
(139, 'ALINE TOLEDO', 'aline.toledo29@gmail.com'),
(140, 'GUILHERME ROCHA DA SILVEIRA', 'guilherme230496@gmail.com'),
(141, 'VICTOR DUARTE TRINDADE', 'axelltwd@gmail.com'),
(142, 'IURY SALVADOR MACHADO', 'iurysmachado@outlook.com'),
(143, 'GABRIEL BECON DE VARGAS', 'gabrielbeconv@gmail.com'),
(144, 'JOÃO RAFAEL', 'jrd.enderle@hotmail.com'),
(145, 'CARLOS EDUARDO KELLER BERTOLO', 'dudubertolo@live.com'),
(146, 'FILIPE RIBEIRO DE ALMEIDA', 'rdealmeidafilipe@gmail.com'),
(147, 'LEANDRO COUTINHO CESÁRIO JÚNIOR', 'leandrocoutinho1999@yahoo.com'),
(148, 'LUCAS DA COSTA GÓEZ DE OLIVEIRA', 'goez778@gmail.com'),
(149, 'MELISSA BILHER RODRIGUES DA SILVA', 'mbilherr@gmail.com'),
(150, 'ARTUR HENRIQUE RODRIGUES ', 'artur.ar.10@gmail.com'),
(151, 'ANDRESSA SAUZEM ROCHA', 'sauzem25@gmail.com'),
(152, 'SÉRGIO ROSSI BRITO DÁ SILVA', 'sr_b_s@hotmail.com'),
(153, 'HEZRY DOS SANTOS GOMES', 'hezrygomes@gmail.com'),
(154, 'FELIPE ANTUNES QUIRINO', 'felipeantunesquirino@gmail.com'),
(155, 'GUILHERME NERI BUSTAMANTE SÁ', 'guinbsa@gmail.com'),
(156, 'DANIELA MAIA BUENO', 'daanielambueno@gmail.com'),
(157, 'FRANCISCO GERMANO VOGT', 'franciscogermanovogt@gmail.com'),
(158, 'ELIZA MICAELA SEGABINAZZI', 'eliza_mica@hotmail.com'),
(160, 'FRANCISCO GERMANO VOGT', 'giminhagermano92@gmail.com'),
(161, 'TAILIZE CORDEIRO DE OLIVEIRA', 'tailizedeoliveira@hotmail.com'),
(162, 'ROBERTA CARVALHO MARQUES', 'robpetrova@gmail.com'),
(163, 'JÚLIO CÉSAR CASTELHANO DOS SANTOS', 'julioccastelhano@gmail.com'),
(164, 'JULIANNE GREFF MACHADO', 'julianne.greff@icloud.com'),
(165, 'CIBELI BEATRIZ SCHERER', 'cibibeatriz@gmail.com'),
(166, 'IGOR MATHEUS LEAL RODRIGUES', 'igorml.rodrigues@gmail.com'),
(167, 'ISADORA CAMARGO GÓSS', 'isa_goss@hotmail.com'),
(168, 'MATEUS CAMARGO FRANCO ', 'mateuscfranco1998@gmail.com'),
(170, 'MARCELO ROMANSSINI', 'marcelorman03@gmail.com'),
(171, 'VICTOR BRUCK DOS SANTOS', 'victorbruck9@hotmail.com'),
(172, 'FERNANDA LAGRECA BITENCOURT', 'fernanda.lagrecab@gmail.com'),
(174, 'MYLENA BARCELLOS DA SILVA ', 'mylenabsilva@gmail.com'),
(175, 'DOUGLAS COSTA DA COSTA', 'douglascc11@hotmail.com'),
(176, 'FILLEY HOFFMANN JAQUES', 'filleyjaques@gmail.com'),
(178, 'GABRIELLA FERREIRA PEREIRA CANTES ', 'gabriellapereiracantes@gmail.com'),
(179, 'GABRIEL RODRIGUES ALBUQUERQUE', 'gabrielalbuquerque0007@gmail.com'),
(180, 'ERIELE QUADROS DA ROSA', 'erieleq@gmail.com'),
(181, 'GABRIELLY PRISCILA DOS SANTOS QUIRINO ', 'gab_priscilasantos@outlook.com'),
(182, 'DAVID JORDÃO MESQUITA BELLINI DOS SANTOS', 'davidjordao_@hotmail.com'),
(184, 'VICTOR MATHEUS LIMA', 'victormlima21@outlook.com'),
(185, 'GIULLIANA RODRIGUES TESCHE', 'giullianatesche@gmail.com'),
(186, 'HENRIQUE TAKESHI COTINDA', 'henriquecotinda@gmail.com'),
(187, 'GABRIEL CORRÊA MACEDO', 'gabriel_macedo10@hotmail.com'),
(188, 'ALINE MOREIRA BRANDOLFF', 'brandolffaline@gmail.com'),
(189, 'LUIZA VITÓRIA ARGENTA BORTOLOTTO ', 'tizbortosp@outlook.com'),
(190, 'FERNANDO DA SILVA SEVERO', 'fernando_severos@hotmail.com.br'),
(191, 'ANISEH MAHMUD AHMAD', 'anisehbelal@gmail.com'),
(192, 'PABLO GEORGE DA SILVA FREITAS', 'pablo.george4@gmail.com'),
(194, 'JOÃO CARLOS BEDINOTO DE MENEZES JUNIOR', 'junior.bedinoto@gmail.com'),
(195, 'ÉRICA GONÇALVES DE VARGAS', 'erica-devargas@hotmail.com'),
(196, 'ISADORA GARCIA FERRÃO', 'isadora-gf@hotmail.com'),
(197, 'ARIEL GÓES DE CASTRO', 'arielgoescastro@live.com'),
(198, 'LEONARDO CARPES DOS SANTOS', 'leonardoporkinho@hotmail.com'),
(199, 'GABRIELI PINARELLO PIZZOLATO', 'gabipp01@gmail.com'),
(200, 'SHAIANNE VELOSO RIBEIRO ', 'shairibeirols@gmail.com'),
(201, 'RAUL PEDROTTI DE OLIVEIRA ', 'raulpedrottio@gmail.com'),
(202, 'MAYARA APARECIDA PANOSSO', 'mayara.panosso@gmail.com'),
(203, 'RAUL LESSA', 'raul.elloco11@gmail.com'),
(204, 'NIZAR ALAWI ABUALI', 'nizarabuali16@gmail.com'),
(205, 'PEDRO SANTANA PEÇANHA NOGUEIRA', 'pedrosantana_nogueira@hotmail.com'),
(206, 'LUCAS TITO VIEIRA', 'lucastitov@hotmail.com'),
(207, 'JOSÉ MARCELO MORIMÃ LIMA RODRIGUES', 'jose_lima96@hotmail.com'),
(208, 'QUELEN VANUZA DE FREITAS DAMASCENO', 'damasceno.keli99@gmail.com'),
(211, 'FÁBIO KASPARY SCHONS', 'fabioschons@hotmail.com'),
(213, 'VICTOR AUGUSTO VIEIRA PINTO', 'victor.amec@gmail.com'),
(214, 'RICARDO BRAUN SCHNEIDERS', 'ricardobraun96@gmail.com'),
(215, 'MURILO ORIBES DIAS', 'murilooribesdias1998@gmail.com'),
(216, 'RENAN RODRIGUES MARCHEZAN', 'renan.marchezan@gmail.com'),
(217, 'BRUNO DA SILVA ROCHA', 'rocha.bruno461@gmail.com'),
(218, 'FERNANDA FERRARI', 'ferrariafernanda@gmail.com'),
(219, 'GABRIEL PARDINHO PAULENA', 'ppsgabriel@hotmail.com'),
(220, 'LUCCAS DOS SANTOS COUTINHO', 'luccas.coutinho@yahoo.com.br'),
(221, 'BRUNA MACHADO', 'brunaengenharia14@gmail.com'),
(223, 'EDUARDA GOMES PERES', 'peres.duda@gmail.com'),
(224, 'FELIPE LOPES ROBAINA', 'felipelopesrobaina@gmail.com'),
(225, 'JOÃO VICTOR BORTOLUZZI DA SILVA ', 'jvbortoluzzi@gmail.com'),
(226, 'MATHEUS BAIRROS SOARES CARVALHO', 'matheusbsc99@hotmail.com'),
(227, 'BÁRBARA PRETTO BIASI', 'barbarapbiasi@hotmail.com'),
(228, 'LUIZA PONCHE PACHECO', 'luleponche@hotmail.com'),
(229, 'ANDREISSON MARQUES DE SOUSA CARVALHO ROCHA', 'marquesandreisson@gmail.com'),
(230, 'IDERLI PEREIRA DE SOUZA FILHO', 'iderlisouzaf@gmail.com'),
(231, 'RODRIGO BISSO MACHADO', 'rodrigobissomachado@gmail.com'),
(232, 'JHENIFFER STEFANY DE QUEIROZ SILVA', 'jhe_200@hotmail.com'),
(233, 'AMIR KHATIB', 'amirkhatib3@gmail.com'),
(234, 'EDUARDA GONÇALVES FERREIRA PUENTE', 'ferreiradubal0510@gmail.com'),
(235, 'UESLEI RODRIGUES', 'uesleirodrigues311@gmail.com'),
(236, 'LUCAS DALLAGO', 'ldallago@hotmail.com'),
(237, 'JOÃO FRANCISCO MOREIRA DELLAVECHIA', 'joao@dellavechia.com.br'),
(238, 'LAURO GOMES DOS SANTOS NETO', 'laurogsneto1998@gmail.com'),
(240, 'BRUNA FONTANELA SOUTO', 'brunafontanellasouto@gmail.com'),
(241, 'THIAGO SANTOS BECK ', 'thiagobeckstgo@hotmail.com'),
(242, 'CAMILA NATALIA ANDRIONI', 'camila_andrioni@hotmail.com'),
(244, 'GABRIEL DE OLIVEIRA CAVALCANTE', 'go033165@gmail.com'),
(245, 'HENRIQUE ROGGIA MACHADO', 'henriqueroggia@gmail.com'),
(246, 'WELLINGTON LOPES DE FREITAS ', 'wellington.frts@gmail.com'),
(247, 'LUANA DENARDI', 'luhdenardi@gmail.com'),
(248, 'MICHELI ALVES SCALON', 'michi.a.scalon@gmail.com'),
(249, 'LUIS DAVID DE NAZARE MARTINS', 'luisdavidmartins@hotmail.com'),
(250, 'JIAN CARLOS SALBEGO RIOS', 'jiansalbego@hotmail.com'),
(251, 'MAURICIO DE SOUSA FERREIRA ', 'mauricio_s.f@live.com'),
(252, 'HERMES DE OLIVEIRA CAVALCANTE', 'hermes2000000000@gmail.com'),
(253, 'ANA LUIZA FREITAS GONÇALVES', 'analu.f.g@hotmail.com'),
(254, 'JUDSON HENRIQUE MOREIRA ALVARENGA ', 'judson.henrique01@gmail.com'),
(255, 'MATHEOS COLETTO WERMUTH', 'conetto197@gmail.com'),
(256, 'HEVERTON LUIZ RODRIGUES SALDANHA', 'hevertonhlrs@hotmail.com'),
(258, 'DOUGLAS LIMA MACHADO', 'douglaslimamachado@gmail.com'),
(259, 'EDUARDA AUGUSTA DO NASCIMENTO GARCEZ', 'eduardangarcez@gmail.com'),
(261, 'TALISSON GARCIA PASSOS', 'TGPITAQUI@GMAIL.COM'),
(262, 'PATRICK COUTINHO MARQUES ', 'patrickcmarques@outlook.com'),
(263, 'GABRIEL ANDRÉ HOFFMANN', 'gabrieuhoffmann@gmail.com'),
(264, 'CAROLINE BREMM', 'carolinebremm@yahoo.com.br'),
(265, 'WILLIAN OTAVIO SCHUMANN', 'willianschumann2@outlook.com'),
(266, 'SUELI ELISA KULLMANN', 'suelik2013@gmail.com'),
(267, 'QUERONLAI DOS SANTOS MACHADO', 'qezynha07@hotmail.com'),
(268, 'LUCAS MIGOTTO ALVES', 'lucasmigotto7@gmail.com'),
(269, 'QUELER RIBEIRO DOS SANTOS', 'queler.ribeiro@gmail.com'),
(270, 'EDUARDA CORRÊA PEREIRA', 'eduardacpereira@hotmail.com'),
(271, 'MARIA EDUARDA HITZ', 'dudinhahitz@hotmail.com'),
(272, 'MAURÍCIO DA SILVEIRA RUDEM MOMBACH', 'mauriciomombac@gmail.com'),
(273, 'MATHEUS OLIVEIRA GIULIANI', '97giuliani@gmail.com'),
(274, 'MATHEUS CASTRO NICOLAU DA SILVA', 'mathe1s.castro@gmail.com'),
(276, 'SOLANO PEREIRA QUINES', 'solanoquines@gmail.com'),
(277, 'ANTHONI SKAKUNOFF VARGAS', 'anthoniskakunoff@gmail.com'),
(278, 'JULIANO PASE NETO', 'juliano.pase@gmail.com'),
(279, 'SANDRO NASCIMENTO VIANA ', 'viana.sandro88@gmail.com'),
(280, 'LUÍS GUSTAVO PRILL', 'lgp.pxp@gmail.com'),
(281, 'THIAGO FERREIRA DUTRA ', 'Thigoris2@gmail.com'),
(282, 'LUIS PEDRO FROZ GONÇALVES', 'luispedrofg@gmail.com'),
(283, 'YURI BERTOLAE DA FONSECA', 'yuri.bertolae@gmail.com'),
(284, 'MARCELO BASTOS SOARES OLIVEIRA', 'marcelooliveirabastos@gmail.com'),
(285, 'FELIPE CARVALHO DE CAMPOS', 'lipecarvalhocampos@gmail.com'),
(287, 'EDUARDA HANS ', 'cabanhadoaparte@tca.com.br'),
(288, 'ERICK DUARTE AURELIO', 'erickd77arte@gmail.com'),
(289, 'SABRINA DOS SANTOS SANCHEZ', 'sassa123sanchez@gmail.com'),
(290, 'VICTÓRIA DA SILVA IRIZAGA', 'viviirizaga@gmail.com'),
(291, 'FELIPE HOMRICH MELCHIOR', 'fehmel@gmail.com'),
(292, 'LUIS FILIPE SIMON LUDUWIG', 'filipeluduwig06@gmail.com'),
(293, 'LUCAS ANTUNES DE ALMEIDA', 'lucasalmeida053@gmail.com'),
(295, 'RAFAEL DAS VIRGENS PEREIRA', 'rafaeldasvirgens2015@gmail.com'),
(296, 'GUILHERME CAMPOS CAMARGO', 'gcamargo.unipampa@gmail.com'),
(297, 'GREYCE DE MOURA MINHOS', 'greyceminhos@hotmail.com'),
(298, 'FELIX VIETTA FILHO', 'felixvietttafilho@gmail.com'),
(300, 'MUHAMMAD KAMAL AYED JUDEH', 'm.ju2310@gmail.com'),
(303, 'GUILHERME CARDOSO PINTO', 'guilhermec.pinto18@gmail.com'),
(304, 'JOÃO ALBERTO MACHIAVELLI', 'machiavelli.joao@gmail.com'),
(305, 'LUIZ FELIPE DE OLIVEIRA', 'luizfelipeqds@gmail.com'),
(306, 'MARINA FARIAS DOS SANTOS', 'marina-farias@hotmail.com'),
(307, 'EDUARDO ROGERIO BORGES', 'eduardo2008ssp@gmail.com'),
(308, 'LUIZA CALMIRA MOURA RAMOS MURUCI', 'luiza.calmira@gmail.com'),
(310, 'THELMO CHARÃO BORCHHARDT ', 'thelmoborchardt@gmail.com'),
(311, 'CARINE BRUM DURAB', 'carinebduran@gmail.com'),
(312, 'RHUAN GUSTAVO BELING', 'rhuanbeling@hotmail.com'),
(313, 'DENIS BORGES DE OLIVEIRA', 'denisborgeso@bol.com.br'),
(314, 'ANTONIO EDUARDO RIBEIRO DE JESUS', 'eduardo58ribeiro@gmail.com'),
(315, 'VINICIUS MATHEUS DOS SANTOS SILVA', 'viniciusmatheus.af@gmail.com'),
(316, 'JOÃO PEDRO TEIXEIRA CARRON', 'jp.carron@hotmail.com'),
(322, 'MAYARA DELONZEK TOLEDO DA SILVA', 'mayaradelonzek2@gmail.com'),
(323, 'CRISLEI IARTO JACQUES', 'crislei.jacques@hotmail.com'),
(324, 'CAROLINE LENZ', 'carol_lenz@hotmail.com'),
(325, 'PAULO LÚCIANO', 'luciano_doring@gmail.com'),
(327, 'RICARDO ALVES SCALON', 'ricardo_a.scalon@hotmail.com'),
(328, 'MARIA LAURA BARBOSA BELMONTE ', 'laura_belmonte15@outlook.com'),
(329, 'DIEGO ARMANDO KIRINUS', 'diego.kirinus@gmail.com'),
(330, 'RODRIGO MASERA DE SOUZA', 'rodrigomsr2@gmail.com'),
(331, 'ALICE DOS SANTOS MACHADO', 'alicemachado606@gmail.com'),
(332, 'STHEFANY LEAL MOTA', 'sthefany.mota17@gmail.com'),
(335, 'MURILO DA ROSA BIANCHIN', 'murilobianchin@hotmail.com'),
(336, 'JÉSSICA VARGAS FERREIRA ', 'jessica.vargas.ferreira@hotmail.com'),
(337, 'ENRICO SENA DA SILVA PEDROSO', 'enrico_sena@hotmail.com'),
(338, 'ALEXANDER IAN FERREIRA DUTRA', 'aleiandutra@gmail.com'),
(340, 'MICHELE MENEZES CUSTÓDIO', 'michelemcustodio@gmail.com'),
(341, 'BRUNO DA CRUZ CARVALHO', 'brunocarvalho1704@gmail.com'),
(342, 'LUCIANO FAGUNDES DA MOTTA', 'lucianofmotta111@gmail.com'),
(343, 'ESTEFANE GONZALES LEMOS', 'estefanelemos@icloud.com'),
(344, 'THIAGO COLLAZZO BASTOS DE ABREU', 'thiagocollazzob@gmail.com'),
(345, 'DIOGO RICARDO VALE MUNHOZ', 'diogormunhoz7@gmail.com'),
(346, 'LUAN TEIXEIRA ALVARENGA', 'alvarenga.luan@hotmail.com'),
(347, 'RAFAEL DE PAULA ASSIS', 'rafaelpassis2@gmail.com'),
(348, 'MARIANA VENQUIARUTI BORBA', 'marianavborba@gmail.com'),
(349, 'LEONARDO BERTA DA SILVA', 'leonardobertadasilva@hotmail.com'),
(350, 'PAOLA VOGELEI RAMOS', 'p.v.ramos@live.com'),
(351, 'MAIQUEL THIELKE', 'maiquelthielke@hotmail.com'),
(353, 'JULIANA MARECO MEDEIROS', 'julianamareco18@gmail.com'),
(354, 'YURY ALENCAR LIMA', 'yuryalencar19@gmail.com'),
(355, 'PEDRO HENRIQUE FRANCO DA SILVA', 'phfs@terra.com.br'),
(356, 'MAUREN RODRIGUES PRADE', 'maurenrp93@gmail.com'),
(357, 'EDUARDO GABRIEL OLAVO DE ALMEIDA LOPES', 'dudu04242000@gmail.com'),
(358, 'MATHEUS JARDIM DA SILVEIRA', 'matheus.j.silveira@gmail.com'),
(359, 'YURI MARCO MAIA DOS SANTOS', 'yurimarco_boy@hotmail.com'),
(360, 'EDUARDO CABRAL DO PRADO', 'dudu-08@hotmail.com'),
(361, 'NATHÁLIA PINHEIRO MARTINS', 'nath_pm@hotmail.com'),
(362, 'CRISTIAN OLIVEIRA BENITES', 'crismuyo@hotmail.com'),
(363, 'VITOR GABRIEL DORNELLES AVILA', 'vitorg.dornelles@hotmail.com'),
(364, 'PEDRO CAUDURO POCHE', 'ppoche95@gmail.com'),
(365, 'ARTHUR MACEDO CARVALHO', 'arthur-gremio@hotmail.com'),
(366, 'JOSÉ VINÍCIUS MARKS MACHADO', 'jose.vini.marks.machado@gmail.com'),
(367, 'DANIEL ALVES RODRIGUES GARCIA', 'd-alves-rod@hotmail.com'),
(369, 'SUÊLDES KALEW FÉLYX ', 'kalewfelyx@gmail.com'),
(370, 'GUSTAVO GIRARDON DOS REIS', 'ggirardon@gmail.com'),
(371, 'MATHEUS KOBASHIGAWA LUNA', 'matheuskoba@gmail.com'),
(372, 'RODRIGO FACCO', 'faccodm@alunos.unipampa.edu.br'),
(373, 'TAMIRES MENINE PIRES', 'tmenine20@gmail.com'),
(374, 'LUCAS SEVERO DA ROSA DA SILVA', 'lsevero34@gmail.com'),
(375, 'ABNER ARTHUR LEITE AGUILAR', 'a2aguilar001@gmail.com'),
(376, 'LUIZ GABRIEL SOARES MARTINS', 'luuizgabriel@gmail.com'),
(377, 'MARIA LEONOR AUZANI BISCAINO', 'leonorabiscaino@gmail.com'),
(385, 'RODRIGO DA SILVA MORAES', 'moraes.rodrigo98@hotmail.com'),
(386, 'ANTÕNIO DE FREITAS VALLE NETO', 'afvn60@gmail.com'),
(387, 'MATHEUS DE LIMA MARTINEZ ', 'matheusdelimamartinez@gmail.com'),
(388, 'BRUNA FREITAS ALMEIDA', 'bruna.avaliare@gmail.com'),
(390, 'RAFAEL KATSUHIRO TAKAMOTO TSUCHIYA', 'nero_happy@hotmail.com'),
(391, 'FREDERICO TEMP DA COSTA', 'fredericotemp.c@gmail.com'),
(392, 'LEONARDO SKREBSKY RICHTER', 'leonardo.s.richter@gmail.com'),
(393, 'LUIZ FELIPE NUNES BAIRROS', 'bairros1077@gmail.com'),
(394, 'PATRICIA PANNO', 'panno.pati@gmail.com'),
(395, 'FLAVIO OLIVEIRA SOLIS', 'flavio_o_solis@yahoo.com.br'),
(398, 'IAGO LEÃO SILVEIRA DE SOUZA', 'iagoleao1@hotmail.com'),
(399, 'IDENILTON FERREIRA SILVA', 'ideniltont@gmail.com'),
(400, 'JOSÉ CONCEIÇÃO LOPES NETO ', 'netinholopes2010@hotmail.com'),
(401, 'HUMBERTO HASSELEIN', 'beto-sps@hotmail.com'),
(402, 'LEONARDO AUGUSTO BENDER', 'leo_10_bender@hotmail.com'),
(403, 'ISADORA DE OLIVEIRA LEÃO', 'isaoliveiraleao@gmail.com'),
(404, 'THAINÁ OLIVEIRA CARDOSO', 'slytherin.thaina@gmail.com'),
(405, 'CAROLINE ALMEIDA SANTOS', 'carolaosantos@gmail.com'),
(406, 'LEONARDP GONÇALVES VENTURA', 'lv2996@gmail.com'),
(407, 'CLEBER BOEIRA PINTO ', 'cleber_boeira@hotmail.com'),
(408, 'ANTÔNIO OSCAR GEHRKE', 'antoniobpt@gmail.com'),
(409, 'DANIEL BURIN ROLAND', 'daniel.burin.roland@gmail.com'),
(410, 'MARCELO CHAGAS', 'marcelo.chagas-@hotmail.com'),
(411, 'PRICILA COTTICA', 'pri.cottica@gmail.com'),
(412, 'GUSTAVO DE MORAIS CEOLIN PINTO', 'gustavoaddtank@gmail.com'),
(413, 'MANOEL MORAES CARDOZO', 'manu92010@hotmail.com'),
(414, 'TAMARA FERNANDES DA SILVA', 'tamaralancer@gmail.com'),
(415, 'DAVI BEVILAQUA HEINZ', 'davi.bevilaquaheinz@gmail.com'),
(416, 'LARISSA THAÍS NEUENSCHWANDER', 'larissaneuenschwander@gmail.com'),
(417, 'PAULO ROBERTO BRASIL DE OLIVEIRA', 'paulo1909roberto@gmail.com'),
(418, 'KÉLTON DA ROSA SEVERO', 'keltonsevero@gmail.com'),
(419, 'NAIHARA DE SOUSA AMORIM', 'naiharamosouza@gmail.com'),
(420, 'CRISTHIA HILBERTO KIRINUS', 'cristhiankirinus@hotmail.com'),
(421, 'PIETRO FERNANDES CASSOL', 'pietro.cassol@hotmail.com'),
(422, 'LAURA DALCIN DAMBRÓS', 'lala.dalcin99.ld@gmail.com'),
(423, 'VINICIUS ANESE NICOLA', 'vinianese96@gmail.com'),
(424, 'SEBASTHIAN SANCHEZ LOPEZ ', 'sebaselsinuano@gmail.com'),
(425, 'SINARA CORRÊA DE MATOS', 'sinara.cdematos@gmail.com.br'),
(426, 'DIOVANA PATIAS DELLA FLORA', 'diodellaflora@gmail.com'),
(427, 'LUCAS LARA ROHDE', 'lucaslararohde@gmail.com'),
(428, 'THAÍS ALVES OLIVEIRA', 'thais2701@hotmail.com'),
(430, 'PEDRO HENRIQUE POMPEU', 'pedro_henripompeu95@outlook.com'),
(431, 'RAFAELLA MOLINA FERNANDES ', 'rafaellamolina01@gmail.com'),
(432, 'ANA CAROLINA PINTO AREBALO', 'carolina_arebalo@hotmail.com'),
(433, 'GUILHERME DE OLIVEIRA ALMEIDA', 'guilherme_oliveiralmeida@outlook.com'),
(435, 'ANA CAROLINA TIMM CLASSEN', 'classen.ana@gmail.com'),
(436, 'MATEUS PINTO DE SOUZA', 'mateuspintosouza@hotmail.com'),
(437, 'ELANDRO WOZEAK CANIELA', 'elandro.caniela@gmail.com'),
(438, 'RAFAEL FERNANDES DA SILVA ', 'faelsfernandes@gmail.com'),
(439, 'DARLIZE DA ROSA BIANCHIN', 'darlizebianchin@hotmail.com'),
(440, 'VITOR JOSÉ ANDREOLA', 'vitor.andreola@hotmail.com'),
(441, 'BRUNO BET TIMOTEO', 'bruno.bet4@gmail.com'),
(442, 'RAMON HENRIQUE VIEIRA', 'ramonhv@gmail.com'),
(443, 'NATHALIA SANTOS DA SILVA', 'nathalia.h8n@gmail.com'),
(444, 'HENRIQUE TESCHE VIEIRA', 'henrique.tesche@gmail.com'),
(445, 'OLIVÉRIO OELSNER COELHO', 'oliversitario@gmail.com'),
(447, 'LUCAS ABNER LEAL SILVA', 'lucasabner98@outlook.com'),
(448, 'MATHEUS MONTANHA PAULON', 'matheusmontanhakk@gmail.com'),
(449, 'DÉBORA DOS SANTOS E SIQUEIRA', 'deborasiqueira_99@hotmail.com'),
(451, 'DAVID ROMARIO ALVES AGUIAR', 'davidaguia91@gmail.com'),
(453, 'ANDRESSA TRINDADE DA COSTA', 'dessa.tc@gmail.com'),
(454, 'ESTEVAO PEDROSO MARQUES ', 'estevaopmarques@gmail.com'),
(455, 'JULIO CESAR FERREIRA SILVA', 'julioferreira.engeletrica@gmail.com'),
(456, 'LUCAS MARQUES BRUM', 'lucasmarquesbrum@yahoo.com.br'),
(457, 'VANESSA BORDIGNON SALBEGO', 'vanessasalbegob@gmail.com'),
(458, 'MAURÍCIO DOS SANTOS ESCOBAR', 'mauriciosescobar@gmail.com'),
(459, 'DIONES BRINCKER FELIX', 'dionisfelix@live.com'),
(460, 'PHILIPE RANGEL DE SOUZA', 'philipe-ssr@hotmail.com'),
(461, 'TAINARA ALVES SALDANHA', 'tainara.a.saldanha@gmail.com'),
(462, 'TADEU SOBRAL JENUARIO', 'tadeujenuario@hotmail.com'),
(463, 'CLARISSA VESSOZI PEREIRA', 'clarissasaldanha.vessozi@gmail.com'),
(464, 'VITOR LEONARDO SIQUEIRA FRANQUILIN DA SILVEIRA', 'vitorsla27@gmail.com'),
(465, 'ANA PAULA VIEIRA', 'anapaula_vieira49@hotmail.com'),
(466, 'JULIELEN ARNOUD DORNELES ', 'julielen-ad@hotmail.com'),
(467, 'CAROLINE DA SILVA NARDON', 'carolsnardon123@gmail.com'),
(468, 'GILNISSON MINERVINO MARCELINO', 'giljuu@hotmail.com'),
(469, 'ANA PAULA MACHADO DA FRANÇA', 'paula.ana.machado@hotmail.com'),
(470, 'DÉBORA PATRÍCIA STRÖHER', 'deborastroher@live.com'),
(471, 'JAIME BORTOLI FILHO', 'jaime.paaz@gmail.com'),
(472, 'EDUARDO FIALHO DE ABREU', 'eeduardofialho@gmail.com'),
(473, 'INGRID MACHADO TEIXEIRA', 'ingridteixeira2011@live.com'),
(474, 'GUILHERME RUDIERI MACHADO', 'guiunimec@gmail.com'),
(475, 'JORGE LUIZ DA SILVA FONTINELE SOUZA', 'jorgequaresma.luiz@gmail.com'),
(476, 'JONAS NATAN LOPES', 'jonaslopespx@gmail.com'),
(477, 'MICAEL MARCIO OLIVEIRA', 'micaeltdb13@gmail.com'),
(478, 'ANDRÉ BOLZAN EGERT', 'andreegert75@gmail.com'),
(479, 'BRUNO CESAR FELICE', 'brunocfelice@gmail.com'),
(480, 'OTÁVIO DUARTE LAMBERTI', 'otaviolamberti@gmail.com'),
(481, 'ISAC JOEL FRIEDRICH', 'friedrich.isac@gmail.com'),
(482, 'DANIEL MARQUES BRANDOLT', 'dbrandolt@hotmail.com'),
(483, 'MÁRCIO DE ALMEIDA AURÉLIO', 'marcioa.aurelio@gmail.com'),
(485, 'MARINA BRAUN OTOKOVIESKI', 'marinaotok@gmail.com'),
(486, 'WELLERSON KILLIAN', 'wwwellerson@gmail.com'),
(487, 'MARCONI GIACOMINI', 'marconigiacomini@gmail.com'),
(488, 'AMANDA BAPTISTA DE OLIVEIR', 'amandpadme@gmail.com'),
(489, 'WOLGAN ENS QUEPFERT', 'ens.wolgan@gmail.com'),
(490, 'LUIS FELIPE FERNANDES ALVES', 'lipedl@hotmail.com'),
(491, 'GUSTAVO CARDOZO RODRIGUES', 'gustavocrod@outlook.com'),
(492, 'THIAGO RÖRIG', 'thiagororig@gmail.com'),
(493, 'AMANDA BAPTISTA DE OLIVEIRA', 'amandapadme@gmail.com'),
(494, 'PAULO LUCIANO DORING', 'luciano_doring@hotmail.com'),
(495, 'TIANE DO NASCIMENTO VARGAS', 'tiane.donascimentovargas@gmail.com'),
(496, 'OTÁVIO DUARTE LAMBERTI', 'otavio.lamberti@hotmail.com'),
(497, 'WILERSON ALVES CHUMA', 'wilerson12@hotmail.com'),
(498, 'TIANE DO NASCIMENTO VARGAS', 'tiane.donasicmentovargas@gmail.com'),
(499, 'WAGNER INÁCIO DE OLIVEIRA', 'wagner.inacio16@outlook.com'),
(500, 'LUCAS AUGUSTO GUTERRES GARAIS', 'lucasgarais@hotmail.com'),
(501, 'VITOR MACHADO GOULART ', 'vm_goulart@hotmail.com'),
(502, 'ARTHUR FAGUNDES FONTANA', 'arthurfontana97@gmail.com'),
(503, 'GABRIEL GRYSUK', 'gabrielgrysuk@gmail.com'),
(504, 'JEFFERSON PIRES DA ROSA JUNIOR', 'jeffersonpiresjunior@gmail.com'),
(505, 'ANDRÉ GONÇALVES ESTEL', 'andre_estel@msn.com'),
(506, 'SAIMON MARTINS CABRERA', 'saimonmartinscabrera@hotmail.com'),
(507, 'JEFERSON TADEU MARTINS DE LIMA', 'jeff.t.m.lima@gmail.com'),
(508, 'QUERONLAI DOS SANTOS MACHADO', 'queronlai@gmail.com'),
(509, 'LEONARDO DE OLIVEIRA PASCHOAL', 'leonardo_oliveiras@hotmail.com'),
(510, 'PLACIDO JORGE DUTRA DE FREITAS JUNIOR', 'JUNIORDFREITAS89@HOTMAIL.COM'),
(511, 'ALEXANDRE VASCONCELLOS DOS REIS ', 'alexandrevr94@gmail.com'),
(512, 'SABRINA CARLÉ WINCKLER', 'sabrinacarlew@gmail.com'),
(513, 'LUIZ RAFAEL JACQUES CALDEIRA', 'rafaelhos2016@gmail.com'),
(514, 'MATHEUS MACHADO GOMES', 'mths1135@gmail.com'),
(515, 'BRUNO RAMOS MARTINS', 'bruno_rhcp@outlook.com'),
(516, 'CESAR AUGUSTO MEIRA DE SAMPAIO', 'cesaraugustomeira@hotmail.com'),
(517, 'GUSTAVO DA SILVA MACIEL', 'gustavo5057@hotmail.com'),
(518, 'LEONARDO CAMBRAIA MENDONÇA', 'leocmendonca@hotmail.com'),
(519, 'MATHEUS COSTA DA SILVA ALVARENGA', 'matheus.2405@hotmail.com'),
(520, 'GUILHERME CAMARGO TEIXEIRA', 'gct-gui@hotmail.com'),
(521, 'PATRICIA KRAUS SIMA GOMES', 'patty-rapunzel@hotmail.com'),
(522, 'FILIPO GABERT COSTA', 'pipo.slgc@gmail.com'),
(523, 'EMANOELLI DOMINGUES FLORINDO', 'dominguesemanoelli1@gmail.com'),
(526, 'MURILO OZORIO BARROS', 'muriloozorio7@gmail.com'),
(527, 'TOMÁS RUSCHEL CANALES DA TRINDADE', 'tomastrindade@gmail.com'),
(528, 'GIAN DIAS DE MELLO', 'gian.ctism@gmail.com'),
(529, 'MATHEUS FELIPE SCHROER MITTELSTAEDT', 'mfelipesm@hotmail.com'),
(530, 'ALESSANDRO NUNES', 'alessandronunes90@gmail.com'),
(531, 'LUCAS ALVES SAO MATEUS', 'lucascc206fe@gmail.com'),
(532, 'BIANCA DE FRANCESCHI FIUZA', 'biancadeff@hotmail.com'),
(533, 'ALEX TOMAZ DE ASSIS', 'alex.tomaz.assis@gmail.com');

-- --------------------------------------------------------

--
-- Estrutura para tabela `privilegios`
--

CREATE TABLE `privilegios` (
  `idprivilegio` int(11) NOT NULL,
  `privilegio` varchar(45) COLLATE utf8_unicode_ci NOT NULL
) ENGINE=InnoDB DEFAULT CHARSET=utf8 COLLATE=utf8_unicode_ci;

--
-- Fazendo dump de dados para tabela `privilegios`
--

INSERT INTO `privilegios` (`idprivilegio`, `privilegio`) VALUES
(1, 'Participante'),
(2, 'Credenciador'),
(3, 'Organizador');

-- --------------------------------------------------------

--
-- Estrutura para tabela `registrarPalestra`
--

CREATE TABLE `registrarPalestra` (
  `idregistrarPalestra` int(11) NOT NULL,
  `idpessoa` int(11) NOT NULL,
  `inicio` datetime NOT NULL,
  `idatividade` int(11) NOT NULL
) ENGINE=InnoDB DEFAULT CHARSET=utf8 COLLATE=utf8_unicode_ci;

-- --------------------------------------------------------

--
-- Estrutura para tabela `situacoes`
--

CREATE TABLE `situacoes` (
  `idsituacao` int(11) NOT NULL,
  `situacao` varchar(45) COLLATE utf8_unicode_ci NOT NULL
) ENGINE=InnoDB DEFAULT CHARSET=utf8 COLLATE=utf8_unicode_ci;

--
-- Fazendo dump de dados para tabela `situacoes`
--

INSERT INTO `situacoes` (`idsituacao`, `situacao`) VALUES
(1, 'Pré-Inscrito'),
(2, 'Confirmado');

-- --------------------------------------------------------

--
-- Estrutura para tabela `tipointervalo`
--

CREATE TABLE `tipointervalo` (
  `idtipoIntervalo` int(11) NOT NULL,
  `intervalo` varchar(45) COLLATE utf8_unicode_ci DEFAULT NULL
) ENGINE=InnoDB DEFAULT CHARSET=utf8 COLLATE=utf8_unicode_ci;

--
-- Fazendo dump de dados para tabela `tipointervalo`
--

INSERT INTO `tipointervalo` (`idtipoIntervalo`, `intervalo`) VALUES
(1, 'Coffee Break'),
(2, 'Almoço'),
(3, 'Intervalo');

-- --------------------------------------------------------

--
-- Estrutura para tabela `tiposatividade`
--

CREATE TABLE `tiposatividade` (
  `idtipoAtividade` int(11) NOT NULL,
  `tipoAtividade` varchar(45) COLLATE utf8_unicode_ci NOT NULL
) ENGINE=InnoDB DEFAULT CHARSET=utf8 COLLATE=utf8_unicode_ci;

--
-- Fazendo dump de dados para tabela `tiposatividade`
--

INSERT INTO `tiposatividade` (`idtipoAtividade`, `tipoAtividade`) VALUES
(1, 'Competição'),
(2, 'Conferência'),
(3, 'Minicurso'),
(4, 'Palestra'),
(5, 'Mesa redonda'),
(6, 'Outros');

-- --------------------------------------------------------

--
-- Estrutura para tabela `usuarios`
--

CREATE TABLE `usuarios` (
  `idpessoa` int(11) NOT NULL,
  `senha` varchar(45) COLLATE utf8_unicode_ci NOT NULL,
  `telefone` bigint(11) NOT NULL,
  `idprivilegio` int(11) NOT NULL,
  `idcategoria` int(11) NOT NULL,
  `idsituacao` int(11) NOT NULL
) ENGINE=InnoDB DEFAULT CHARSET=utf8 COLLATE=utf8_unicode_ci;

--
-- Fazendo dump de dados para tabela `usuarios`
--

INSERT INTO `usuarios` (`idpessoa`, `senha`, `telefone`, `idprivilegio`, `idcategoria`, `idsituacao`) VALUES
(1, 'b6c5db3cb14b0a6e5fa2dde9da6e4bd778a459eb', 55999367788, 3, 3, 2),
(2, '0e8b9d56152dc76f290c008b46769c77aedf0459', 98984336772, 3, 3, 2),
(3, '47a679a828bff029f94b206252a407c6e22a3ea4', 55996723681, 1, 1, 1),
(4, '37214d6c1b4a4a67cf36f52628a08f8e9e7afe46', 55999356083, 1, 1, 2),
(5, '9f367a85a1a5eba34363249f197bd45362ad07b4', 55996617670, 2, 1, 2),
(6, 'ae1e490c7594b184a86d570d29e6b73205a16b3a', 55999872625, 1, 1, 2),
(7, 'e66f5cecbf1d2d554438c98f1e1da070d4896517', 55999097727, 1, 1, 2),
(8, '3e68eb6fcedbaa696a98dc5fc403766e9999cd2c', 55999008738, 2, 1, 2),
(9, '4ef6b06f6655b2697931b24bc157e692857ea8fc', 55991502721, 1, 1, 2),
(10, '5162e7db4e0e5a6ef1cd920539fca6c68cdc6649', 55997272147, 1, 1, 2),
(11, '0d02e9b6591fa78c71bb5546f7903757afa697dd', 55991941220, 1, 1, 2),
(12, '00edaebbf3fe17aa457c53f53975e2c7cfca0a69', 55999762947, 1, 1, 2),
(13, '9c4327470992b383d585c04c79c6f881a32444f1', 55999331180, 1, 1, 2),
(14, '7749e8790b62bb0c33ec57d383ac73bd207b970d', 55999163043, 1, 1, 2),
(15, '940391e8caadf4ecca24bb262bb5c7f95f2486a9', 55999769281, 3, 3, 2),
(16, '035b4d7d63f44b561815c9f51b7b2491d04aad18', 55991871959, 1, 1, 2),
(17, 'f9f8b40732b46836433f2cefb32e3513af3ee608', 13982196122, 1, 1, 2),
(19, '5bfe468a552aaac7f681e9fa6a3872b7ad91974a', 55984659865, 1, 1, 2),
(20, '63ebb7b072be4cf3555f01464df631a08b9f1587', 53999488099, 1, 1, 2),
(21, '21b27b85ea08b38b60abbf1cc64d69464f8a48b1', 51989007134, 1, 1, 2),
(22, 'c220c94c5a9d33b5540cd3c28eece7b40976a06f', 53984572137, 1, 1, 2),
(23, '0c50527c005de34e3989906ba2ca2f94a7e12d48', 55996224892, 1, 1, 2),
(24, '8d598a295d81006e8db1ab344531f91a02e5afd6', 55999128397, 2, 1, 2),
(25, '00c9050b219200c3b0c940b91fb6fe8d55c6b1aa', 55996882452, 1, 1, 2),
(26, '2ea9b7ade37ab85920b8020c057b296132fe0d16', 55999422022, 1, 1, 2),
(28, 'c7f69afdfac75dc8af95a950693e8e3bd5e68678', 53999440212, 2, 1, 2),
(29, '199da8594708ac88aa78df0e1ff4e2cf1198399f', 55997069328, 1, 1, 2),
(30, 'c7dc47ee68d66d15ecee8d89eae68489f220ba02', 55997006484, 1, 1, 2),
(31, '94083acd99044b207392ad70c65c8af9eeae3abd', 55999030479, 1, 1, 2),
(32, '7a6682195566c54813a41ef6b63078b05ce3bdab', 55999717339, 2, 1, 2),
(33, '3b71d0c39c881d84590fdd3072ba4fcc787e482a', 55999576896, 1, 1, 1),
(36, 'c66a3a25a5ea6fc166809cd0442493795cb71445', 51985412784, 1, 1, 2),
(37, '30832822fd24d5517d05363a62400f0b63f9c8f7', 55999528736, 1, 1, 2),
(38, '789b357947f14953ce3050044bdd3026e8cd0f54', 55997011400, 1, 1, 2),
(40, '1915c4c4833455cb5c9a3d222911f979744cd8ed', 55991862521, 1, 1, 2),
(41, 'c6b9cf39bf9d75704f7ae5583e90faf13f5bb504', 55996612708, 1, 1, 2),
(42, '787feeab44381f3d157637bb6f2f474f2a50eb54', 55996371473, 2, 1, 2),
(43, '968604d2393a5e2f76f6c231718daacf9fedd042', 55996713531, 1, 1, 2),
(44, 'cd69f5402ceb5fc4da7a5d6c1ec324e02a9d74d2', 55999965031, 1, 1, 2),
(45, 'f682c752d225842b43de49a46256ef01c11b1d69', 55999737211, 2, 1, 2),
(46, '848c6de62a97e53d0da556fe0c0bfbb7dd9dcadd', 55981471687, 1, 1, 2),
(47, 'ea229dec2c6e382e04efff24b5ef75e7995ac9da', 55997099292, 1, 1, 2),
(48, '5cc3004f0aef0cf2c6c7ff4ee5b4d527f851f92c', 55981248718, 1, 1, 2),
(49, '3f2505df7b7d093aaae2e49b0199468a200b6a4e', 55559722043, 2, 1, 2),
(50, 'ef800e27c5459752c4fce33b1f961a0fc8e3edb0', 55996911591, 1, 1, 2),
(51, '630bd6ec497924df90670bf1da7ceb576beda35e', 55996175369, 2, 1, 2),
(52, 'e3946f4e22286e0a3e165be5e48f5ba128aa21e1', 55996019462, 1, 1, 2),
(53, 'a507340cf51e4bd8811e821e11425fe057743d37', 55997205149, 1, 1, 1),
(54, 'c34e9a355277fdf46fe8005c5a32d8b92d5c2d24', 55996088979, 1, 1, 2),
(55, '908ba1a960fc44d5af2e36b21de0e334f67b4431', 55997161151, 1, 1, 1),
(56, 'a999d7539a8b5c1c6bc4f8f9f4b84b2d337789aa', 55996340136, 1, 1, 2),
(57, 'e3628ac841e01b524ff630c7da4130952beba2be', 55996550871, 1, 1, 2),
(58, '9e41e5222c7d1a2f760e7ac79ad08bea1f6affd0', 55999776061, 2, 1, 2),
(59, '8016bd11725252446ff23e7f9e54d4c70f851448', 55997055639, 1, 1, 1),
(60, '719489d40e1f7ff24fb2aae9053b5a71aa5d710f', 55991880301, 2, 3, 2),
(61, '6ebaf2074743a3247abe81517226ad8d3cffe1e4', 55999095734, 1, 1, 2),
(62, '82e3cc8a6e8ecb0faa96795c9383df4f8cc98161', 55997059166, 1, 1, 2),
(63, '5cbbc305cdf01263e807b87b2b9baf5e06d9c95b', 55981219092, 1, 1, 2),
(64, '90071c08fc461def463436e2818a3c856cd8b079', 55997196029, 1, 1, 2),
(65, 'e251e12e3fb6976aaedc73e92e3c1efef7c1a661', 55991322374, 2, 1, 2),
(67, 'ec7b3175f2feabdb8e960c81aa0e04cf3e188fb6', 55996333336, 1, 1, 2),
(68, '783d1743bb5e0f605b7819fece9faad5b6d5246a', 55996001248, 1, 1, 2),
(69, '2f067b7ca1e5c276a1fcd68c46a960502f0fac77', 55984583360, 1, 1, 2),
(70, 'd9c4ed633bc7bb316885cfabf3f2ff11d9539794', 55981513384, 1, 1, 2),
(71, '0cfec68f9e2518001f7e3e81543f272c139a002a', 55996461683, 1, 1, 2),
(72, '3d59f723685df0a5eeada5a4145343976d90c1a1', 14996850645, 1, 1, 2),
(73, 'c1a89f03fe45071f9a147b701a3be20e9a6c4d03', 55991362151, 1, 1, 2),
(74, '4996f464dc35038932b2ef89bd6d0351f65b49f3', 55997328105, 1, 1, 2),
(75, '6064a47343183c2786d49715a1693d4d3474de91', 55984117697, 1, 1, 2),
(76, 'e79eee7bad3c8c369e41cfe3fd1aff6aef57f362', 11986974121, 1, 1, 2),
(77, '791afb4a185c6fe1fd2de49f69332fcb1230d5bf', 55996169035, 1, 1, 2),
(78, '0025f48d4c2dc75855300f7abdae30cc99ff4795', 55996542461, 1, 1, 2),
(79, '120f3c7cdbdbd4b06775fb47e34b32a11ac9bf04', 55997205597, 1, 1, 2),
(80, 'f0df5fcd3b6cc6b8ea2f455e13bb0f0b6458e76f', 55997286810, 1, 1, 2),
(82, '0aa46024686e29871d0c80cf054d320d586784f7', 55996744785, 1, 1, 2),
(83, '4788c3a72a4fbca156ebda9d716ab27822bd3f36', 19981211133, 1, 1, 2),
(84, 'd525c0818ed3372731cbb31e032df48f800958da', 55999701315, 1, 1, 2),
(85, '5f044f594297d34368e016d88e9359243d3f3ced', 55996599339, 1, 1, 2),
(87, 'b01afc2b077956acc69f99e0b7df1cb70cb01331', 55996941777, 1, 1, 2),
(88, '514551c4261de3061fe4ae9e17e24a5a350aedb3', 55996229009, 1, 1, 2),
(89, 'e261b05bd7625c4dfb8c81f9f7c093d685c4691c', 55996020038, 1, 1, 2),
(90, '72d64928b0b9e0713f70a83e52293ecdc851915c', 55999236991, 1, 1, 2),
(92, '800490de9c8a50fda31139fd62090b379c557b52', 55964471810, 1, 1, 2),
(93, '6dc892d8ee0e38be6d803223582cbdf027ddd33b', 55999551057, 1, 1, 2),
(94, 'e9be015066a2f5972ff892955926612e75fb4acc', 55999738980, 1, 1, 2),
(95, '5052c90958f2568f9bb8ccdbc063df2d1d14e225', 55981310700, 1, 1, 1),
(96, '69026bce333dcc5e93a149973e5c18c4c94f8bfe', 51995212844, 1, 1, 2),
(97, '5ea29d555aa5b2fbf31f0f3ad2940f9b7a919b75', 55999242046, 1, 1, 2),
(98, '69f6c9c5c193aec638b0682d82438aea9aaedc2e', 55991157224, 1, 1, 2),
(99, '3f966f95dad2bdd30ac62499eb640510b58c7cc6', 99999999999999, 1, 1, 2),
(100, '5d36dfc2f5f8895c11bf51f2b913911c68705d34', 13996484526, 1, 1, 2),
(101, '4c0b2f7bd67e95c2670ec1eb7a5dd1382454fc67', 55996916206, 1, 1, 2),
(102, '0c188635a1837a6ebf85fe52a1251b8bda47dca1', 55996773700, 1, 1, 2),
(103, 'ede99b5cf80f17487f2529c31a910ddb8fdd1c09', 55999745588, 1, 1, 2),
(104, 'e9b036676b2e1508212556c0c30c08c52e2b00fa', 55999755695, 1, 1, 2),
(105, 'd557d060c2615aa48961e3307aef80255e8bc406', 55991593805, 1, 1, 2),
(106, '6200ea75ed214d4cea181aa9f946ea0a9f79aff0', 55999860088, 1, 1, 2),
(107, 'c1afa2e9bf54d117f7c781ff2eb1ee9cb1b6cc40', 55999557317, 1, 1, 2),
(108, 'c282b4218c1a5a603f339a149fdaeb383dc640df', 55999627698, 1, 1, 2),
(111, 'd1fb281800c5c3c726d24256bfc99abe4ceb6092', 55991884548, 1, 1, 2),
(112, '2848cf4a687df1df4f629f60d00315b5a83ae4af', 55996813990, 1, 1, 2),
(113, 'f071b698f79b2c1c9c189435f335ac63077af0ab', 55981424079, 1, 1, 2),
(114, '9b7596250028dcc296504a3ba242fd0564cb05ee', 55996532421, 1, 1, 2),
(115, 'b0ae1b9eb562d58a0065c87e2e895b3c8b6da5f9', 55996916718, 2, 1, 2),
(116, '8ddf082d636a22ab2292b8ed510d02a74c3889d5', 55997141510, 1, 1, 2),
(117, '36a79ff8656e91dda71e0f08b18ab1d9c3cc030d', 55997233906, 1, 1, 2),
(118, '0bba9ac7675173620055601c98bb15ec41e63865', 55999940024, 1, 1, 2),
(119, 'c1ab718189b7cbd4de71836cbf1a13cb6dce32c1', 55999857718, 1, 1, 2),
(120, '2ee7466ebca31ad69e857007c05da03033b07611', 55999375949, 1, 1, 2),
(121, 'faa1e8d50d4755d5e96d4be0258d1e419a4f8188', 55999439524, 1, 1, 2),
(122, '9480f58c04a3ec186fb2942ccf5d21953f4ceaf4', 55999940024, 1, 1, 2),
(123, '1b890e87aa89ff6dd7a2c39ec32cfc86b029bea3', 55996118757, 1, 1, 2),
(124, 'f4e4e5cb2a6d7eebb69cbca1932a5e4000799697', 55996500398, 1, 1, 2),
(125, '3ca72a707b181873f3b3776ded35c6def528a3db', 49999971127, 2, 2, 2),
(126, '2b06572e681ca8da81aa2f2b824865f2d60b619a', 55999447967, 1, 1, 2),
(127, '2b7d0b9b359ce342a1e1de4986cd86073bcbef83', 55999205657, 1, 1, 2),
(128, '356cec263c13c5bdc6d679be7fc441afa769d2bf', 55997080963, 1, 1, 2),
(129, 'c2725d5bc856a42a982cdf85e8812efde088ae80', 55991236172, 1, 1, 2),
(130, '6f99c09c192c11648d3afad3f51544fdef47f6b5', 55984527211, 1, 1, 2),
(131, 'a692c5bf6b335b4fb54280b134de683d9769981e', 55996646392, 1, 1, 2),
(133, '7fade046456aef44006106f14cdef6d395be8822', 55999972775, 1, 1, 2),
(134, '4967eac60c9cfeb4d121c0fe03c4e378021c688f', 55996628754, 1, 1, 2),
(135, 'cecac937b5811ed32598cbcdaf943b51a1455597', 55997081175, 1, 1, 2),
(136, '90426c94e39a595bdec3be64ee67524adbf301ec', 55996612468, 1, 1, 2),
(137, '63b35e2553ad9e300401b01b985afb60624c1f9d', 55999332278, 1, 1, 2),
(138, '912ed4aa7a1c8741ade8a17b53958640bc7ba7be', 55999057882, 2, 1, 2),
(139, '96c3fbc7a017d2630957017ab380530c99fea87b', 55981083407, 1, 1, 1),
(140, '7c4a8d09ca3762af61e59520943dc26494f8941b', 55999510063, 1, 1, 2),
(141, 'd08566723d671445bac8ec65bb2126c4d258bc6d', 55996020079, 1, 1, 2),
(142, 'b420902bc3837b07532b8bf9cf78d731d1135311', 55999837500, 1, 1, 1),
(143, 'a341b0081ae1d61b9913d4ff6b302e32b5eaeaeb', 55996207204, 1, 1, 2),
(144, '4e9f9e4970557c4c31e7c3bee7c026d9d45c71d7', 55996846204, 1, 1, 2),
(145, 'a0c9bd584a338c58ecea9ead93d440de84e7be0a', 55996694333, 1, 1, 2),
(146, 'e5050044b74981b7fda387eaab6273d785bdfb43', 55999311952, 1, 1, 2),
(147, '7cbe45f1f89b29e688beda62ba9fa109a29781ca', 34991145552, 1, 1, 1),
(148, 'c6ffccdf377ed7cf1c86b1ee161af599000b08b1', 55984583421, 1, 1, 2),
(149, 'da8b6d2b00fa09254426e8b1de1729b06f3719da', 55996030638, 1, 1, 2),
(150, '4454274bb0f40928207d3de8769a3bb4ad04eb40', 55996614151, 1, 1, 2),
(151, '46afde3dee3b38d31561068ca9ca658516846c2f', 55997357603, 1, 1, 2),
(152, 'f647557ee7fd113a2ef28886ffc6fd712568bb5d', 61993952456, 1, 1, 2),
(153, '7234878656653aa45d2d2f020a08e52dd26e0927', 55981203782, 1, 1, 2),
(154, 'eb010aa5b11645ba2d07d738f4842afec2327d09', 55999336294, 1, 1, 2),
(155, '912bf14cf0d4e85e9c8c49b291ee323ce2195aa5', 55997315155, 2, 1, 2),
(156, 'd722f6ac2526256cc54393cc52234883d7b53c28', 55981220710, 1, 1, 2),
(157, '5d1d5640780989dde6da65d74fdcdd7f93bf6986', 55996698899, 1, 1, 1),
(158, '01c4ac30b93d98d3be8562901ac7e60a247fbfff', 55999597589, 1, 1, 2),
(160, '5d1d5640780989dde6da65d74fdcdd7f93bf6986', 55996698899, 1, 1, 2),
(161, 'c8c2f2138066a86567cd9c420000324e6e876caa', 55997189337, 1, 1, 2),
(162, 'a98cadbe4cc563c0f2c24d93807ef2fdeac07193', 55996989991, 2, 1, 2),
(163, 'faa8b3c78ba88c747365c860675e3e8816c4f22f', 11947004683, 1, 1, 2),
(164, '4778badfad1a26e892242bec7d640cbea438994e', 54996159683, 1, 1, 2),
(165, '5a5272c8a1a646acb22e59765afe8394dd0904f5', 55996077531, 1, 1, 2),
(166, '944692354f616c1e32705f9cff224006358f6c71', 55991849540, 1, 1, 2),
(167, '41f792422fc4ef87ce4e52dad7f3a641e8822c3b', 55981382455, 1, 1, 2),
(168, '4b288f73587b1db7700c9661ce011e3b92b36443', 14991229197, 1, 1, 2),
(170, 'd2163687af83d429b5055574a277fdd22d0d10c0', 54991858828, 1, 1, 2),
(171, '2a310c0d58202705016ea1ae0e1f403651b96d4a', 55996599887, 1, 1, 2),
(172, '005df2b0e95ce062c4d305567d8f309397b3b4d9', 55992132547, 1, 1, 2),
(174, 'e3f44f538fba96904856e6b3f9f1fa5718c60b06', 51982907727, 1, 1, 2),
(175, 'bc9d94534e5217e6d2a096e00331b0adda576570', 55996323109, 1, 1, 2),
(176, 'c10043ed67d0b815276db702cf07bc2a58bdf2bd', 55991490356, 1, 1, 2),
(178, 'd530d2d2492a02a75bc8ce69b28e5f60dfd87d13', 55996650158, 2, 1, 2),
(179, '4778badfad1a26e892242bec7d640cbea438994e', 55991319095, 1, 1, 2),
(180, '9624bf3e12d94641480a1320f5e52fe4b4936fc6', 55997188400, 1, 1, 2),
(181, '9411070e8f8a1673b5a87f2e26c9a368918b5da9', 19997918655, 1, 1, 2),
(182, '5036e83c68cb1d4c4b99a675bfd7d44bba67e125', 55996031672, 1, 1, 2),
(184, 'fa83eb45aea55230b6a19f7ea00cf14893d97ec4', 55999860163, 1, 1, 2),
(185, '6d9242945c30698ceeca137ddb85b054b9ed49c1', 55999226650, 1, 1, 2),
(186, 'd48fc91a0babe61670d9d10def164324f00a47d6', 11976953661, 1, 1, 2),
(187, '809c9855328152605d818e69591759751417e5e7', 11982958835, 1, 1, 2),
(188, '200969879accb93926393b240c6742ae35e4a1e2', 55996030674, 1, 1, 2),
(189, 'a93ccf9b2bfc4a53c72ab516ac9e65212831480a', 55991637013, 1, 1, 1),
(190, 'd7a4972b7765ea87dfdf7fe0758c7169d8deae1d', 55996575949, 1, 1, 2),
(191, 'f3a7d3f80088927b22a261694be0a294e59caf0f', 55996436421, 1, 1, 2),
(192, 'ee977f1ad601a9ae7dce205cfdf0fbeec54a40c4', 55984266050, 1, 1, 2),
(194, '3af7b34308c2649884db9968f28168a577a5d6b3', 55999571229, 1, 1, 2),
(195, '4ee7d7071fcc59b2a17022cb22eccd9785f9972f', 55996599354, 1, 1, 2),
(196, '4ee2daf023bdea6498241cc9e158ecf58f95a988', 55996632518, 1, 1, 2),
(197, '3aca6e130e34907804c2f25ab52e498845829172', 55999585759, 1, 1, 1),
(198, '63381063259eb6437461b40fd136e8b184f826fa', 55999555105, 1, 1, 2),
(199, 'b4b2d99e9d35027640484477fb3c7ac1bdca2519', 55997182577, 1, 1, 2),
(200, '10e6295f25fd67e1cf7e1184e04ff9f5ee74c897', 55999128591, 1, 1, 1),
(201, '0ab9672bf73a84cdedd742c985a535461cad0743', 55999893646, 1, 1, 2),
(202, '1fd1161d3497198a30d90dc81295a3e0f1337e8b', 55991911554, 1, 1, 2),
(203, '8a259516204f94ffc099a30962819f759a86e2d6', 55996090151, 1, 1, 2),
(204, '4dbed804d47ab7b9b9d657cb1e260f77253d3108', 48996324421, 1, 1, 2),
(205, '9648ce74721d64e9f5b6e5535d3f4c1300331172', 55999808866, 1, 1, 2),
(206, '13fd01dd908f46ceba31eb84104d53e6d8e61439', 55999322761, 1, 1, 2),
(207, 'd9a30253263fb6e52bedb9e096730ea6cc57b490', 65999173807, 1, 1, 2),
(208, 'fbb2cdf8195b29b0c848b751b321dbd024ba0592', 55996032332, 1, 1, 2),
(211, '0109189146496958920148262d47fff14c74153c', 55997351293, 1, 1, 2),
(213, '9b3b7314ee3d24a343e82a44643c7627f08c801d', 55981149167, 1, 1, 2),
(214, '1b36b04796ad5f0f9ea182f17f6639170ae07071', 55999216928, 1, 1, 2),
(215, 'f9a5313e3690239517d43c25a8c44213ca52f29f', 55999634790, 1, 1, 2),
(216, '73e5f94af9bfd1c1e6a38ab78402ab4db74702a4', 55996345367, 1, 1, 2),
(217, '31181f3dcc1406d85976ded93072ab88ae5a76d7', 55996765175, 1, 1, 2),
(218, '4072427194511bfc311a94282925ae6c23e9dc08', 55984082774, 1, 1, 2),
(219, 'c6a57af499ed93104521ea4c19c3bd1a40705995', 11943119796, 1, 1, 2),
(220, 'bb0680b466df8a89ec9b836863746cac283fe698', 55997344667, 1, 1, 2),
(221, '2e6d133a07304889df0a1d941544a792f3c9c9f0', 55996761741, 2, 1, 2),
(223, '7a0dbb9436a574703cf30f4395b39b68148c7d7c', 11951597449, 1, 1, 2),
(224, 'baaa766659d0f32f426df0e3b219643b0c842db9', 55996400817, 2, 1, 2),
(225, 'eb53053f66dde1275de83f7855558ad968c5247f', 21969426600, 1, 1, 2),
(226, '27b28fa560714c7dfd779d511bb7cf115220f326', 55981545493, 1, 1, 2),
(227, 'e156bbc5ceceeb6fda9be0b72d4a265ea1b40f79', 55996531314, 1, 1, 2),
(228, 'd59a3530254a01475db4fff608fe9696df54c0bc', 55981140082, 1, 1, 1),
(229, 'ebfb51a9894cd40361898df365503db6da6bb326', 55996812995, 2, 1, 2),
(230, '9f81d2fab6f02a1692709d20168617167175ef38', 55999687933, 1, 1, 2),
(231, 'fe030331355f5bf5a276e838ba940e188d4868d6', 55997152672, 1, 1, 2),
(232, '7941cfc65b37e956d71ee7d8d447577b0ed0147f', 55997309232, 2, 1, 2),
(233, '3c6fd63740e5b2ce7d81147131ed32a3d547a5ec', 55999999395, 1, 1, 2),
(234, 'def599e1f7d5eeea1f0fd48e14362e78d4701fed', 55996308011, 1, 1, 2),
(235, 'dc4ddc4488609a2a2b6fe1f95a5119952a2d3f13', 55999160512, 1, 1, 2),
(236, 'db112eff54eefed5064aed870c052dd8ff31788f', 55996380798, 2, 1, 2),
(237, 'aa29576132cc7f1a10b6aeddc6c013a88c270077', 55996591514, 1, 1, 2),
(238, 'abf7209b00fa9020ed5ba6e38ffdf72767beb09e', 55996304581, 1, 1, 2),
(240, '084c55538c83bb43325c38fff7912e9c40e91852', 55996884500, 1, 1, 2),
(241, '978c1ef757dbbd85a40942d840693b82173aad45', 55996566620, 1, 1, 1),
(242, 'c7ac7968ffe5f242a8c1acfbfe6de49b414b081b', 55997084856, 2, 1, 2),
(244, '5d25bba04784d2c513d6b88592d651d047b80db1', 21999813558, 1, 1, 2),
(245, '59579b80da627e4098671f6b1874e99072fecaba', 55999838308, 2, 1, 2),
(246, '48efc4851e15940af5d477d3c0ce99211a70a3be', 55996842659, 1, 1, 2),
(247, '5d51bc1e5abe889c7d4aa2afe129eca258720f48', 55996929632, 2, 1, 2),
(248, 'c7c8d1c458001c7c6d5f4e173c9eb75efb2a269f', 55984410593, 1, 1, 2),
(249, '04f764b42a05e877978cb8d9f34652d12724bfe2', 98984336772, 1, 1, 2),
(250, '00be6c39ff94d5309596a7155d5ca5ee1eb60bae', 55999325273, 1, 1, 2),
(251, '8b0f369541714f7e00d59962b12d89ceb4eeb31d', 55981081770, 1, 1, 2),
(252, '978b7e3e9967fc89d3ce6c8fd643aead3d6a33da', 21999781507, 1, 1, 2),
(253, '8dd14039b6383d57f3de553de1c695a10a0a9412', 55981151711, 1, 1, 2),
(254, 'cbd49f1689f7d45169da59c4083c8310d6971ec8', 31988364601, 2, 3, 2),
(255, 'c3766261976397dc221610250a6c02b8c31eabf1', 55997175694, 1, 1, 2),
(256, '1d13b0cd5d06630eece4b1139aa55644705106b1', 55996187179, 1, 1, 2),
(258, 'f3eae75d95cf149a9bb9e310f3e27a09aca050fd', 55996201303, 1, 1, 2),
(259, '4ed439be828237157bdef1a52f697312a90c057e', 55996916815, 1, 1, 2),
(261, '6a99aa7b1cb8f2d5afe8f53f99d3e8e61ac21529', 55999600121, 2, 1, 2),
(262, 'ee2586e2f355bb2276f5fec11ca8775cccf1c7fe', 55991637540, 1, 1, 2),
(263, '4352c21bd91f33bcfbed0628ee3d104033a2ce21', 55981255454, 1, 1, 2),
(264, 'daede702953e711c9b4837d179558ddcd327fd79', 55991811480, 1, 1, 2),
(265, 'ce6f2a5cbabb62818bd202bd733532a88a028f2b', 66999046214, 1, 1, 2),
(266, 'a5624ea615cd484f6f20582eae9b3a8cc1c66fd1', 55996534983, 1, 1, 1),
(267, '164af2dc90f0c300f7b828b30ea2a5e8bd2f919e', 55996136372, 1, 1, 1),
(268, '62d737549fc9eb809af976264127b553784f28b6', 55996123790, 1, 1, 2),
(269, 'ff2e51c581e2befa750c5b693b6148115dbc936d', 55996525404, 1, 1, 2),
(270, '166b59ac38ed94be008af1f75f6a73481190bb9d', 54984055459, 1, 1, 2),
(271, '833326b4c9d4a647fe9113d518fc618934035019', 55999080277, 1, 1, 1),
(272, 'fce1a799a2fa717ab99d96b8403aae0b14b6d834', 55999166437, 1, 1, 2),
(273, '05161cfd5098a42b7bc827dda1fa53f911a320f7', 55997244468, 1, 1, 2),
(274, '81d76b32bdb4b161cd8569a18c00bbee30eaa4ee', 55969041800, 1, 1, 2),
(276, '7dc64b3b71787650e1b4378321102052c0c655b6', 55996669075, 1, 1, 2),
(277, '9c4b2d6cc3e1dd6d73c9da70907ef2121d188e24', 55999738943, 1, 1, 1),
(278, 'bab1898866418b684300a1bde799ca2e74387836', 55984273460, 1, 1, 2),
(279, 'c0570420e99c02223aa6c202abc159e48769146a', 55996216500, 1, 1, 2),
(280, '36ae6a48d5822cdf83339ce1c15961e0c4d8c4ef', 55981187363, 1, 1, 2),
(281, '7a3c035762217c8fac95fcf3421215b0fd24e1e5', 55999506825, 1, 1, 2),
(282, '73fc9027801e9fe55f6903dbd180b23111e5a731', 55984349800, 1, 1, 2),
(283, '8c99aa87afca0e5ad8ac53ff709e28568be14b24', 19997039582, 1, 1, 2),
(284, 'fad3c3cb2b9a44790b5a75a0d65da908afc50189', 55996112883, 1, 1, 2),
(285, '40be50d40fc1b8702ca14769f6a5e77d3ea6caeb', 51998932542, 1, 1, 2),
(287, '94bb9a9f1a551e8abdcf7467a5af633fd56bc114', 55999774077, 1, 1, 1),
(288, '3c07d4c79c5bda92d6ad8ee1ef3c073b0bba7c27', 55997200915, 1, 1, 2),
(289, '2c63a519fec7d5faa38e05b0ed49569a23228fdf', 55991054010, 1, 1, 1),
(290, '22439cda72e38c0772f221b919f7c805f4b5c10e', 55996715015, 1, 1, 2),
(291, 'd59f0f6bf980e1a5bcbccdb879849bb90dcc90d4', 51997192090, 2, 1, 2),
(292, 'a2762ff21aaed9909e7238ced506448c154ba392', 55997140563, 1, 1, 2),
(293, '7c4a8d09ca3762af61e59520943dc26494f8941b', 55981259500, 2, 1, 2),
(295, '0708a4cd9044708ac25de6e517efb5e243402dc4', 55991655642, 1, 1, 2),
(296, '88dc6fefd6ec9317608c1d91a7c9625de03e899d', 55984055508, 1, 1, 1),
(297, '68aa80b397d9e55e621120466c8ceeba60ee8bcd', 55999361980, 1, 1, 2),
(298, 'b0ce3e5ab59a9ff9a1dfcbda6ee97d7a4f201c82', 55996486265, 1, 1, 2),
(300, 'c9324378e8ffd5b11f4fa8454c54869517c9fd12', 55999685711, 1, 1, 2),
(303, '0db6d125302a166d52496820cb0e742c3d178531', 55999403673, 1, 1, 2),
(304, '58eac45858e890799e65008b1cc26f1ad8232c11', 55996959391, 1, 1, 2),
(305, '49dd8b563065eb16f9516391a06d2a4ccd68bdb0', 55991215639, 1, 1, 2),
(306, 'f03e012d7481cc817ef7c96e3815dc7c649562fe', 55999497862, 1, 1, 2),
(307, 'cb4b9fcf90739b3db25709cf00cdedbfd9d23ab2', 55981504813, 1, 1, 2),
(308, '0087228e879fefd006f555f110664ca2398d775d', 55997022942, 2, 1, 2),
(310, 'eb89d8324f88a54701cc19d79a06da0d4f3995e6', 55999056651, 1, 1, 2),
(311, '8d062527b812eeec79ac00bd1923e75b4e70c348', 55999063808, 1, 1, 1),
(312, '709bc0766f648272e87a8ff1f409b5b7739426ab', 55996897905, 1, 1, 1),
(313, '0ae18ea6b034ab06f546ad00d8caa728d34fe611', 55992260660, 1, 1, 2),
(314, 'a08f08bac39aeae6c9580ade7aa8387b5a0e7428', 55997346805, 1, 1, 2),
(315, 'e2cd99e8adfca907ba06bf007892af0b057eba41', 55999714717, 1, 1, 2),
(316, 'd4881dbcd3100bc0c9f056ada9815693fee8f1e4', 34998313921, 1, 1, 2),
(322, 'f90fbce26ac8a485b70644dc4e0246d9e29c3b5a', 55981018883, 1, 1, 2),
(323, '1439969b9c22a4e877d6ba5026c4c1416d5ed4e0', 55999506513, 1, 1, 2),
(324, 'ef13eca66417c36b8d5aaaf6f0f72c3efad1933a', 55999662254, 1, 1, 1),
(325, '1439969b9c22a4e877d6ba5026c4c1416d5ed4e0', 55999495001, 1, 1, 2),
(327, 'd8676fadffd7b0105c371fb5a0b851091b5009ed', 55996097448, 1, 1, 2),
(328, '2174713501ee922ec693bf19e7243681e873b41b', 55996984243, 1, 1, 2),
(329, '3413f0a81638da775e846f8f5aa34962953ff70e', 55996466852, 1, 1, 2),
(330, '5864b157af9f6d90abcdfb1d77057335760e107b', 51991284868, 1, 1, 2),
(331, '8133836cbb008d33045596676802b666b772c0a3', 55999355151, 1, 1, 2),
(332, '2cc7ab00f4b6494a3079fa85979f89db58107047', 55999092581, 1, 1, 2),
(335, 'e251e12e3fb6976aaedc73e92e3c1efef7c1a661', 55999495573, 1, 1, 1),
(336, '2ed08df042485ba5970f3e46106f65ffe0f4f2de', 55996836068, 1, 1, 2),
(337, '4bf8d87dcefc91c22a6bbd0c7c9144a00e58111e', 55997087716, 1, 1, 2),
(338, 'f8e3eaf1958823585faf9b799f8b80f556267f0f', 55981353318, 1, 1, 2),
(340, 'd10a8bc782ef93f6d7d1e4fd39c768c289253a78', 55996962458, 1, 1, 1),
(341, 'e42ee131d47d2e915b62098b08011995d81160f0', 55984427912, 1, 1, 2),
(342, 'f86b98a1d38030d010eba1d62f82d7b702960b68', 55996165837, 1, 1, 2),
(343, '1361426986b0ceed39198bd70cd8d1e3b64332be', 55999866861, 1, 1, 2),
(344, '473c37b1b508732da70b11f6ce9e4f04748129c8', 55999548460, 1, 1, 2),
(345, '2b1fdca38888b9c9443bc273d56904cb20b64bdc', 55997119475, 1, 1, 2),
(346, '194d1f7fc9dc8fe46948ea255a5a00fa53ae6711', 55981056039, 1, 1, 2),
(347, '500126db33b46c126c78eb6f3d26bd4e16e52378', 55996145156, 1, 1, 2),
(348, '72c469dec09c4856b239ce95a463307aebee7352', 55997071847, 1, 1, 2),
(349, '95af707b4e1ce9f159af7f77b6d5044e03617ebb', 55997030193, 1, 1, 2),
(350, '1359a78c4c2a3cf40d20388c273e9d1cbae14e42', 55996379518, 1, 1, 2),
(351, 'c6922b6ba9e0939583f973bc1682493351ad4fe8', 55991861322, 1, 1, 2),
(353, '524ea5dbaab4888f2d8db426cbb9755419c5251d', 55984115109, 2, 1, 2),
(354, '524ea5dbaab4888f2d8db426cbb9755419c5251d', 55981262024, 1, 1, 2),
(355, '702a0c7cb52bcaf4a77f4369f79e329e49a0f1f3', 55997089909, 1, 1, 2),
(356, '52b9b2d654c694e277b0e3f2eb5d0ec5bdc0da01', 55997288429, 1, 1, 2),
(357, 'd2a496f4b01f5615c83b31d2a3069aff3e4fec64', 11999381845, 1, 1, 2),
(358, '119206db42dfba14535af7a45bc856fbd190f09a', 55999295844, 1, 1, 2),
(359, '6f287cbb5c24781335b8bd0d3288612140fc581e', 55981550375, 1, 1, 2),
(360, 'a2ec17196506dee5f2adee0f05a60bdeabe85e08', 55996005679, 1, 1, 2),
(361, '219d61a7bbfc0ff28256076b0db1b03621fd0008', 55996845352, 1, 1, 1),
(362, '76beeefe2da9e909ecbf56c89cf66ef4311584db', 55981256332, 1, 1, 1),
(363, '975cbcac738c683c8b309af9f59076a9c21e8f03', 55996799801, 1, 1, 2),
(364, '6ee711a10b67ff90bf67b04534e28307ffcc0ada', 55996915396, 1, 1, 1),
(365, 'b20c76a2058d74b50bc8572a44545d575ec00626', 55999876676, 1, 1, 2),
(366, '2a05e5ed2cf7b5518ccd06d2b6b0c93c2ecf4ec6', 55996173291, 1, 1, 2),
(367, 'd164b39e9ec43f65376629da9ccf41780775f656', 55991644695, 2, 1, 2),
(369, 'e76b5f05d04433bf594577cf350a2c01bc8824c5', 86995385356, 2, 1, 1),
(370, '29b3b99db2742e4c5ef2a880fb282b821ab737a2', 55996173740, 1, 1, 2),
(371, '29e3a01894b05b20d7d0bb58ef228eb671d06068', 11945526671, 1, 1, 2),
(372, 'a9833a9c77f6fa70b6461b8681b4817a32bafc93', 55999649780, 1, 1, 2),
(373, '2ddec39c22dd6da50551a18f92efc35bf6607563', 55999524609, 1, 1, 2),
(374, '65a4778a25a84cdd42ca3fc10d0f3adec9b9bf33', 55996053919, 1, 1, 2),
(375, '84711ef0bffb9832e635697b925f5077ad89983b', 55999707604, 1, 1, 2),
(376, '1cec701530134af50f0aba83c71cec79a0e6b244', 55999314171, 1, 1, 2),
(377, '9d94db0350d80cec7f059091176434f48fd940bd', 55999580968, 1, 1, 2),
(385, '75026eeb5903a061372028cb4800a0d92da6d8df', 55999650590, 1, 1, 2),
(386, 'b0236d10bd57535dc8ce1e95b808c80ee56464d2', 55999742128, 1, 1, 2),
(387, '7c222fb2927d828af22f592134e8932480637c0d', 55996432822, 1, 1, 1),
(388, 'fb6ef2ff1508431edd21b4a7cdd3bb2b45c8509d', 55996630483, 1, 1, 2),
(390, 'ef9adc4e44a4b69728a58597ab749b3f26e53a00', 55997034545, 1, 1, 2),
(391, '4a32e88c909a5157957e497cf860b9efa06c7151', 55996386788, 1, 1, 2),
(392, 'c75631dbb31fca1deeff1d6f82afb01df17c9447', 55999042806, 1, 1, 2),
(393, 'deb7160ea0a51e018c28e24c33832f1b708f7c82', 55999371057, 1, 1, 2),
(394, '93bc05ba7f089efd3af8af58a384ab70c23075be', 55999472796, 1, 1, 2),
(395, 'a1d3a14d1d4cacea65c617a9dc3890f2ad62b023', 55991646582, 1, 1, 2),
(398, 'd1e8befb63d200ce349269289008d063850d3005', 55984016465, 1, 1, 2),
(399, '867c88724a63cd0988b39d1302d189fd49b18ebf', 55999074353, 1, 1, 2),
(400, '228b2fe560e765da8e4a5b823cc3f1c4985fa228', 37999073652, 1, 1, 2),
(401, '115088509bf65b908a3b05e8f80f4ee4a57a83a3', 55997028429, 1, 1, 2),
(402, '7a523997120f2c396c6c44115fe8d9980c89f67f', 55999638581, 1, 1, 2),
(403, '5e093bb7758f70b96986c7654df827f5d51341d2', 55996014436, 1, 1, 2),
(404, '957b037637cdf80ceed4bbfe30a02aeb20466347', 55984045677, 1, 1, 2),
(405, '59ec641fc80bb8823744283f7bb93ce9949286bb', 55991466630, 1, 1, 2),
(406, '95105859c0fc84cb72712a7180993eff817bdf34', 55999765575, 1, 1, 2),
(407, '8dc1500dc20c9ea6527eda6ac0e35193f8ffe938', 55997358989, 1, 1, 1),
(408, 'ccc2cdb27312315207249b825644c0c3add55987', 55999057528, 1, 1, 2),
(409, '664432c6d29626834aa8cf3c01c7c99d95db681f', 55999446082, 1, 1, 2),
(410, 'cc4266d8279416bbda712ca63adb9305385079d2', 55996728986, 1, 1, 2),
(411, '7c4a8d09ca3762af61e59520943dc26494f8941b', 55999328814, 1, 1, 2),
(412, '3c539968cee1608b4d7d6682b6ac0f7fcc6fdae6', 55999102240, 1, 1, 2),
(413, '81586db83537ecc2725aeb46603d052da668d348', 55996785980, 1, 1, 2),
(414, '82907e970e87f27e8ef3106733a180c55a3a7940', 55996306377, 1, 1, 2),
(415, '204debf5bb8ac96d2d4debabf06f216ea2f028e1', 55999071268, 1, 1, 2),
(416, '0dc7e12fa09cd0ff2e9682a5db599815d5dd3146', 55996025468, 1, 1, 2),
(417, '28cc36bced579ec9955ce919dfe138ad53425780', 51991060059, 1, 1, 2),
(418, '1a2d5c8e93c9c18d3d3220652d44e19ce8c8fcaf', 55981650761, 1, 1, 2),
(419, 'f018b75d26816baf7e1bd75b00318ff60ea99cde', 31985551601, 1, 1, 2),
(420, '3bb35b9b095489b9705f4ca9e019fe3111db197e', 55996964713, 1, 1, 2),
(421, 'f6dfa6cd5a3f522b7a12f4dbc19142ded34ac020', 55996215888, 1, 1, 2),
(422, 'fc8c2f20b642136d5f485fc7bc6eac4018d0866f', 55996905024, 1, 1, 2),
(423, 'de18725772c299e95bccc345f8701622e56a98c0', 55996347536, 1, 1, 2),
(424, '867deaf5e28236606f150d2f2716707ec3e867e9', 55999999999, 1, 1, 2),
(425, 'bef5a58e9e62a9a02b3b405b61d1a714f465c376', 55981740156, 1, 1, 2),
(426, '7313ecd0b4bb12f9651beb34b6a1ef47de636ab9', 55996914472, 1, 1, 2),
(427, 'c0d952adca58070dd4dd14347dcacd12f067ad09', 55996766803, 1, 1, 2),
(428, '0483e29ad0ee111cc020c447829504e55a8dc97a', 55996292811, 1, 1, 2),
(430, 'bf9c53dbf051c3d82943e866d75d6ebfd9254701', 55999368071, 1, 1, 2),
(431, '035b4d7d63f44b561815c9f51b7b2491d04aad18', 55991871959, 1, 1, 2),
(432, '02fe40b3a39102b885a80873fbb6d7acec9bf1fa', 55999666298, 2, 1, 2),
(433, '078c363d91703c66ad603bdf2d2c87371e0ce4de', 55999570426, 1, 1, 1),
(435, 'bc18b658919a311a91037148bc9c7a39c729e18c', 55991223902, 1, 1, 2),
(436, 'ec951c55137afe6706f71373bad8f796b521bd3b', 55999814511, 1, 1, 2),
(437, 'f0ac66187bef74ef062f729c68b87d8d427dd36e', 55991692276, 1, 1, 2),
(438, '572264ccd3146b7c82f48401a4fe8a82540b45a0', 11952283620, 2, 1, 2),
(439, '7c4a8d09ca3762af61e59520943dc26494f8941b', 55996921453, 1, 1, 2),
(440, '713824af933304ff71c493964d8eee39e1c6f02e', 13996070793, 1, 1, 1),
(441, 'e39c92c2c476887631b0974bbf4565821f9d3a33', 55996802015, 1, 1, 2),
(442, 'ad26fa11c91020cb52c237fd0305f55ea1cf854c', 55999881029, 1, 1, 2),
(443, '8b4c1124e71eeecafc3ed34cac494dcd41b5ae1d', 55997230675, 1, 1, 2),
(444, '8b4c1124e71eeecafc3ed34cac494dcd41b5ae1d', 55997230675, 1, 1, 2),
(445, 'fb182f2f149d0712fe825b02f411fa9bd85699ec', 55996439564, 1, 1, 2),
(447, '34099643dbe1e8475fe9ed97d03395961aff47a8', 55996107159, 1, 1, 2),
(448, 'a892dbf36587f9f90cbd9125b30a53413657062b', 55984564630, 1, 1, 2),
(449, '4a5ace1c040fbcee5356f72e2605785e1bff9d3d', 55996861455, 1, 1, 2),
(451, '219df46531bf2ec43c6451343cb807664bfa4e9e', 55996169910, 1, 1, 2),
(453, '4d6bd1529f60207fe9f06f127089337994e1edb7', 55981008837, 1, 1, 2),
(454, 'dab8d85d91f4183b88c1913ec7b9524b9b0fd4bf', 55996621260, 1, 1, 2),
(455, '57febf59e52ff60b0443a188b1fc87d6fff260ec', 55999459264, 2, 1, 2),
(456, '0f0cd20a3614c42e90c13a44b0b18e1c52fa88f0', 55992085586, 1, 1, 2),
(457, '0b43efb04a9b78d6beb1da87341a13d685f71e30', 55997038019, 1, 1, 2),
(458, '89943e98f9ff74c1c362fda48ff5baba4cffe965', 55999011889, 1, 1, 2),
(459, 'a8724fc2ffab7c45dd081285bf57c4808bc2b369', 55999000691, 1, 1, 2),
(460, '640a7feb667a6ee59cfb388914ef70826c5f939e', 55981238901, 1, 1, 2),
(461, 'ecdd19fa994cc39479e7bc8e73c9cea771e295d7', 55991931928, 1, 1, 1),
(462, '6ab15b1f8056b20604ca629a0b84e4774f81d50e', 35999583909, 1, 1, 1),
(463, '0461d31d268331d79b092237bc6d46f4540159a8', 55996639552, 1, 1, 2),
(464, '1acf734325957db8d6e4f203043193cd0fc5f3ba', 55999247229, 1, 1, 2),
(465, '1f9ed08f61f3259d4145dc9af1a1924b1a8824e2', 55996782287, 1, 1, 1),
(466, 'f6751a04b2af779344f8acd5bbe123d9e23f7914', 55996592836, 1, 1, 1),
(467, '875b74765bae546950b70cd6c1adead459e42561', 55999677764, 1, 1, 1),
(468, '25457b4bb586dfdf5ec150e02383f43c0678cdde', 55981496720, 1, 1, 1),
(469, '4bffd298098ce90b803ac9d637cea9446f58a1d3', 55981174536, 1, 1, 2),
(470, '4f361758eaf6d274318ca568c118bb2801138b1b', 55981275724, 1, 1, 2),
(471, '34eef225850a3ce9423a29a632c11f32d03f57c3', 55997224880, 1, 1, 2),
(472, 'b16401c000a28b205bb8e0f66751317a075fbcc0', 55999267114, 1, 1, 1),
(473, '436bbef3f69a595bda85e10cb6a627042200c1c3', 55997261163, 1, 1, 2),
(474, '8ea14b7b94af9bc628458c10c54c4a98ad5e899e', 55981315553, 1, 1, 2),
(475, '649f2eeeaf79c8ce65a4945dce26a8073d96106e', 21981465953, 1, 1, 2),
(476, '4787004433029ddc65c4585c61938572e94c8e46', 55981124017, 1, 1, 2),
(477, 'a3ea117cf85ed5028ecdcf74ac1f4e897585ffd3', 55996288561, 1, 1, 2),
(478, '39bd95ecb1419b9f497b5a64f2926102625bd8c1', 55999970384, 1, 1, 2),
(479, 'dc9d906ac468d340653afafa9ed3bece7114f2a9', 55981228313, 1, 1, 2),
(480, 'b28db163635ffbccb079b0e05477d6cb85105d09', 55991779612, 1, 1, 1),
(481, '7f13c586fd35b62ed0df91f0c3d6e6485d7387ef', 51995350217, 1, 1, 2),
(482, 'ab738e5b8ebc8d7fdd770cd3b7c13a2ce4b22f9e', 55999093933, 1, 1, 2),
(483, '8172642d512679971b330019d5597d96700d974a', 55999067994, 1, 1, 2),
(485, 'c5c4c10e4f740f2a27205ae4515c189f3b71f724', 55996474957, 1, 1, 1),
(486, '3773f20f444618085ac7ac29e10bb4ab8cb5042d', 55996669282, 1, 1, 2),
(487, '239d6a31ebd70f0d84a8a42ea3a08e560402e935', 55996669282, 1, 1, 2),
(488, 'fffd3880b07395f744272e94ec08a0a0a7aa1c1d', 55996513948, 1, 1, 2),
(489, 'e8f0e29b3877500a208fdcc5f4da39104e26b18b', 55996939915, 1, 1, 2),
(490, '4ee5a85a976dcde952a081c321909441c159cd72', 55996438500, 1, 1, 2),
(491, '95a4bf94e7bbc24627137f2c0925dbb2c88f64f0', 55996173317, 1, 1, 2),
(492, 'ffc9de8612b62290d4150dd3edc8ccb114c15ce7', 55999159946, 1, 1, 2),
(493, 'fffd3880b07395f744272e94ec08a0a0a7aa1c1d', 55999513948, 1, 1, 2),
(494, '64765b2a3e72aa41e85b30c8d5fb1f5da15f309f', 55999495001, 1, 1, 2),
(495, 'd87c2c716bf0aced576fd910d600fbf0d84f6232', 55999307722, 1, 1, 2),
(496, 'b28db163635ffbccb079b0e05477d6cb85105d09', 55991779612, 1, 1, 1),
(497, 'da324c37e2c1193fe38726c50d4ca5e56db53283', 55997255247, 1, 1, 2),
(498, 'd87c2c716bf0aced576fd910d600fbf0d84f6232', 55999307722, 1, 1, 1),
(499, 'fa1df66e022f6d05e1b9b8ac7d355d5a4e26294c', 55991262122, 1, 1, 2),
(500, '3dba5355b16d6f3377503fe0684e3a7483244228', 55992146996, 1, 1, 2),
(501, '85b8f68f363bf9f8d7331a89e0c23fcef5025d42', 55984034884, 1, 1, 2),
(502, 'e4dfd131a8f585b91395caefbd92c847f73d8e90', 55984627516, 1, 1, 2),
(503, '3b1d10ab9e117abbb72229be80107a09f2b4bc81', 55996461761, 1, 1, 2),
(504, '0877f28ad37213dcc1c9162038afca9ecb01ca31', 55999951208, 1, 1, 2),
(505, '15ca0688d366a4d3f579f53e4dd6458c9e15f424', 55999027867, 1, 1, 2),
(506, 'fa3d141573481052f115c2a3eab9fe33f736447f', 55996022749, 1, 1, 2),
(507, 'c9727045f054d4b2f0ba478db24734ea31b187e7', 55999473052, 1, 1, 2),
(508, '9a0c5dbdeab8e21eadc0f2626eccc6887310570e', 55996136372, 1, 1, 2),
(509, '4ba8df70e379489ab692985a9956e02ece0079ea', 21972938723, 1, 1, 2),
(510, 'beab8f10e7e6f7123cea95b17d83f3bd82b1c150', 55999483800, 1, 1, 2),
(511, '74db6482d5bdac4c5acc4c874b321e232d7fe1c9', 55999213609, 1, 1, 2),
(512, '4ba8df70e379489ab692985a9956e02ece0079ea', 55996759628, 2, 1, 1),
(513, '0fbd7bbe5a861718268b9b72fab3a1a041b912da', 55999512484, 1, 1, 2),
(514, '612efc1fef0eb31814ac467ad91d77152682c011', 55991739181, 1, 1, 2),
(515, '4ce49e04555367ee4984a703aa13643f2dbfdea1', 55997204161, 1, 1, 2),
(516, '6dd423428457bfa64df6fcdb7f06ee98b4b152b4', 55984449752, 1, 1, 2),
(517, 'e54b4821404aab9e157cd4015ce9a14b4f64619a', 55999750694, 1, 1, 2),
(518, '44472e643f451cae2ba0460e451385f0ff31482f', 55996500409, 1, 1, 2),
(519, '6d8daeea44e24922e0f97f6414a768010421daf3', 55996048408, 1, 1, 2),
(520, 'c78c11c5a9176e42922c8a00d6a6da41a31b65ee', 11950501026, 1, 1, 2),
(521, 'a10222032e8e13076cebdde99cb20b4038a260bc', 55996332636, 1, 1, 2),
(522, '30fcb69e71cc71cee5d8411423e04fb88d7e91d9', 55997057165, 1, 1, 1),
(523, 'c182ed79fab950a4f95013e2e9947fd772b9ea84', 55984475781, 1, 1, 1),
(526, 'e7b64eda641003924c8d3299d03ebe87cd1023f9', 55984378220, 1, 1, 1),
(527, '406135934e612c1e5eb91792adc60b08cda954f0', 51999995001, 1, 1, 2),
(528, 'eb5c063bf44ff47801d78db88626ec4681f38c69', 55999846789, 1, 1, 1),
(529, '5618522dd389b56519e6ec5c703026fbe7d2b615', 55991470457, 1, 1, 2),
(530, 'f8277f462e8cc9fd75167aa573d5d147fc10685e', 55997252415, 1, 1, 1),
(531, '7c4a8d09ca3762af61e59520943dc26494f8941b', 55997049531, 1, 1, 1),
(532, '2f6e09b161d56649df2c10c608afc63e4a2d5feb', 51984642483, 1, 1, 1),
(533, '0b957864d88f355ff0e6d5b67bdf6fd11a39c191', 55999505567, 1, 1, 2);

--
-- Índices de tabelas apagadas
--

--
-- Índices de tabela `atividades`
--
ALTER TABLE `atividades`
  ADD PRIMARY KEY (`idatividade`,`idtipoAtividade`,`idlocalAtividade`),
  ADD KEY `fk_atividades_tiposAtividade1_idx` (`idtipoAtividade`),
  ADD KEY `fk_atividades_intervalosAtividades1_idx` (`idintervaloAtividade`),
  ADD KEY `fk_atividades_localAtividades1_idx` (`idlocalAtividade`);

--
-- Índices de tabela `categorias`
--
ALTER TABLE `categorias`
  ADD PRIMARY KEY (`idcategoria`);

--
-- Índices de tabela `contatos`
--
ALTER TABLE `contatos`
  ADD PRIMARY KEY (`idcontato`);

--
-- Índices de tabela `credenciamentoatividades`
--
ALTER TABLE `credenciamentoatividades`
  ADD PRIMARY KEY (`idcredenciamentoAtividade`,`credenciador_idpessoa`,`participante_idpessoa`,`idatividade`),
  ADD KEY `fk_credenciamentoAtividades_atividades1_idx` (`idatividade`),
  ADD KEY `fk_credenciamentoAtividades_usuarios1_idx` (`credenciador_idpessoa`),
  ADD KEY `fk_credenciamentoAtividades_usuarios2_idx` (`participante_idpessoa`);

--
-- Índices de tabela `credenciamentoevento`
--
ALTER TABLE `credenciamentoevento`
  ADD PRIMARY KEY (`idcredenciamentoEvento`,`credenciador_idpessoa`,`participante_idpessoa`),
  ADD UNIQUE KEY `participante_idpessoa` (`participante_idpessoa`),
  ADD KEY `fk_credenciamentoEvento_usuarios1_idx` (`credenciador_idpessoa`),
  ADD KEY `fk_credenciamentoEvento_usuarios2_idx` (`participante_idpessoa`);

--
-- Índices de tabela `estados`
--
ALTER TABLE `estados`
  ADD PRIMARY KEY (`idEstado`);

--
-- Índices de tabela `evento`
--
ALTER TABLE `evento`
  ADD PRIMARY KEY (`idEvento`,`idEstado`),
  ADD KEY `fk_Evento_Estado_idx` (`idEstado`);

--
-- Índices de tabela `intervalosAtividades`
--
ALTER TABLE `intervalosAtividades`
  ADD PRIMARY KEY (`idintervaloAtividade`,`idtipoIntervalo`),
  ADD KEY `fk_intervalosAtividades_tipoIntervalo1_idx` (`idtipoIntervalo`);

--
-- Índices de tabela `localatividades`
--
ALTER TABLE `localatividades`
  ADD PRIMARY KEY (`idlocalAtividade`);

--
-- Índices de tabela `participantes_has_atividades`
--
ALTER TABLE `participantes_has_atividades`
  ADD PRIMARY KEY (`idpessoa`,`idatividade`),
  ADD KEY `fk_participantes_has_atividades_atividades1_idx` (`idatividade`),
  ADD KEY `fk_participantes_has_atividades_usuarios1_idx` (`idpessoa`);

--
-- Índices de tabela `pessoas`
--
ALTER TABLE `pessoas`
  ADD PRIMARY KEY (`idpessoa`),
  ADD UNIQUE KEY `email_UNIQUE` (`email`);

--
-- Índices de tabela `privilegios`
--
ALTER TABLE `privilegios`
  ADD PRIMARY KEY (`idprivilegio`);

--
-- Índices de tabela `registrarPalestra`
--
ALTER TABLE `registrarPalestra`
  ADD PRIMARY KEY (`idregistrarPalestra`,`idpessoa`,`idatividade`),
  ADD KEY `fk_registrarPalestra_usuarios1_idx` (`idpessoa`),
  ADD KEY `fk_registrarPalestra_atividades1_idx` (`idatividade`);

--
-- Índices de tabela `situacoes`
--
ALTER TABLE `situacoes`
  ADD PRIMARY KEY (`idsituacao`);

--
-- Índices de tabela `tipointervalo`
--
ALTER TABLE `tipointervalo`
  ADD PRIMARY KEY (`idtipoIntervalo`);

--
-- Índices de tabela `tiposatividade`
--
ALTER TABLE `tiposatividade`
  ADD PRIMARY KEY (`idtipoAtividade`);

--
-- Índices de tabela `usuarios`
--
ALTER TABLE `usuarios`
  ADD PRIMARY KEY (`idpessoa`,`idprivilegio`,`idcategoria`,`idsituacao`),
  ADD KEY `fk_usuarios_privilegio1_idx` (`idprivilegio`),
  ADD KEY `fk_usuarios_pessoas1_idx` (`idpessoa`),
  ADD KEY `fk_usuarios_categoria1_idx` (`idcategoria`),
  ADD KEY `fk_usuarios_situacoes1_idx` (`idsituacao`);

--
-- AUTO_INCREMENT de tabelas apagadas
--

--
-- AUTO_INCREMENT de tabela `atividades`
--
ALTER TABLE `atividades`
  MODIFY `idatividade` int(11) NOT NULL AUTO_INCREMENT, AUTO_INCREMENT=103;

--
-- AUTO_INCREMENT de tabela `categorias`
--
ALTER TABLE `categorias`
  MODIFY `idcategoria` int(11) NOT NULL AUTO_INCREMENT, AUTO_INCREMENT=4;

--
-- AUTO_INCREMENT de tabela `contatos`
--
ALTER TABLE `contatos`
  MODIFY `idcontato` int(11) NOT NULL AUTO_INCREMENT, AUTO_INCREMENT=9;

--
-- AUTO_INCREMENT de tabela `credenciamentoatividades`
--
ALTER TABLE `credenciamentoatividades`
  MODIFY `idcredenciamentoAtividade` int(11) NOT NULL AUTO_INCREMENT, AUTO_INCREMENT=1557;

--
-- AUTO_INCREMENT de tabela `credenciamentoevento`
--
ALTER TABLE `credenciamentoevento`
  MODIFY `idcredenciamentoEvento` int(11) NOT NULL AUTO_INCREMENT, AUTO_INCREMENT=441;

--
-- AUTO_INCREMENT de tabela `estados`
--
ALTER TABLE `estados`
  MODIFY `idEstado` int(11) NOT NULL AUTO_INCREMENT, AUTO_INCREMENT=28;

--
-- AUTO_INCREMENT de tabela `evento`
--
ALTER TABLE `evento`
  MODIFY `idEvento` int(11) NOT NULL AUTO_INCREMENT, AUTO_INCREMENT=2;

--
-- AUTO_INCREMENT de tabela `intervalosAtividades`
--
ALTER TABLE `intervalosAtividades`
  MODIFY `idintervaloAtividade` int(11) NOT NULL AUTO_INCREMENT, AUTO_INCREMENT=24;

--
-- AUTO_INCREMENT de tabela `localatividades`
--
ALTER TABLE `localatividades`
  MODIFY `idlocalAtividade` int(11) NOT NULL AUTO_INCREMENT, AUTO_INCREMENT=26;

--
-- AUTO_INCREMENT de tabela `pessoas`
--
ALTER TABLE `pessoas`
  MODIFY `idpessoa` int(11) NOT NULL AUTO_INCREMENT, AUTO_INCREMENT=534;

--
-- AUTO_INCREMENT de tabela `privilegios`
--
ALTER TABLE `privilegios`
  MODIFY `idprivilegio` int(11) NOT NULL AUTO_INCREMENT, AUTO_INCREMENT=4;

--
-- AUTO_INCREMENT de tabela `registrarPalestra`
--
ALTER TABLE `registrarPalestra`
  MODIFY `idregistrarPalestra` int(11) NOT NULL AUTO_INCREMENT;

--
-- AUTO_INCREMENT de tabela `situacoes`
--
ALTER TABLE `situacoes`
  MODIFY `idsituacao` int(11) NOT NULL AUTO_INCREMENT, AUTO_INCREMENT=3;

--
-- AUTO_INCREMENT de tabela `tipointervalo`
--
ALTER TABLE `tipointervalo`
  MODIFY `idtipoIntervalo` int(11) NOT NULL AUTO_INCREMENT, AUTO_INCREMENT=4;

--
-- AUTO_INCREMENT de tabela `tiposatividade`
--
ALTER TABLE `tiposatividade`
  MODIFY `idtipoAtividade` int(11) NOT NULL AUTO_INCREMENT, AUTO_INCREMENT=7;

--
-- Restrições para dumps de tabelas
--

--
-- Restrições para tabelas `atividades`
--
ALTER TABLE `atividades`
  ADD CONSTRAINT `fk_atividades_intervalosAtividades1` FOREIGN KEY (`idintervaloAtividade`) REFERENCES `intervalosAtividades` (`idintervaloAtividade`) ON DELETE NO ACTION ON UPDATE NO ACTION,
  ADD CONSTRAINT `fk_atividades_localAtividades1` FOREIGN KEY (`idlocalAtividade`) REFERENCES `localatividades` (`idlocalAtividade`) ON DELETE NO ACTION ON UPDATE NO ACTION,
  ADD CONSTRAINT `fk_atividades_tiposAtividade1` FOREIGN KEY (`idtipoAtividade`) REFERENCES `tiposatividade` (`idtipoAtividade`) ON DELETE NO ACTION ON UPDATE NO ACTION;

--
-- Restrições para tabelas `credenciamentoatividades`
--
ALTER TABLE `credenciamentoatividades`
  ADD CONSTRAINT `fk_credenciamentoAtividades_atividades1` FOREIGN KEY (`idatividade`) REFERENCES `atividades` (`idatividade`) ON DELETE NO ACTION ON UPDATE NO ACTION,
  ADD CONSTRAINT `fk_credenciamentoAtividades_usuarios1` FOREIGN KEY (`credenciador_idpessoa`) REFERENCES `usuarios` (`idpessoa`) ON DELETE NO ACTION ON UPDATE NO ACTION,
  ADD CONSTRAINT `fk_credenciamentoAtividades_usuarios2` FOREIGN KEY (`participante_idpessoa`) REFERENCES `usuarios` (`idpessoa`) ON DELETE NO ACTION ON UPDATE NO ACTION;

--
-- Restrições para tabelas `credenciamentoevento`
--
ALTER TABLE `credenciamentoevento`
  ADD CONSTRAINT `fk_credenciamentoEvento_usuarios1` FOREIGN KEY (`credenciador_idpessoa`) REFERENCES `usuarios` (`idpessoa`) ON DELETE NO ACTION ON UPDATE NO ACTION,
  ADD CONSTRAINT `fk_credenciamentoEvento_usuarios2` FOREIGN KEY (`participante_idpessoa`) REFERENCES `usuarios` (`idpessoa`) ON DELETE NO ACTION ON UPDATE NO ACTION;

--
-- Restrições para tabelas `evento`
--
ALTER TABLE `evento`
  ADD CONSTRAINT `fk_Evento_Estado` FOREIGN KEY (`idEstado`) REFERENCES `estados` (`idEstado`) ON DELETE NO ACTION ON UPDATE NO ACTION;

--
-- Restrições para tabelas `intervalosAtividades`
--
ALTER TABLE `intervalosAtividades`
  ADD CONSTRAINT `fk_intervalosAtividades_tipoIntervalo1` FOREIGN KEY (`idtipoIntervalo`) REFERENCES `tipointervalo` (`idtipoIntervalo`) ON DELETE NO ACTION ON UPDATE NO ACTION;

--
-- Restrições para tabelas `participantes_has_atividades`
--
ALTER TABLE `participantes_has_atividades`
  ADD CONSTRAINT `fk_participantes_has_atividades_atividades1` FOREIGN KEY (`idatividade`) REFERENCES `atividades` (`idatividade`) ON DELETE NO ACTION ON UPDATE NO ACTION,
  ADD CONSTRAINT `fk_participantes_has_atividades_usuarios1` FOREIGN KEY (`idpessoa`) REFERENCES `usuarios` (`idpessoa`) ON DELETE NO ACTION ON UPDATE NO ACTION;

--
-- Restrições para tabelas `registrarPalestra`
--
ALTER TABLE `registrarPalestra`
  ADD CONSTRAINT `fk_registrarPalestra_atividades1` FOREIGN KEY (`idatividade`) REFERENCES `atividades` (`idatividade`) ON DELETE NO ACTION ON UPDATE NO ACTION,
  ADD CONSTRAINT `fk_registrarPalestra_usuarios1` FOREIGN KEY (`idpessoa`) REFERENCES `usuarios` (`idpessoa`) ON DELETE NO ACTION ON UPDATE NO ACTION;

--
-- Restrições para tabelas `usuarios`
--
ALTER TABLE `usuarios`
  ADD CONSTRAINT `fk_usuarios_categoria1` FOREIGN KEY (`idcategoria`) REFERENCES `categorias` (`idcategoria`) ON DELETE NO ACTION ON UPDATE NO ACTION,
  ADD CONSTRAINT `fk_usuarios_pessoas1` FOREIGN KEY (`idpessoa`) REFERENCES `pessoas` (`idpessoa`) ON DELETE NO ACTION ON UPDATE NO ACTION,
  ADD CONSTRAINT `fk_usuarios_privilegio1` FOREIGN KEY (`idprivilegio`) REFERENCES `privilegios` (`idprivilegio`) ON DELETE NO ACTION ON UPDATE NO ACTION,
  ADD CONSTRAINT `fk_usuarios_situacoes1` FOREIGN KEY (`idsituacao`) REFERENCES `situacoes` (`idsituacao`) ON DELETE NO ACTION ON UPDATE NO ACTION;
COMMIT;

/*!40101 SET CHARACTER_SET_CLIENT=@OLD_CHARACTER_SET_CLIENT */;
/*!40101 SET CHARACTER_SET_RESULTS=@OLD_CHARACTER_SET_RESULTS */;
/*!40101 SET COLLATION_CONNECTION=@OLD_COLLATION_CONNECTION */;
