-- MySQL Script generated by MySQL Workbench
-- Sat Jun 23 17:21:08 2018
-- Model: New Model    Version: 1.0
-- MySQL Workbench Forward Engineering

SET @OLD_UNIQUE_CHECKS=@@UNIQUE_CHECKS, UNIQUE_CHECKS=0;
SET @OLD_FOREIGN_KEY_CHECKS=@@FOREIGN_KEY_CHECKS, FOREIGN_KEY_CHECKS=0;
SET @OLD_SQL_MODE=@@SQL_MODE, SQL_MODE='TRADITIONAL,ALLOW_INVALID_DATES';

-- -----------------------------------------------------
-- Schema cecalegr_sacta
-- -----------------------------------------------------

-- -----------------------------------------------------
-- Schema cecalegr_sacta
-- -----------------------------------------------------
CREATE SCHEMA IF NOT EXISTS `cecalegr_sacta` DEFAULT CHARACTER SET utf8 ;
USE `cecalegr_sacta` ;

-- -----------------------------------------------------
-- Table `cecalegr_sacta`.`estados`
-- -----------------------------------------------------
CREATE TABLE IF NOT EXISTS `cecalegr_sacta`.`estados` (
  `idEstado` INT NOT NULL AUTO_INCREMENT,
  `codigoUf` INT NOT NULL,
  `nome` VARCHAR(60) NOT NULL,
  `Uf` CHAR(2) NOT NULL,
  `regiao` INT NOT NULL,
  PRIMARY KEY (`idEstado`))
ENGINE = InnoDB;


-- -----------------------------------------------------
-- Table `cecalegr_sacta`.`evento`
-- -----------------------------------------------------
CREATE TABLE IF NOT EXISTS `cecalegr_sacta`.`evento` (
  `idEvento` INT NOT NULL AUTO_INCREMENT,
  `titulo` VARCHAR(100) NOT NULL,
  `dataInicio` DATETIME NOT NULL,
  `dataFim` DATETIME NOT NULL,
  `local` VARCHAR(100) NOT NULL,
  `idEstado` INT NOT NULL,
  `cidade` VARCHAR(100) NOT NULL,
  `responsavel` VARCHAR(100) NOT NULL,
  `email` VARCHAR(100) NOT NULL,
  `telefone` BIGINT(11) NOT NULL,
  `descricao` TEXT NOT NULL,
  `logo` BLOB NOT NULL,
  `cargaHoraria` INT NOT NULL,
  `idiomaEvento` VARCHAR(100) NOT NULL,
  `sigla` VARCHAR(12) NOT NULL,
  PRIMARY KEY (`idEvento`, `idEstado`),
  INDEX `fk_Evento_Estado_idx` (`idEstado` ASC),
  CONSTRAINT `fk_Evento_Estado`
    FOREIGN KEY (`idEstado`)
    REFERENCES `cecalegr_sacta`.`estados` (`idEstado`)
    ON DELETE NO ACTION
    ON UPDATE NO ACTION)
ENGINE = InnoDB;


-- -----------------------------------------------------
-- Table `cecalegr_sacta`.`privilegios`
-- -----------------------------------------------------
CREATE TABLE IF NOT EXISTS `cecalegr_sacta`.`privilegios` (
  `idprivilegio` INT NOT NULL AUTO_INCREMENT,
  `privilegio` VARCHAR(45) NOT NULL,
  PRIMARY KEY (`idprivilegio`))
ENGINE = InnoDB;


-- -----------------------------------------------------
-- Table `cecalegr_sacta`.`pessoas`
-- -----------------------------------------------------
CREATE TABLE IF NOT EXISTS `cecalegr_sacta`.`pessoas` (
  `idpessoa` INT NOT NULL AUTO_INCREMENT,
  `nome` VARCHAR(100) NOT NULL,
  `email` VARCHAR(100) NOT NULL,
  PRIMARY KEY (`idpessoa`),
  UNIQUE INDEX `email_UNIQUE` (`email` ASC))
ENGINE = InnoDB;


-- -----------------------------------------------------
-- Table `cecalegr_sacta`.`categorias`
-- -----------------------------------------------------
CREATE TABLE IF NOT EXISTS `cecalegr_sacta`.`categorias` (
  `idcategoria` INT NOT NULL AUTO_INCREMENT,
  `categoria` VARCHAR(45) NOT NULL,
  `valor` DECIMAL(10,2) NOT NULL,
  PRIMARY KEY (`idcategoria`))
ENGINE = InnoDB;


-- -----------------------------------------------------
-- Table `cecalegr_sacta`.`situacoes`
-- -----------------------------------------------------
CREATE TABLE IF NOT EXISTS `cecalegr_sacta`.`situacoes` (
  `idsituacao` INT NOT NULL AUTO_INCREMENT,
  `situacao` VARCHAR(45) NOT NULL,
  PRIMARY KEY (`idsituacao`))
ENGINE = InnoDB;


-- -----------------------------------------------------
-- Table `cecalegr_sacta`.`usuarios`
-- -----------------------------------------------------
CREATE TABLE IF NOT EXISTS `cecalegr_sacta`.`usuarios` (
  `idpessoa` INT NOT NULL,
  `senha` VARCHAR(45) NOT NULL,
  `telefone` BIGINT(11) NOT NULL,
  `idprivilegio` INT NOT NULL,
  `idcategoria` INT NOT NULL,
  `idsituacao` INT NOT NULL,
  PRIMARY KEY (`idpessoa`, `idprivilegio`, `idcategoria`, `idsituacao`),
  INDEX `fk_usuarios_privilegio1_idx` (`idprivilegio` ASC),
  INDEX `fk_usuarios_pessoas1_idx` (`idpessoa` ASC),
  INDEX `fk_usuarios_categoria1_idx` (`idcategoria` ASC),
  INDEX `fk_usuarios_situacoes1_idx` (`idsituacao` ASC),
  CONSTRAINT `fk_usuarios_privilegio1`
    FOREIGN KEY (`idprivilegio`)
    REFERENCES `cecalegr_sacta`.`privilegios` (`idprivilegio`)
    ON DELETE NO ACTION
    ON UPDATE NO ACTION,
  CONSTRAINT `fk_usuarios_pessoas1`
    FOREIGN KEY (`idpessoa`)
    REFERENCES `cecalegr_sacta`.`pessoas` (`idpessoa`)
    ON DELETE NO ACTION
    ON UPDATE NO ACTION,
  CONSTRAINT `fk_usuarios_categoria1`
    FOREIGN KEY (`idcategoria`)
    REFERENCES `cecalegr_sacta`.`categorias` (`idcategoria`)
    ON DELETE NO ACTION
    ON UPDATE NO ACTION,
  CONSTRAINT `fk_usuarios_situacoes1`
    FOREIGN KEY (`idsituacao`)
    REFERENCES `cecalegr_sacta`.`situacoes` (`idsituacao`)
    ON DELETE NO ACTION
    ON UPDATE NO ACTION)
ENGINE = InnoDB;


-- -----------------------------------------------------
-- Table `cecalegr_sacta`.`tiposAtividade`
-- -----------------------------------------------------
CREATE TABLE IF NOT EXISTS `cecalegr_sacta`.`tiposAtividade` (
  `idtipoAtividade` INT NOT NULL AUTO_INCREMENT,
  `tipoAtividade` VARCHAR(45) NOT NULL,
  PRIMARY KEY (`idtipoAtividade`))
ENGINE = InnoDB;


-- -----------------------------------------------------
-- Table `cecalegr_sacta`.`tipoIntervalo`
-- -----------------------------------------------------
CREATE TABLE IF NOT EXISTS `cecalegr_sacta`.`tipoIntervalo` (
  `idtipoIntervalo` INT NOT NULL AUTO_INCREMENT,
  `intervalo` VARCHAR(45) NULL,
  PRIMARY KEY (`idtipoIntervalo`))
ENGINE = InnoDB;


-- -----------------------------------------------------
-- Table `cecalegr_sacta`.`intervalosAtividades`
-- -----------------------------------------------------
CREATE TABLE IF NOT EXISTS `cecalegr_sacta`.`intervalosAtividades` (
  `idintervaloAtividade` INT NOT NULL AUTO_INCREMENT,
  `idtipoIntervalo` INT NOT NULL,
  `inicio` DATETIME NOT NULL,
  `fim` DATETIME NOT NULL,
  PRIMARY KEY (`idintervaloAtividade`, `idtipoIntervalo`),
  INDEX `fk_intervalosAtividades_tipoIntervalo1_idx` (`idtipoIntervalo` ASC),
  CONSTRAINT `fk_intervalosAtividades_tipoIntervalo1`
    FOREIGN KEY (`idtipoIntervalo`)
    REFERENCES `cecalegr_sacta`.`tipoIntervalo` (`idtipoIntervalo`)
    ON DELETE NO ACTION
    ON UPDATE NO ACTION)
ENGINE = InnoDB;


-- -----------------------------------------------------
-- Table `cecalegr_sacta`.`localAtividades`
-- -----------------------------------------------------
CREATE TABLE IF NOT EXISTS `cecalegr_sacta`.`localAtividades` (
  `idlocalAtividade` INT NOT NULL AUTO_INCREMENT,
  `local` VARCHAR(45) NOT NULL,
  `limiteVagas` SMALLINT NOT NULL,
  PRIMARY KEY (`idlocalAtividade`))
ENGINE = InnoDB;


-- -----------------------------------------------------
-- Table `cecalegr_sacta`.`atividades`
-- -----------------------------------------------------
CREATE TABLE IF NOT EXISTS `cecalegr_sacta`.`atividades` (
  `idatividade` INT NOT NULL AUTO_INCREMENT,
  `nome` VARCHAR(100) NOT NULL,
  `descricao` VARCHAR(100) NULL,
  `inicio` DATETIME NOT NULL,
  `fim` DATETIME NOT NULL,
  `cargaHoraria` TIME NOT NULL,
  `idtipoAtividade` INT NOT NULL,
  `idintervaloAtividade` INT NULL,
  `idlocalAtividade` INT NOT NULL,
  `ministrante` VARCHAR(100) NOT NULL,
  PRIMARY KEY (`idatividade`, `idtipoAtividade`, `idlocalAtividade`),
  INDEX `fk_atividades_tiposAtividade1_idx` (`idtipoAtividade` ASC),
  INDEX `fk_atividades_intervalosAtividades1_idx` (`idintervaloAtividade` ASC),
  INDEX `fk_atividades_localAtividades1_idx` (`idlocalAtividade` ASC),
  CONSTRAINT `fk_atividades_tiposAtividade1`
    FOREIGN KEY (`idtipoAtividade`)
    REFERENCES `cecalegr_sacta`.`tiposAtividade` (`idtipoAtividade`)
    ON DELETE NO ACTION
    ON UPDATE NO ACTION,
  CONSTRAINT `fk_atividades_intervalosAtividades1`
    FOREIGN KEY (`idintervaloAtividade`)
    REFERENCES `cecalegr_sacta`.`intervalosAtividades` (`idintervaloAtividade`)
    ON DELETE NO ACTION
    ON UPDATE NO ACTION,
  CONSTRAINT `fk_atividades_localAtividades1`
    FOREIGN KEY (`idlocalAtividade`)
    REFERENCES `cecalegr_sacta`.`localAtividades` (`idlocalAtividade`)
    ON DELETE NO ACTION
    ON UPDATE NO ACTION)
ENGINE = InnoDB;


-- -----------------------------------------------------
-- Table `cecalegr_sacta`.`participantes_has_atividades`
-- -----------------------------------------------------
CREATE TABLE IF NOT EXISTS `cecalegr_sacta`.`participantes_has_atividades` (
  `idpessoa` INT NOT NULL,
  `idatividade` INT NOT NULL,
  `inscricao` DATETIME NOT NULL,
  PRIMARY KEY (`idpessoa`, `idatividade`),
  INDEX `fk_participantes_has_atividades_atividades1_idx` (`idatividade` ASC),
  INDEX `fk_participantes_has_atividades_usuarios1_idx` (`idpessoa` ASC),
  CONSTRAINT `fk_participantes_has_atividades_atividades1`
    FOREIGN KEY (`idatividade`)
    REFERENCES `cecalegr_sacta`.`atividades` (`idatividade`)
    ON DELETE NO ACTION
    ON UPDATE NO ACTION,
  CONSTRAINT `fk_participantes_has_atividades_usuarios1`
    FOREIGN KEY (`idpessoa`)
    REFERENCES `cecalegr_sacta`.`usuarios` (`idpessoa`)
    ON DELETE NO ACTION
    ON UPDATE NO ACTION)
ENGINE = InnoDB;


-- -----------------------------------------------------
-- Table `cecalegr_sacta`.`credenciamentoAtividades`
-- -----------------------------------------------------
CREATE TABLE IF NOT EXISTS `cecalegr_sacta`.`credenciamentoAtividades` (
  `idcredenciamentoAtividade` INT NOT NULL AUTO_INCREMENT,
  `credenciador_idpessoa` INT NOT NULL,
  `participante_idpessoa` INT NOT NULL,
  `idatividade` INT NOT NULL,
  `horario` DATETIME NOT NULL,
  PRIMARY KEY (`idcredenciamentoAtividade`, `credenciador_idpessoa`, `participante_idpessoa`, `idatividade`),
  INDEX `fk_credenciamentoAtividades_atividades1_idx` (`idatividade` ASC),
  INDEX `fk_credenciamentoAtividades_usuarios1_idx` (`credenciador_idpessoa` ASC),
  INDEX `fk_credenciamentoAtividades_usuarios2_idx` (`participante_idpessoa` ASC),
  CONSTRAINT `fk_credenciamentoAtividades_atividades1`
    FOREIGN KEY (`idatividade`)
    REFERENCES `cecalegr_sacta`.`atividades` (`idatividade`)
    ON DELETE NO ACTION
    ON UPDATE NO ACTION,
  CONSTRAINT `fk_credenciamentoAtividades_usuarios1`
    FOREIGN KEY (`credenciador_idpessoa`)
    REFERENCES `cecalegr_sacta`.`usuarios` (`idpessoa`)
    ON DELETE NO ACTION
    ON UPDATE NO ACTION,
  CONSTRAINT `fk_credenciamentoAtividades_usuarios2`
    FOREIGN KEY (`participante_idpessoa`)
    REFERENCES `cecalegr_sacta`.`usuarios` (`idpessoa`)
    ON DELETE NO ACTION
    ON UPDATE NO ACTION)
ENGINE = InnoDB;


-- -----------------------------------------------------
-- Table `cecalegr_sacta`.`credenciamentoEvento`
-- -----------------------------------------------------
CREATE TABLE IF NOT EXISTS `cecalegr_sacta`.`credenciamentoEvento` (
  `idcredenciamentoEvento` INT NOT NULL AUTO_INCREMENT,
  `credenciador_idpessoa` INT NOT NULL,
  `participante_idpessoa` INT NOT NULL,
  `horario` DATETIME NOT NULL,
  `materialEntregue` TINYINT NOT NULL,
  PRIMARY KEY (`idcredenciamentoEvento`, `credenciador_idpessoa`, `participante_idpessoa`),
  INDEX `fk_credenciamentoEvento_usuarios1_idx` (`credenciador_idpessoa` ASC),
  INDEX `fk_credenciamentoEvento_usuarios2_idx` (`participante_idpessoa` ASC),
  CONSTRAINT `fk_credenciamentoEvento_usuarios1`
    FOREIGN KEY (`credenciador_idpessoa`)
    REFERENCES `cecalegr_sacta`.`usuarios` (`idpessoa`)
    ON DELETE NO ACTION
    ON UPDATE NO ACTION,
  CONSTRAINT `fk_credenciamentoEvento_usuarios2`
    FOREIGN KEY (`participante_idpessoa`)
    REFERENCES `cecalegr_sacta`.`usuarios` (`idpessoa`)
    ON DELETE NO ACTION
    ON UPDATE NO ACTION)
ENGINE = InnoDB;


-- -----------------------------------------------------
-- Table `cecalegr_sacta`.`contatos`
-- -----------------------------------------------------
CREATE TABLE IF NOT EXISTS `cecalegr_sacta`.`contatos` (
  `idcontato` INT NOT NULL AUTO_INCREMENT,
  `nome` VARCHAR(45) NOT NULL,
  `email` VARCHAR(60) NOT NULL,
  `assunto` VARCHAR(60) NOT NULL,
  `mensagem` TEXT NOT NULL,
  PRIMARY KEY (`idcontato`))
ENGINE = InnoDB;


SET SQL_MODE=@OLD_SQL_MODE;
SET FOREIGN_KEY_CHECKS=@OLD_FOREIGN_KEY_CHECKS;
SET UNIQUE_CHECKS=@OLD_UNIQUE_CHECKS;

-- -----------------------------------------------------
-- Data for table `cecalegr_sacta`.`estados`
-- -----------------------------------------------------
START TRANSACTION;
USE `cecalegr_sacta`;
INSERT INTO `cecalegr_sacta`.`estados` (`idEstado`, `codigoUf`, `nome`, `Uf`, `regiao`) VALUES (1, 12, 'Acre', 'AC', 1);
INSERT INTO `cecalegr_sacta`.`estados` (`idEstado`, `codigoUf`, `nome`, `Uf`, `regiao`) VALUES (2, 27, 'Alagoas', 'AL', 2);
INSERT INTO `cecalegr_sacta`.`estados` (`idEstado`, `codigoUf`, `nome`, `Uf`, `regiao`) VALUES (3, 16, 'Amapá', 'AP', 1);
INSERT INTO `cecalegr_sacta`.`estados` (`idEstado`, `codigoUf`, `nome`, `Uf`, `regiao`) VALUES (4, 13, 'Amazonas', 'AM', 1);
INSERT INTO `cecalegr_sacta`.`estados` (`idEstado`, `codigoUf`, `nome`, `Uf`, `regiao`) VALUES (5, 29, 'Bahia', 'BA', 2);
INSERT INTO `cecalegr_sacta`.`estados` (`idEstado`, `codigoUf`, `nome`, `Uf`, `regiao`) VALUES (6, 23, 'Ceará', 'CE', 2);
INSERT INTO `cecalegr_sacta`.`estados` (`idEstado`, `codigoUf`, `nome`, `Uf`, `regiao`) VALUES (7, 53, 'Distrito Federal', 'DF', 5);
INSERT INTO `cecalegr_sacta`.`estados` (`idEstado`, `codigoUf`, `nome`, `Uf`, `regiao`) VALUES (8, 32, 'Espírito Santo', 'ES', 3);
INSERT INTO `cecalegr_sacta`.`estados` (`idEstado`, `codigoUf`, `nome`, `Uf`, `regiao`) VALUES (9, 52, 'Goiás', 'GO', 5);
INSERT INTO `cecalegr_sacta`.`estados` (`idEstado`, `codigoUf`, `nome`, `Uf`, `regiao`) VALUES (10, 21, 'Maranhão', 'MA', 2);
INSERT INTO `cecalegr_sacta`.`estados` (`idEstado`, `codigoUf`, `nome`, `Uf`, `regiao`) VALUES (11, 51, 'Mato Grosso', 'MT', 5);
INSERT INTO `cecalegr_sacta`.`estados` (`idEstado`, `codigoUf`, `nome`, `Uf`, `regiao`) VALUES (12, 50, 'Mato Grosso do Sul', 'MS', 5);
INSERT INTO `cecalegr_sacta`.`estados` (`idEstado`, `codigoUf`, `nome`, `Uf`, `regiao`) VALUES (13, 31, 'Minas Gerais', 'MG', 3);
INSERT INTO `cecalegr_sacta`.`estados` (`idEstado`, `codigoUf`, `nome`, `Uf`, `regiao`) VALUES (14, 15, 'Pará', 'PA', 1);
INSERT INTO `cecalegr_sacta`.`estados` (`idEstado`, `codigoUf`, `nome`, `Uf`, `regiao`) VALUES (15, 25, 'Paraíba', 'PB', 2);
INSERT INTO `cecalegr_sacta`.`estados` (`idEstado`, `codigoUf`, `nome`, `Uf`, `regiao`) VALUES (16, 41, 'Paraná', 'PR', 4);
INSERT INTO `cecalegr_sacta`.`estados` (`idEstado`, `codigoUf`, `nome`, `Uf`, `regiao`) VALUES (17, 26, 'Pernambuco', 'PE', 2);
INSERT INTO `cecalegr_sacta`.`estados` (`idEstado`, `codigoUf`, `nome`, `Uf`, `regiao`) VALUES (18, 22, 'Piauí', 'PI', 2);
INSERT INTO `cecalegr_sacta`.`estados` (`idEstado`, `codigoUf`, `nome`, `Uf`, `regiao`) VALUES (19, 33, 'Rio de Janeiro', 'RJ', 3);
INSERT INTO `cecalegr_sacta`.`estados` (`idEstado`, `codigoUf`, `nome`, `Uf`, `regiao`) VALUES (20, 24, 'Rio Grande do Norte', 'RN', 2);
INSERT INTO `cecalegr_sacta`.`estados` (`idEstado`, `codigoUf`, `nome`, `Uf`, `regiao`) VALUES (21, 43, 'Rio Grande do Sul', 'RS', 4);
INSERT INTO `cecalegr_sacta`.`estados` (`idEstado`, `codigoUf`, `nome`, `Uf`, `regiao`) VALUES (22, 11, 'Rondônia', 'RO', 1);
INSERT INTO `cecalegr_sacta`.`estados` (`idEstado`, `codigoUf`, `nome`, `Uf`, `regiao`) VALUES (23, 14, 'Roraima', 'RR', 1);
INSERT INTO `cecalegr_sacta`.`estados` (`idEstado`, `codigoUf`, `nome`, `Uf`, `regiao`) VALUES (24, 42, 'Santa Catarina', 'SC', 4);
INSERT INTO `cecalegr_sacta`.`estados` (`idEstado`, `codigoUf`, `nome`, `Uf`, `regiao`) VALUES (25, 35, 'São Paulo', 'SP', 3);
INSERT INTO `cecalegr_sacta`.`estados` (`idEstado`, `codigoUf`, `nome`, `Uf`, `regiao`) VALUES (26, 28, 'Sergipe', 'SE', 2);
INSERT INTO `cecalegr_sacta`.`estados` (`idEstado`, `codigoUf`, `nome`, `Uf`, `regiao`) VALUES (27, 17, 'Tocantins', 'TO', 1);

COMMIT;


-- -----------------------------------------------------
-- Data for table `cecalegr_sacta`.`evento`
-- -----------------------------------------------------
START TRANSACTION;
USE `cecalegr_sacta`;
INSERT INTO `cecalegr_sacta`.`evento` (`idEvento`, `titulo`, `dataInicio`, `dataFim`, `local`, `idEstado`, `cidade`, `responsavel`, `email`, `telefone`, `descricao`, `logo`, `cargaHoraria`, `idiomaEvento`, `sigla`) VALUES (1, '10ª Semana Acadêmica do Campus Tecnológico de Alegrete', '2018-06-25 08:30:00', '2018-06-29 22:30:00', 'Unipampa Alegrete', 21, 'Alegrete', 'CEC', 'a@a.com', 0, 'descricaododb', 0x3F, 60, 'Brasil', 'SACTA X');

COMMIT;


-- -----------------------------------------------------
-- Data for table `cecalegr_sacta`.`privilegios`
-- -----------------------------------------------------
START TRANSACTION;
USE `cecalegr_sacta`;
INSERT INTO `cecalegr_sacta`.`privilegios` (`idprivilegio`, `privilegio`) VALUES (1, 'Participante');
INSERT INTO `cecalegr_sacta`.`privilegios` (`idprivilegio`, `privilegio`) VALUES (2, 'Credenciador');
INSERT INTO `cecalegr_sacta`.`privilegios` (`idprivilegio`, `privilegio`) VALUES (3, 'Organizador');

COMMIT;


-- -----------------------------------------------------
-- Data for table `cecalegr_sacta`.`pessoas`
-- -----------------------------------------------------
START TRANSACTION;
USE `cecalegr_sacta`;
INSERT INTO `cecalegr_sacta`.`pessoas` (`idpessoa`, `nome`, `email`) VALUES (1, 'Gustavo Bittencourt Satheler', 'gustavosatheler@gmail.com');
INSERT INTO `cecalegr_sacta`.`pessoas` (`idpessoa`, `nome`, `email`) VALUES (2, 'Michael Luis de Nazare Martins', 'martins.m09@hotmail.com');

COMMIT;


-- -----------------------------------------------------
-- Data for table `cecalegr_sacta`.`categorias`
-- -----------------------------------------------------
START TRANSACTION;
USE `cecalegr_sacta`;
INSERT INTO `cecalegr_sacta`.`categorias` (`idcategoria`, `categoria`, `valor`) VALUES (1, 'Ouvinte', 15.00);

COMMIT;


-- -----------------------------------------------------
-- Data for table `cecalegr_sacta`.`situacoes`
-- -----------------------------------------------------
START TRANSACTION;
USE `cecalegr_sacta`;
INSERT INTO `cecalegr_sacta`.`situacoes` (`idsituacao`, `situacao`) VALUES (1, 'Pré-Inscrito');
INSERT INTO `cecalegr_sacta`.`situacoes` (`idsituacao`, `situacao`) VALUES (2, 'Confirmado');

COMMIT;


-- -----------------------------------------------------
-- Data for table `cecalegr_sacta`.`usuarios`
-- -----------------------------------------------------
START TRANSACTION;
USE `cecalegr_sacta`;
INSERT INTO `cecalegr_sacta`.`usuarios` (`idpessoa`, `senha`, `telefone`, `idprivilegio`, `idcategoria`, `idsituacao`) VALUES (1, 'b6c5db3cb14b0a6e5fa2dde9da6e4bd778a459eb', 55999367788, 3, 1, 1);
INSERT INTO `cecalegr_sacta`.`usuarios` (`idpessoa`, `senha`, `telefone`, `idprivilegio`, `idcategoria`, `idsituacao`) VALUES (2, '0e8b9d56152dc76f290c008b46769c77aedf0459', 98984336772, 3, 1, 1);

COMMIT;


-- -----------------------------------------------------
-- Data for table `cecalegr_sacta`.`tiposAtividade`
-- -----------------------------------------------------
START TRANSACTION;
USE `cecalegr_sacta`;
INSERT INTO `cecalegr_sacta`.`tiposAtividade` (`idtipoAtividade`, `tipoAtividade`) VALUES (1, 'Competição');
INSERT INTO `cecalegr_sacta`.`tiposAtividade` (`idtipoAtividade`, `tipoAtividade`) VALUES (2, 'Conferência');
INSERT INTO `cecalegr_sacta`.`tiposAtividade` (`idtipoAtividade`, `tipoAtividade`) VALUES (3, 'Minicurso');
INSERT INTO `cecalegr_sacta`.`tiposAtividade` (`idtipoAtividade`, `tipoAtividade`) VALUES (4, 'Palestra');
INSERT INTO `cecalegr_sacta`.`tiposAtividade` (`idtipoAtividade`, `tipoAtividade`) VALUES (5, 'Outro');

COMMIT;


-- -----------------------------------------------------
-- Data for table `cecalegr_sacta`.`tipoIntervalo`
-- -----------------------------------------------------
START TRANSACTION;
USE `cecalegr_sacta`;
INSERT INTO `cecalegr_sacta`.`tipoIntervalo` (`idtipoIntervalo`, `intervalo`) VALUES (1, 'Coffee Break');
INSERT INTO `cecalegr_sacta`.`tipoIntervalo` (`idtipoIntervalo`, `intervalo`) VALUES (2, 'Almoço');
INSERT INTO `cecalegr_sacta`.`tipoIntervalo` (`idtipoIntervalo`, `intervalo`) VALUES (3, 'Intervalo');

COMMIT;


-- -----------------------------------------------------
-- Data for table `cecalegr_sacta`.`intervalosAtividades`
-- -----------------------------------------------------
START TRANSACTION;
USE `cecalegr_sacta`;
INSERT INTO `cecalegr_sacta`.`intervalosAtividades` (`idintervaloAtividade`, `idtipoIntervalo`, `inicio`, `fim`) VALUES (1, 1, '2018-06-25 15:30:00', '2018-06-25 16:00:00');
INSERT INTO `cecalegr_sacta`.`intervalosAtividades` (`idintervaloAtividade`, `idtipoIntervalo`, `inicio`, `fim`) VALUES (2, 3, '2018-06-25 18:00:00', '2018-06-25 19:00:00');
INSERT INTO `cecalegr_sacta`.`intervalosAtividades` (`idintervaloAtividade`, `idtipoIntervalo`, `inicio`, `fim`) VALUES (3, 1, '2018-06-25 20:30:00', '2018-06-25 21:00:00');
INSERT INTO `cecalegr_sacta`.`intervalosAtividades` (`idintervaloAtividade`, `idtipoIntervalo`, `inicio`, `fim`) VALUES (4, 1, '2018-06-26 10:00:00', '2018-06-25 10:30:00');
INSERT INTO `cecalegr_sacta`.`intervalosAtividades` (`idintervaloAtividade`, `idtipoIntervalo`, `inicio`, `fim`) VALUES (5, 2, '2018-06-26 12:00:00', '2018-06-26 14:00:00');
INSERT INTO `cecalegr_sacta`.`intervalosAtividades` (`idintervaloAtividade`, `idtipoIntervalo`, `inicio`, `fim`) VALUES (6, 1, '2018-06-26 15:30:00', '2018-06-26 16:00:00');
INSERT INTO `cecalegr_sacta`.`intervalosAtividades` (`idintervaloAtividade`, `idtipoIntervalo`, `inicio`, `fim`) VALUES (7, 3, '2018-06-26 18:00:00', '2018-06-26 19:00:00');
INSERT INTO `cecalegr_sacta`.`intervalosAtividades` (`idintervaloAtividade`, `idtipoIntervalo`, `inicio`, `fim`) VALUES (8, 1, '2018-06-26 20:00:00', '2018-06-26 21:00:00');
INSERT INTO `cecalegr_sacta`.`intervalosAtividades` (`idintervaloAtividade`, `idtipoIntervalo`, `inicio`, `fim`) VALUES (9, 1, '2018-06-27 10:00:00', '2018-06-27 10:30:00');
INSERT INTO `cecalegr_sacta`.`intervalosAtividades` (`idintervaloAtividade`, `idtipoIntervalo`, `inicio`, `fim`) VALUES (10, 2, '2018-06-27 12:00:00', '2018-06-27 14:00:00');
INSERT INTO `cecalegr_sacta`.`intervalosAtividades` (`idintervaloAtividade`, `idtipoIntervalo`, `inicio`, `fim`) VALUES (11, 1, '2018-06-27 15:30:00', '2018-06-27 16:00:00');
INSERT INTO `cecalegr_sacta`.`intervalosAtividades` (`idintervaloAtividade`, `idtipoIntervalo`, `inicio`, `fim`) VALUES (12, 3, '2018-06-27 18:00:00', '2018-06-27 19:00:00');
INSERT INTO `cecalegr_sacta`.`intervalosAtividades` (`idintervaloAtividade`, `idtipoIntervalo`, `inicio`, `fim`) VALUES (13, 1, '2018-06-27 20:30:00', '2018-06-27 21:00:00');
INSERT INTO `cecalegr_sacta`.`intervalosAtividades` (`idintervaloAtividade`, `idtipoIntervalo`, `inicio`, `fim`) VALUES (14, 1, '2018-06-28 10:00:00', '2018-06-28 10:30:00');
INSERT INTO `cecalegr_sacta`.`intervalosAtividades` (`idintervaloAtividade`, `idtipoIntervalo`, `inicio`, `fim`) VALUES (15, 2, '2018-06-28 12:00:00', '2018-06-28 14:00:00');
INSERT INTO `cecalegr_sacta`.`intervalosAtividades` (`idintervaloAtividade`, `idtipoIntervalo`, `inicio`, `fim`) VALUES (16, 1, '2018-06-28 15:30:00', '2018-06-28 16:00:00');
INSERT INTO `cecalegr_sacta`.`intervalosAtividades` (`idintervaloAtividade`, `idtipoIntervalo`, `inicio`, `fim`) VALUES (17, 3, '2018-06-28 18:00:00', '2018-06-28 19:00:00');
INSERT INTO `cecalegr_sacta`.`intervalosAtividades` (`idintervaloAtividade`, `idtipoIntervalo`, `inicio`, `fim`) VALUES (18, 1, '2018-06-28 20:30:00', '2018-06-28 21:00:00');
INSERT INTO `cecalegr_sacta`.`intervalosAtividades` (`idintervaloAtividade`, `idtipoIntervalo`, `inicio`, `fim`) VALUES (19, 1, '2018-06-29 10:00:00', '2018-06-29 10:30:00');
INSERT INTO `cecalegr_sacta`.`intervalosAtividades` (`idintervaloAtividade`, `idtipoIntervalo`, `inicio`, `fim`) VALUES (20, 2, '2018-06-29 12:00:00', '2018-06-29 14:00:00');
INSERT INTO `cecalegr_sacta`.`intervalosAtividades` (`idintervaloAtividade`, `idtipoIntervalo`, `inicio`, `fim`) VALUES (21, 1, '2018-06-29 15:30:00', '2018-06-29 16:00:00');
INSERT INTO `cecalegr_sacta`.`intervalosAtividades` (`idintervaloAtividade`, `idtipoIntervalo`, `inicio`, `fim`) VALUES (22, 3, '2018-06-29 18:00:00', '2018-06-29 19:00:00');
INSERT INTO `cecalegr_sacta`.`intervalosAtividades` (`idintervaloAtividade`, `idtipoIntervalo`, `inicio`, `fim`) VALUES (23, 1, '2018-06-29 20:30:00', '2018-06-29 21:00:00');

COMMIT;


-- -----------------------------------------------------
-- Data for table `cecalegr_sacta`.`localAtividades`
-- -----------------------------------------------------
START TRANSACTION;
USE `cecalegr_sacta`;
INSERT INTO `cecalegr_sacta`.`localAtividades` (`idlocalAtividade`, `local`, `limiteVagas`) VALUES (1, 'Auditório Márcia Cristina Cera (Sala 101)', 150);
INSERT INTO `cecalegr_sacta`.`localAtividades` (`idlocalAtividade`, `local`, `limiteVagas`) VALUES (2, 'Laboratório de Informática 03', 30);
INSERT INTO `cecalegr_sacta`.`localAtividades` (`idlocalAtividade`, `local`, `limiteVagas`) VALUES (3, 'Laboratório de Informática 04', 30);
INSERT INTO `cecalegr_sacta`.`localAtividades` (`idlocalAtividade`, `local`, `limiteVagas`) VALUES (4, 'Laboratório de Informática 05', 30);
INSERT INTO `cecalegr_sacta`.`localAtividades` (`idlocalAtividade`, `local`, `limiteVagas`) VALUES (5, 'Sala 103', 70);
INSERT INTO `cecalegr_sacta`.`localAtividades` (`idlocalAtividade`, `local`, `limiteVagas`) VALUES (6, 'Sala 203', 70);
INSERT INTO `cecalegr_sacta`.`localAtividades` (`idlocalAtividade`, `local`, `limiteVagas`) VALUES (7, 'Sala 104 (CEC)', 70);
INSERT INTO `cecalegr_sacta`.`localAtividades` (`idlocalAtividade`, `local`, `limiteVagas`) VALUES (8, 'Sala 104 B (Estudos)', 70);
INSERT INTO `cecalegr_sacta`.`localAtividades` (`idlocalAtividade`, `local`, `limiteVagas`) VALUES (9, 'LAMAP - Mecanização Agrícola do Pampa', 70);
INSERT INTO `cecalegr_sacta`.`localAtividades` (`idlocalAtividade`, `local`, `limiteVagas`) VALUES (10, 'Laborátorio Mecânica', 70);
INSERT INTO `cecalegr_sacta`.`localAtividades` (`idlocalAtividade`, `local`, `limiteVagas`) VALUES (11, 'Sala 209', 70);
INSERT INTO `cecalegr_sacta`.`localAtividades` (`idlocalAtividade`, `local`, `limiteVagas`) VALUES (12, 'Hall de Entrada', 70);
INSERT INTO `cecalegr_sacta`.`localAtividades` (`idlocalAtividade`, `local`, `limiteVagas`) VALUES (13, 'Sala 312', 70);
INSERT INTO `cecalegr_sacta`.`localAtividades` (`idlocalAtividade`, `local`, `limiteVagas`) VALUES (14, 'Sala 201', 70);
INSERT INTO `cecalegr_sacta`.`localAtividades` (`idlocalAtividade`, `local`, `limiteVagas`) VALUES (15, 'Sala 301', 70);
INSERT INTO `cecalegr_sacta`.`localAtividades` (`idlocalAtividade`, `local`, `limiteVagas`) VALUES (16, 'Laboratório de Informática 03', 30);

COMMIT;


-- -----------------------------------------------------
-- Data for table `cecalegr_sacta`.`atividades`
-- -----------------------------------------------------
START TRANSACTION;
USE `cecalegr_sacta`;
INSERT INTO `cecalegr_sacta`.`atividades` (`idatividade`, `nome`, `descricao`, `inicio`, `fim`, `cargaHoraria`, `idtipoAtividade`, `idintervaloAtividade`, `idlocalAtividade`, `ministrante`) VALUES (1, 'Palestra Oficial de Abertura', 'Público alvo: LIVRE', '2018-06-25 14:00:00', '2018-06-25 15:30:00', '02:00:00', 4, NULL, 1, ' ');
INSERT INTO `cecalegr_sacta`.`atividades` (`idatividade`, `nome`, `descricao`, `inicio`, `fim`, `cargaHoraria`, `idtipoAtividade`, `idintervaloAtividade`, `idlocalAtividade`, `ministrante`) VALUES (2, 'Aditivos Quimicos para concretos e argamassa', 'Público alvo: Engenharia Civil', '2018-06-25 16:00:00', '2018-06-25 18:00:00', '02:00:00', 4, 2, 1, 'Marcos Rorato');
INSERT INTO `cecalegr_sacta`.`atividades` (`idatividade`, `nome`, `descricao`, `inicio`, `fim`, `cargaHoraria`, `idtipoAtividade`, `idintervaloAtividade`, `idlocalAtividade`, `ministrante`) VALUES (3, 'Python e suas principais Bibliotecas', 'Público alvo: Ciência da Computação - Engenharia de Software', '2018-06-25 19:00:00', '2018-06-25 22:30:00', '04:00:00', 3, 3, 4, 'Wesley Ferreira');
INSERT INTO `cecalegr_sacta`.`atividades` (`idatividade`, `nome`, `descricao`, `inicio`, `fim`, `cargaHoraria`, `idtipoAtividade`, `idintervaloAtividade`, `idlocalAtividade`, `ministrante`) VALUES (4, 'Arduino e Prototipagem (Teoria/Prática - Básico)', 'Público alvo: Ciência da Computação - Engenharia de Software', '2018-06-25 19:00:00', '2018-06-25 22:30:00', '04:00:00', 3, 3, 3, 'David Martins');
INSERT INTO `cecalegr_sacta`.`atividades` (`idatividade`, `nome`, `descricao`, `inicio`, `fim`, `cargaHoraria`, `idtipoAtividade`, `idintervaloAtividade`, `idlocalAtividade`, `ministrante`) VALUES (5, 'Barragens de Terra', 'Público alvo: Engenharia Civil - Engenharia Agrícola', '2018-06-25 19:00:00', '2018-06-25 20:30:00', '02:00:00', 4, NULL, 14, 'Jaelson Budny');
INSERT INTO `cecalegr_sacta`.`atividades` (`idatividade`, `nome`, `descricao`, `inicio`, `fim`, `cargaHoraria`, `idtipoAtividade`, `idintervaloAtividade`, `idlocalAtividade`, `ministrante`) VALUES (6, 'Photoshop para iniciantes', 'Público alvo: Ciência da Computação - Engenharia de Software', '2018-06-25 19:00:00', '2018-06-25 22:30:00', '04:00:00', 3, 3, 2, 'Adriel Rodrigues');
INSERT INTO `cecalegr_sacta`.`atividades` (`idatividade`, `nome`, `descricao`, `inicio`, `fim`, `cargaHoraria`, `idtipoAtividade`, `idintervaloAtividade`, `idlocalAtividade`, `ministrante`) VALUES (7, 'Prototipagem Virtual - Simulação via CFD - Higra: Inovação e Sustentabilidade', 'Público alvo: Engenharia Elétrica', '2018-06-26 08:30:00', '2018-06-26 10:00:00', '02:00:00', 4, NULL, 1, 'Greco Tusset de Moura - Diretor Técnico da HIGRA');
INSERT INTO `cecalegr_sacta`.`atividades` (`idatividade`, `nome`, `descricao`, `inicio`, `fim`, `cargaHoraria`, `idtipoAtividade`, `idintervaloAtividade`, `idlocalAtividade`, `ministrante`) VALUES (8, 'Oficina Excel Básico - Parte 1 e Parte 2', 'Público alvo: Livre', '2018-06-26 08:30:00', '2018-06-26 12:00:00', '04:00:00', 3, 4, 14, 'Equipe Excel Unipampa');
INSERT INTO `cecalegr_sacta`.`atividades` (`idatividade`, `nome`, `descricao`, `inicio`, `fim`, `cargaHoraria`, `idtipoAtividade`, `idintervaloAtividade`, `idlocalAtividade`, `ministrante`) VALUES (9, 'Oficina - Argamassa Estabilizada - Parte 1 e Parte 2', 'Público alvo: Engenharia Civil', '2018-06-26 08:30:00', '2018-06-26 12:00:00', '04:00:00', 3, 4, 6, 'Aldo Temp e Equipe');
INSERT INTO `cecalegr_sacta`.`atividades` (`idatividade`, `nome`, `descricao`, `inicio`, `fim`, `cargaHoraria`, `idtipoAtividade`, `idintervaloAtividade`, `idlocalAtividade`, `ministrante`) VALUES (10, 'Energia Elétrica na Irrigação da Lavoura de Arroz', 'Público alvo: Engenharia Elétrica - Engenharia Agrícola', '2018-06-26 08:30:00', '2018-06-26 10:00:00', '02:00:00', 4, NULL, 15, 'Sirnei Nunes Da Silva');
INSERT INTO `cecalegr_sacta`.`atividades` (`idatividade`, `nome`, `descricao`, `inicio`, `fim`, `cargaHoraria`, `idtipoAtividade`, `idintervaloAtividade`, `idlocalAtividade`, `ministrante`) VALUES (11, 'Bombas anfíbias e turbogeradores anfíbios - Higra: Inovação e Sustentabilidade', 'Público alvo: Engenharia Elétrica', '2018-06-26 10:30:00', '2018-06-26 12:00:00', '02:00:00', 4, NULL, 1, 'Greco Tusset de Moura - Diretor Técnico da HIGRA');
INSERT INTO `cecalegr_sacta`.`atividades` (`idatividade`, `nome`, `descricao`, `inicio`, `fim`, `cargaHoraria`, `idtipoAtividade`, `idintervaloAtividade`, `idlocalAtividade`, `ministrante`) VALUES (12, 'Instalações de Gás', 'Público alvo: Engenharia Civil', '2018-06-26 10:30:00', '2018-06-26 12:00:00', '02:00:00', 4, NULL, 11, 'Dieison Gabbi Fantineli');
INSERT INTO `cecalegr_sacta`.`atividades` (`idatividade`, `nome`, `descricao`, `inicio`, `fim`, `cargaHoraria`, `idtipoAtividade`, `idintervaloAtividade`, `idlocalAtividade`, `ministrante`) VALUES (13, 'Segurança nas Rodovias', 'Público alvo: Livre', '2018-06-26 14:00:00', '2018-06-26 15:30:00', '02:00:00', 4, NULL, 1, 'Policial Rodoviário Federal Fogassa');
INSERT INTO `cecalegr_sacta`.`atividades` (`idatividade`, `nome`, `descricao`, `inicio`, `fim`, `cargaHoraria`, `idtipoAtividade`, `idintervaloAtividade`, `idlocalAtividade`, `ministrante`) VALUES (14, 'Minicurso Introdução ao MatLab - Turma 1', 'Público alvo: Engenharia Elétrica', '2018-06-26 14:00:00', '2018-06-26 18:00:00', '04:00:00', 3, 6, 2, '	Maurício de Souza Ferreira, Caroline Bremm e Cristian Muller');
INSERT INTO `cecalegr_sacta`.`atividades` (`idatividade`, `nome`, `descricao`, `inicio`, `fim`, `cargaHoraria`, `idtipoAtividade`, `idintervaloAtividade`, `idlocalAtividade`, `ministrante`) VALUES (15, 'Responsabilidade Técnica', 'Público alvo: Engenharia Civil', '2018-06-26 14:00:00', '2018-06-26 15:30:00', '02:00:00', 4, NULL, 6, 'Katea - Inspetora Geral CREA RS');
INSERT INTO `cecalegr_sacta`.`atividades` (`idatividade`, `nome`, `descricao`, `inicio`, `fim`, `cargaHoraria`, `idtipoAtividade`, `idintervaloAtividade`, `idlocalAtividade`, `ministrante`) VALUES (16, 'CREA e o papel da fiscalização e inspetorias na sociedade', 'Público alvo: Engenharia Civil', '2018-06-26 14:00:00', '2018-06-26 15:30:00', '02:00:00', 4, NULL, 15, 'Katia Messa / Mauro Briao');
INSERT INTO `cecalegr_sacta`.`atividades` (`idatividade`, `nome`, `descricao`, `inicio`, `fim`, `cargaHoraria`, `idtipoAtividade`, `idintervaloAtividade`, `idlocalAtividade`, `ministrante`) VALUES (17, 'Minicurso: SolidWorks - Saindo do Básico\"\"', 'Público alvo: Engenharia Mecânica', '2018-06-26 14:00:00', '2018-06-26 18:00:00', '04:00:00', 3, 6, 4, 'Fernando Hendges');
INSERT INTO `cecalegr_sacta`.`atividades` (`idatividade`, `nome`, `descricao`, `inicio`, `fim`, `cargaHoraria`, `idtipoAtividade`, `idintervaloAtividade`, `idlocalAtividade`, `ministrante`) VALUES (18, 'IoT - Seguranca da Informacao na Prática', 'Público alvo: Ciência da Computação', '2018-06-26 16:00:00', '2018-06-26 18:00:00', '02:00:00', 4, NULL, 1, 'Paulo Lino');
INSERT INTO `cecalegr_sacta`.`atividades` (`idatividade`, `nome`, `descricao`, `inicio`, `fim`, `cargaHoraria`, `idtipoAtividade`, `idintervaloAtividade`, `idlocalAtividade`, `ministrante`) VALUES (19, 'Licitações', 'Público alvo: Engenharia Civil', '2018-06-26 16:00:00', '2018-06-26 18:00:00', '02:00:00', 4, NULL, 15, 'José Rojas');
INSERT INTO `cecalegr_sacta`.`atividades` (`idatividade`, `nome`, `descricao`, `inicio`, `fim`, `cargaHoraria`, `idtipoAtividade`, `idintervaloAtividade`, `idlocalAtividade`, `ministrante`) VALUES (20, 'Materiais Cerâmicos Refratários', 'Público alvo: Engenharia Civil', '2018-06-26 16:00:00', '2018-06-26 18:00:00', '02:00:00', 4, NULL, 6, '	Alessandro Nunes');
INSERT INTO `cecalegr_sacta`.`atividades` (`idatividade`, `nome`, `descricao`, `inicio`, `fim`, `cargaHoraria`, `idtipoAtividade`, `idintervaloAtividade`, `idlocalAtividade`, `ministrante`) VALUES (21, 'Competição de Inteligência Artificial para jogos', 'Público alvo: Ciência da Computação - Engenharia de Software', '2018-06-26 19:00:00', '2018-06-26 22:30:00', '04:00:00', 1, 8, 4, 'Prof. Jean Cheiran');
INSERT INTO `cecalegr_sacta`.`atividades` (`idatividade`, `nome`, `descricao`, `inicio`, `fim`, `cargaHoraria`, `idtipoAtividade`, `idintervaloAtividade`, `idlocalAtividade`, `ministrante`) VALUES (22, 'Arduino e Prototipagem (T/P - Intermediário)', 'Público alvo: Ciência da Computação - Engenharia de Software', '2018-06-26 19:00:00', '2018-06-26 22:30:00', '04:00:00', 3, 8, 2, 'David Martins');
INSERT INTO `cecalegr_sacta`.`atividades` (`idatividade`, `nome`, `descricao`, `inicio`, `fim`, `cargaHoraria`, `idtipoAtividade`, `idintervaloAtividade`, `idlocalAtividade`, `ministrante`) VALUES (23, 'Uma Análise Crítica dos 130 Anos de Abolição da Escravatura', 'Público alvo: Livre', '2018-06-26 19:00:00', '2018-06-26 20:30:00', '02:00:00', 4, NULL, 1, 'Prof. Francisco Carlos Duarte Vitória');
INSERT INTO `cecalegr_sacta`.`atividades` (`idatividade`, `nome`, `descricao`, `inicio`, `fim`, `cargaHoraria`, `idtipoAtividade`, `idintervaloAtividade`, `idlocalAtividade`, `ministrante`) VALUES (24, '	Oportunidades e Desafios Após a Graduação', 'Público alvo: Engenharia Civil', '2018-06-26 19:00:00', '2018-06-26 20:30:00', '02:00:00', 4, NULL, 6, 'Alunos Egressos');
INSERT INTO `cecalegr_sacta`.`atividades` (`idatividade`, `nome`, `descricao`, `inicio`, `fim`, `cargaHoraria`, `idtipoAtividade`, `idintervaloAtividade`, `idlocalAtividade`, `ministrante`) VALUES (25, 'Atuação do Engenherio Civil na Engenharia Aeroespacial', 'Público alvo: Engenharia Civil', '2018-06-26 19:00:00', '2018-06-26 20:30:00', '02:00:00', 4, NULL, 15, 'Cesar Cristaldo');
INSERT INTO `cecalegr_sacta`.`atividades` (`idatividade`, `nome`, `descricao`, `inicio`, `fim`, `cargaHoraria`, `idtipoAtividade`, `idintervaloAtividade`, `idlocalAtividade`, `ministrante`) VALUES (26, 'Método construtivo: Parede de concreto', 'Público alvo: Livre', '2018-06-26 21:00:00', '2018-06-26 22:30:00', '02:00:00', 4, NULL, 6, 'Daniela Padoin');
INSERT INTO `cecalegr_sacta`.`atividades` (`idatividade`, `nome`, `descricao`, `inicio`, `fim`, `cargaHoraria`, `idtipoAtividade`, `idintervaloAtividade`, `idlocalAtividade`, `ministrante`) VALUES (27, 'Minicurso Introdução ao MatLab - Turma 2', 'Público alvo: Engenharia Elétrica', '2018-06-27 08:30:00', '2018-06-27 12:00:00', '04:00:00', 3, 9, 2, 'Maurício de Souza Ferreira, Caroline Bremm e Cristian Muller');
INSERT INTO `cecalegr_sacta`.`atividades` (`idatividade`, `nome`, `descricao`, `inicio`, `fim`, `cargaHoraria`, `idtipoAtividade`, `idintervaloAtividade`, `idlocalAtividade`, `ministrante`) VALUES (28, 'Minicurso Manutenção de Ar condicionado automotivo', 'Público alvo: Engenharia Mecânica', '2018-06-27 08:30:00', '2018-06-27 12:00:00', '04:00:00', 3, 9, 10, 'Henrique Vicente');
INSERT INTO `cecalegr_sacta`.`atividades` (`idatividade`, `nome`, `descricao`, `inicio`, `fim`, `cargaHoraria`, `idtipoAtividade`, `idintervaloAtividade`, `idlocalAtividade`, `ministrante`) VALUES (29, '“Power World - Análise de Sistemas de potência\",Público alvo: Engenharia Elétrica\"', '2018-06-27 08:30:00', '2018-06-27 12:00:00', '04:00:00', 3, 9, 3, 'Prof.ª Ana Paula Mello');
INSERT INTO `cecalegr_sacta`.`atividades` (`idatividade`, `nome`, `descricao`, `inicio`, `fim`, `cargaHoraria`, `idtipoAtividade`, `idintervaloAtividade`, `idlocalAtividade`, `ministrante`) VALUES (30, 'Manutenção e instalação de bombas centrífugas de irrigação', 'Público alvo: Engenharia Mecânica - Engenharia Acrícola', '2018-06-27 08:30:00', '2018-06-27 12:00:00', '04:00:00', 3, 9, 9, 'Luziele Oliveira de Oliveira');
INSERT INTO `cecalegr_sacta`.`atividades` (`idatividade`, `nome`, `descricao`, `inicio`, `fim`, `cargaHoraria`, `idtipoAtividade`, `idintervaloAtividade`, `idlocalAtividade`, `ministrante`) VALUES (31, '	Oficina Excel Básico - Parte 3 e Parte 4', 'Público alvo: Livre', '2018-06-27 08:30:00', '2018-06-27 12:00:00', '04:00:00', 3, 9, 14, 'Equipe Excel Unipampa');
INSERT INTO `cecalegr_sacta`.`atividades` (`idatividade`, `nome`, `descricao`, `inicio`, `fim`, `cargaHoraria`, `idtipoAtividade`, `idintervaloAtividade`, `idlocalAtividade`, `ministrante`) VALUES (32, '	Minicurso Introdução ao LateX', 'Público alvo: Livre', '2018-06-27 14:00:00', '2018-06-27 18:00:00', '04:00:00', 3, 11, 2, 'Victor Israel, Melissa Bilher, Sinara Corrêa, Diogo Deus, Luan Miguel e Cristian Muller');
INSERT INTO `cecalegr_sacta`.`atividades` (`idatividade`, `nome`, `descricao`, `inicio`, `fim`, `cargaHoraria`, `idtipoAtividade`, `idintervaloAtividade`, `idlocalAtividade`, `ministrante`) VALUES (33, 'Desafio Pentesting: implementação e exploração', 'Público alvo: Ciência da Computação - Engenharia de Software', '2018-06-27 14:00:00', '2018-06-27 18:00:00', '04:00:00', 1, 11, 4, 'Isadora Ferrão');
INSERT INTO `cecalegr_sacta`.`atividades` (`idatividade`, `nome`, `descricao`, `inicio`, `fim`, `cargaHoraria`, `idtipoAtividade`, `idintervaloAtividade`, `idlocalAtividade`, `ministrante`) VALUES (34, '	Engenharia Agrícola - O Futuro da Agricultura Brasileira', 'Engenharia Agrícola', '2018-06-27 14:00:00', '2018-06-27 15:30:00', '02:00:00', 4, NULL, 11, 'Eng. Agrícola Douglas Adolpho');
INSERT INTO `cecalegr_sacta`.`atividades` (`idatividade`, `nome`, `descricao`, `inicio`, `fim`, `cargaHoraria`, `idtipoAtividade`, `idintervaloAtividade`, `idlocalAtividade`, `ministrante`) VALUES (35, 'Aditivos Quimicos', 'Público alvo: Engenharia Civil', '2018-06-27 16:00:00', '2018-06-27 18:00:00', '02:00:00', 4, NULL, 4, 'Mateus Rorato');
INSERT INTO `cecalegr_sacta`.`atividades` (`idatividade`, `nome`, `descricao`, `inicio`, `fim`, `cargaHoraria`, `idtipoAtividade`, `idintervaloAtividade`, `idlocalAtividade`, `ministrante`) VALUES (36, '	Introdução a processamento paralelo com OpenMP (30 vagas)', 'Público alvo: Ciência da Computação - Engenharia de Software', '2018-06-27 19:00:00', '2018-06-27 22:30:00', '04:00:00', 3, 13, 4, 'Matheus Serpa');
INSERT INTO `cecalegr_sacta`.`atividades` (`idatividade`, `nome`, `descricao`, `inicio`, `fim`, `cargaHoraria`, `idtipoAtividade`, `idintervaloAtividade`, `idlocalAtividade`, `ministrante`) VALUES (37, 'Programação visual com JavaScript', 'Público alvo: Ciência da Computação - Engenharia de Software', '2018-06-27 19:00:00', '2018-06-27 22:30:00', '04:00:00', 3, 13, 3, 'Vitor Ribeiro');
INSERT INTO `cecalegr_sacta`.`atividades` (`idatividade`, `nome`, `descricao`, `inicio`, `fim`, `cargaHoraria`, `idtipoAtividade`, `idintervaloAtividade`, `idlocalAtividade`, `ministrante`) VALUES (38, 'Minicurso Automação com Shell', 'Público alvo: Ciência da Computação - Engenharia de Software', '2018-06-27 19:00:00', '2018-06-27 22:30:00', '04:00:00', 3, 13, 2, 'Sherlon Almeida');
INSERT INTO `cecalegr_sacta`.`atividades` (`idatividade`, `nome`, `descricao`, `inicio`, `fim`, `cargaHoraria`, `idtipoAtividade`, `idintervaloAtividade`, `idlocalAtividade`, `ministrante`) VALUES (39, 'Mecanica Básica', 'Público alvo: Livre', '2018-06-27 19:00:00', '2018-06-27 20:30:00', '02:00:00', 4, NULL, 1, 'Geraldo Haeming');
INSERT INTO `cecalegr_sacta`.`atividades` (`idatividade`, `nome`, `descricao`, `inicio`, `fim`, `cargaHoraria`, `idtipoAtividade`, `idintervaloAtividade`, `idlocalAtividade`, `ministrante`) VALUES (40, 'Os Pilares da engenharia - A importância das disciplinas básicas na vida profissional', 'Público alvo: Livre', '2018-06-27 19:00:00', '2018-06-27 20:30:00', '02:00:00', 4, NULL, 15, 'Cesar Cristaldo');
INSERT INTO `cecalegr_sacta`.`atividades` (`idatividade`, `nome`, `descricao`, `inicio`, `fim`, `cargaHoraria`, `idtipoAtividade`, `idintervaloAtividade`, `idlocalAtividade`, `ministrante`) VALUES (41, 'Palestra Geração Distribuída - Energia Fotovoltaica no Brasil', 'Público alvo: Engenharia Elétrica', '2018-06-28 08:30:00', '2018-06-28 10:00:00', '02:00:00', 4, NULL, 16, 'Prof. Guilherme Silva / Eng. Breno Barrera');
INSERT INTO `cecalegr_sacta`.`atividades` (`idatividade`, `nome`, `descricao`, `inicio`, `fim`, `cargaHoraria`, `idtipoAtividade`, `idintervaloAtividade`, `idlocalAtividade`, `ministrante`) VALUES (42, 'Minicurso Análise de Falhas de Componentes Mecânicos', 'Público alvo: Engenharia Mecânica', '2018-06-28 08:30:00', '2018-06-28 10:00:00', '02:00:00', 3, NULL, 2, 'Isadora Goss, José Marcelo e Ricardo Schneiders');
INSERT INTO `cecalegr_sacta`.`atividades` (`idatividade`, `nome`, `descricao`, `inicio`, `fim`, `cargaHoraria`, `idtipoAtividade`, `idintervaloAtividade`, `idlocalAtividade`, `ministrante`) VALUES (43, 'Mesa Redonda Geração Distribuída - Energia Fotovoltaica no Brasil', 'Público alvo: Engenharia Elétrica', '2018-06-28 10:30:00', '2018-06-28 12:00:00', '02:00:00', 5, NULL, 16, 'Prof. Guilherme Silva / Eng. Breno Barrera');
INSERT INTO `cecalegr_sacta`.`atividades` (`idatividade`, `nome`, `descricao`, `inicio`, `fim`, `cargaHoraria`, `idtipoAtividade`, `idintervaloAtividade`, `idlocalAtividade`, `ministrante`) VALUES (44, 'Obra do Consorcio de Revitalização do Arroio do Regalado', 'Público alvo: Engenharia Civil', '2018-06-28 10:30:00', '2018-06-28 12:00:00', '02:00:00', 4, NULL, 1, 'Carlos Alexandre / Alisson Cooper / João Maria');
INSERT INTO `cecalegr_sacta`.`atividades` (`idatividade`, `nome`, `descricao`, `inicio`, `fim`, `cargaHoraria`, `idtipoAtividade`, `idintervaloAtividade`, `idlocalAtividade`, `ministrante`) VALUES (45, '	Redes Elétricas Inteligentes', 'Público alvo: Engenharia Elétrica', '2018-06-28 14:00:00', '2018-06-28 15:30:00', '02:00:00', 4, NULL, 15, 'Prof. Dr. Eng. Mauricio Sperandio');
INSERT INTO `cecalegr_sacta`.`atividades` (`idatividade`, `nome`, `descricao`, `inicio`, `fim`, `cargaHoraria`, `idtipoAtividade`, `idintervaloAtividade`, `idlocalAtividade`, `ministrante`) VALUES (46, 'Capitalismo Consciente', 'Público alvo: Livre', '2018-06-28 14:00:00', '2018-06-28 15:30:00', '02:00:00', 4, NULL, 1, 'Thomas Eckschmidt');
INSERT INTO `cecalegr_sacta`.`atividades` (`idatividade`, `nome`, `descricao`, `inicio`, `fim`, `cargaHoraria`, `idtipoAtividade`, `idintervaloAtividade`, `idlocalAtividade`, `ministrante`) VALUES (47, 'Métodos avançados para diagnóstico em energia', 'Público alvo: Engenharia Mecânica', '2018-06-28 14:00:00', '2018-06-28 15:30:00', '02:00:00', 4, NULL, 11, 'Nattan Caetano');
INSERT INTO `cecalegr_sacta`.`atividades` (`idatividade`, `nome`, `descricao`, `inicio`, `fim`, `cargaHoraria`, `idtipoAtividade`, `idintervaloAtividade`, `idlocalAtividade`, `ministrante`) VALUES (48, 'desenho mecânico (solid works) para iniciantes', 'Público alvo: Engenharia Mecânica (CALOUROS)', '2018-06-28 14:00:00', '2018-06-28 18:00:00', '04:00:00', 3, 16, 4, 'Nathalia Silva');
INSERT INTO `cecalegr_sacta`.`atividades` (`idatividade`, `nome`, `descricao`, `inicio`, `fim`, `cargaHoraria`, `idtipoAtividade`, `idintervaloAtividade`, `idlocalAtividade`, `ministrante`) VALUES (49, 'Aprovação de Projetos na Prefeitura', 'Público alvo: Engenharia Civil', '2018-06-28 14:00:00', '2018-06-28 15:30:00', '02:00:00', 4, NULL, 6, 'Danieli Pozzebon');
INSERT INTO `cecalegr_sacta`.`atividades` (`idatividade`, `nome`, `descricao`, `inicio`, `fim`, `cargaHoraria`, `idtipoAtividade`, `idintervaloAtividade`, `idlocalAtividade`, `ministrante`) VALUES (50, 'IEEE UFSM - Ramo Estudantil', 'Público alvo: Engenharia Elétrica', '2018-06-28 16:00:00', '2018-06-28 18:00:00', '02:00:00', 4, NULL, 6, 'Alunos UFSM');
INSERT INTO `cecalegr_sacta`.`atividades` (`idatividade`, `nome`, `descricao`, `inicio`, `fim`, `cargaHoraria`, `idtipoAtividade`, `idintervaloAtividade`, `idlocalAtividade`, `ministrante`) VALUES (51, 'Minicurso Latex Intermediário: Apresentações, gráficos e imagens (TIKZ) - 30 vagas pré-requisito Lat', 'Público alvo: Livre', '2018-06-28 16:00:00', '2018-06-28 18:00:00', '02:00:00', 3, NULL, 2, 'Victor Israel, Diogo Deus e Cristian Muller');
INSERT INTO `cecalegr_sacta`.`atividades` (`idatividade`, `nome`, `descricao`, `inicio`, `fim`, `cargaHoraria`, `idtipoAtividade`, `idintervaloAtividade`, `idlocalAtividade`, `ministrante`) VALUES (52, 'Cultura norte americana', 'Público alvo: Livre', '2018-06-28 16:00:00', '2018-06-28 18:00:00', '02:00:00', 4, NULL, 11, '5 estudantes em intercâmbio');
INSERT INTO `cecalegr_sacta`.`atividades` (`idatividade`, `nome`, `descricao`, `inicio`, `fim`, `cargaHoraria`, `idtipoAtividade`, `idintervaloAtividade`, `idlocalAtividade`, `ministrante`) VALUES (53, 'Empreendedorismo', 'Público alvo: Livre', '2018-06-28 16:00:00', '2018-06-28 18:00:00', '02:00:00', 3, NULL, 1, 'Onélio Pilleco');
INSERT INTO `cecalegr_sacta`.`atividades` (`idatividade`, `nome`, `descricao`, `inicio`, `fim`, `cargaHoraria`, `idtipoAtividade`, `idintervaloAtividade`, `idlocalAtividade`, `ministrante`) VALUES (54, 'Minicurso Ferramenta Netlogo para simulação de Agentes', 'Público alvo: Ciência da Computação - Engenharia de Software', '2018-06-28 19:00:00', '2018-06-28 22:30:00', '04:00:00', 3, 18, 4, 'Celso Nobre');
INSERT INTO `cecalegr_sacta`.`atividades` (`idatividade`, `nome`, `descricao`, `inicio`, `fim`, `cargaHoraria`, `idtipoAtividade`, `idintervaloAtividade`, `idlocalAtividade`, `ministrante`) VALUES (55, 'Oficina Currículo Lattes e Classificação de Periodicos', 'Público alvo: Engenharia Civil', '2018-06-28 19:00:00', '2018-06-28 20:30:00', '02:00:00', 3, NULL, 2, 'Marco Tier');
INSERT INTO `cecalegr_sacta`.`atividades` (`idatividade`, `nome`, `descricao`, `inicio`, `fim`, `cargaHoraria`, `idtipoAtividade`, `idintervaloAtividade`, `idlocalAtividade`, `ministrante`) VALUES (56, 'Investimento Anjo', 'Público alvo: Livre', '2018-06-28 21:00:00', '2018-06-28 22:30:00', '02:00:00', 4, NULL, 1, 'Advogado Luiz Garrido Giulliano Tozzi');
INSERT INTO `cecalegr_sacta`.`atividades` (`idatividade`, `nome`, `descricao`, `inicio`, `fim`, `cargaHoraria`, `idtipoAtividade`, `idintervaloAtividade`, `idlocalAtividade`, `ministrante`) VALUES (57, 'OpenDSS - Fluxo de potência em redes de distribuição – Modelos Avançados para', 'Público alvo: Engenharia Elétrica', '2018-06-29 08:30:00', '2018-06-29 12:00:00', '04:00:00', 3, 19, 2, 'Henrique Eichkoff, João Machiavelli, Ana Paula Mello');
INSERT INTO `cecalegr_sacta`.`atividades` (`idatividade`, `nome`, `descricao`, `inicio`, `fim`, `cargaHoraria`, `idtipoAtividade`, `idintervaloAtividade`, `idlocalAtividade`, `ministrante`) VALUES (58, 'Palestra com aLgcom', 'Público alvo: Engenharia Elétrica - Engenharia de Telecomunicações', '2018-06-29 14:00:00', '2018-06-29 15:30:00', '02:00:00', 4, NULL, 1, 'Willian');
INSERT INTO `cecalegr_sacta`.`atividades` (`idatividade`, `nome`, `descricao`, `inicio`, `fim`, `cargaHoraria`, `idtipoAtividade`, `idintervaloAtividade`, `idlocalAtividade`, `ministrante`) VALUES (59, 'Pesquisas desenvolvidas na Eng MEC', 'Público alvo: Engenharia Mecânica', '2018-06-29 14:00:00', '2018-06-29 15:30:00', '02:00:00', 4, NULL, 6, 'Fernando Hendges, Isadora Goss e Yuri Salvador');
INSERT INTO `cecalegr_sacta`.`atividades` (`idatividade`, `nome`, `descricao`, `inicio`, `fim`, `cargaHoraria`, `idtipoAtividade`, `idintervaloAtividade`, `idlocalAtividade`, `ministrante`) VALUES (60, 'OpenDSS - Fluxo de potência em redes de distribuição – Modelos Avançados para', 'Público alvo: Engenharia Elétrica', '2018-06-29 14:00:00', '2018-06-29 18:00:00', '04:00:00', 3, 21, 2, '	Henrique Eichkoff, João Machiavelli, Ana Paula Mello');
INSERT INTO `cecalegr_sacta`.`atividades` (`idatividade`, `nome`, `descricao`, `inicio`, `fim`, `cargaHoraria`, `idtipoAtividade`, `idintervaloAtividade`, `idlocalAtividade`, `ministrante`) VALUES (61, 'Minicurso Simulink', 'Público alvo: Engenharia Elétrica', '2018-06-29 14:00:00', '2018-06-29 18:00:00', '04:00:00', 3, 21, 4, 'Prof. Guilherme Silva');
INSERT INTO `cecalegr_sacta`.`atividades` (`idatividade`, `nome`, `descricao`, `inicio`, `fim`, `cargaHoraria`, `idtipoAtividade`, `idintervaloAtividade`, `idlocalAtividade`, `ministrante`) VALUES (62, 'Implantação Rodoviária de travessia Urbana BR-487', 'Público alvo: Engenharia Civil', '2018-06-29 14:00:00', '2018-06-29 15:30:00', '02:00:00', 4, NULL, 15, 'Maurício Savoldi');
INSERT INTO `cecalegr_sacta`.`atividades` (`idatividade`, `nome`, `descricao`, `inicio`, `fim`, `cargaHoraria`, `idtipoAtividade`, `idintervaloAtividade`, `idlocalAtividade`, `ministrante`) VALUES (63, 'Nova Ponte do Guaíba', 'Público alvo: Engenharia Civil', '2018-06-29 16:00:00', '2018-06-29 18:00:00', '02:00:00', 4, NULL, 1, 'Hiratan Pinheiro da Silva');
INSERT INTO `cecalegr_sacta`.`atividades` (`idatividade`, `nome`, `descricao`, `inicio`, `fim`, `cargaHoraria`, `idtipoAtividade`, `idintervaloAtividade`, `idlocalAtividade`, `ministrante`) VALUES (64, 'Equações diferenciais, Geometria Analítica e Modelo computacional para viagens espaciais', 'Público alvo: Ciência da Computação - Engenharia de Software', '2018-06-29 16:00:00', '2018-06-29 18:00:00', '02:00:00', 4, NULL, 6, 'Celso Nobre');
INSERT INTO `cecalegr_sacta`.`atividades` (`idatividade`, `nome`, `descricao`, `inicio`, `fim`, `cargaHoraria`, `idtipoAtividade`, `idintervaloAtividade`, `idlocalAtividade`, `ministrante`) VALUES (65, 'Relato de experiência de estágio', 'Público alvo: Engenharia Mecânica', '2018-06-29 16:00:00', '2018-06-29 18:00:00', '02:00:00', 4, NULL, 11, 'Hortência Noronha, Anderson Silva e Renato Panziera');
INSERT INTO `cecalegr_sacta`.`atividades` (`idatividade`, `nome`, `descricao`, `inicio`, `fim`, `cargaHoraria`, `idtipoAtividade`, `idintervaloAtividade`, `idlocalAtividade`, `ministrante`) VALUES (66, 'Testes automatizados utilizando Cucumber e Ruby (30 vagas)', 'Público alvo: Ciência da Computação - Engenharia de Software', '2018-06-29 19:00:00', '2018-06-29 22:30:00', '04:00:00', 3, 23, 4, 'Yury Alencar');
INSERT INTO `cecalegr_sacta`.`atividades` (`idatividade`, `nome`, `descricao`, `inicio`, `fim`, `cargaHoraria`, `idtipoAtividade`, `idintervaloAtividade`, `idlocalAtividade`, `ministrante`) VALUES (67, 'Relato de egresso da Unipampa', 'Público alvo: Ciência da Computação - Engenharia de Software', '2018-06-29 19:00:00', '2018-06-29 20:30:00', '02:00:00', 4, NULL, 11, 'Prof. Marcelo Caggiani');
INSERT INTO `cecalegr_sacta`.`atividades` (`idatividade`, `nome`, `descricao`, `inicio`, `fim`, `cargaHoraria`, `idtipoAtividade`, `idintervaloAtividade`, `idlocalAtividade`, `ministrante`) VALUES (68, 'Nanotecnologias em Materiais', 'Público alvo: Engenharia Civil', '2018-06-29 19:00:00', '2018-06-29 20:30:00', '02:00:00', 4, NULL, 1, 'Aldo Temp');

COMMIT;

